date,product_id,product_name,category,business_type,unit_of_measure,opening_stock,units_sold,shrinkage_units,units_restocked,closing_stock,unit_cost_kes,selling_price_kes,supplier_name,supplier_county,supplier_lead_days,reorder_level,is_holiday,is_weekend
2026-04-30,PRD014,DAP Fertiliser 50kg,Fertilisers,Agrovet,bag,36.0,16.0,1,32,51,3800,,MEA Fertilisers,Nairob,7,5,0,0
2024-06-24,PRD008,Royco Mchuzi Mix 75g,seasonings,Mini Sup.,pck,24.0,2.0,3,0,19,42,55.0,Unilever Kenya,nairobi,3,35,0,0
2024-11-11,PRD004,KCC Butter 250g,Dairy,Mini Supermarket,piece,52.0,15.0,1,53,89,210,260.0,Brookside Dairy Ltd,kiambu,2,15,0,0
2025-01-07,PRD002,Pembe Unga 1kg,Flour & Grains,Mini Supermarket,Bag,43.0,10.0,1,0,32,78,95.0,Unga Ltd Nairobi,NAIROBI,3,25,0,0
2024-11-09,PRD008,Royco Mchuzi Mix 75g,Seasonings,Mini Supermarket,Pack,112.0,10.0,1,0,101,42,55.0,Unilever Kenya,nairobi,3,35,0,1
2024-01-09,PRD011,ORS Sachets x6,rehydration,Pharmacy,Pack,26.0,12.0,0,0,14,35,60.0,Dawa Ltd,nairobi,2,50,0,0
2024-02-22,PRD002,Pembe Unga 1kg,Flour & Grains,Mini Supermarket,BAG,28.0,6.0,2,0,20,78,95.0,Unga Ltd Nairobi,nairobi,3,25,0,0
2025-07-31,PRD012,Dettol Antiseptic 100ml,Antiseptics,Pharmacy,Bottle,110.0,27.0,2,13,94,145,200.0,Reckitt Kenya,NAIROBI,3,20,0,0
10-01-2024,PRD013,Malaria RDT Kit,Diagnostics,Pharmacy,PCS,98.0,35.0,3,37,79,120,200.0,Medipharm Ltd,Nairobi ,4,25,0,0
02/04/2026,PRD018,Drenching Gun Dewormer,Veterinary,Agrovet,Bottle,9.0,8.0,3,0,0,480,650.0,Interchemie Kenya,nairobi,4,8,0,0
2024-05-12,PRD012,  Dettol Antiseptic 100ml  ,Antiseptics,Pharmacy,Bottle,26.0,3.0,2,0,21,145,200.0,Reckitt Kenya,NAIROBI,3,20,0,1
2024-05-31,PRD004,KCC Butter 250g,Dairy,Mini Supermarket,PCS,97.0,18.0,0,0,79,210,260.0,Brookside Dairy Ltd,kiambu,2,15,0,0
2026-04-30,PRD002,Pembe Unga 1kg,Flour & Grains,Mini Supermarket,Bags,64.0,31.0,3,0,30,78,95.0,Unga Ltd Nairobi,NAIROBI,3,25,0,0
2026-04-14,PRD001,Unga Jogoo 2kg,Flour & Grains,Mini Supermarket,bag,69.0,24.0,2,0,43,145,175.0,Unga Ltd Nairobi,Nairobi ,3,30,0,0
2025-02-22,PRD003,Brookside Milk 500ml,Dairy,Mini Supermarket,piece,33.0,-32.0,3,0,0,55,70.0,Brookside Dairy Ltd,Kiambu ,2,40,0,1
2024-07-26,PRD017,Newcastle Vaccine 100dos,Veterinary,Agrovet,VIAL,39.0,26.0,0,0,13,250,400.0,Interchemie Kenya,Nairob,4,10,0,0
2025-12-15,PRD007,Omo Washing Powder 1kg,Detergents,Mini Supermarket,pack,,0.0,2,0,51,295,,Bidco Africa Mombasa Rd,Nairob,3,12,0,0
2025-10-23,PRD019,Infinix Charger 33W,Accessories,Electronics,PCS,41.0,39.0,3,0,0,380,650.0,,NAIROBI,2,10,0,0
2024-02-12,PRD015,CAN Fertiliser 50kg,Fertilisers,Agrovet,BAG,62.0,32.0,1,0,29,3200,3900.0,MEA Fertilisers,NAIROBI,7,5,0,0
2024-01-13,PRD008,Royco Mchuzi Mix 75g,Seasonings,Mini Supermarket,Pack,,26.0,1,0,91,42,55.0,Unilever Kenya,nairobi,3,35,0,1
2025-01-26,PRD019,  Infinix Charger 33W  ,Accessories,Electronics,PCS,94.0,25.0,3,0,66,380,650.0,Luthuli Ave Wholesale,NAIROBI,2,10,0,1
2024-03-05,PRD010,Amoxicillin 250mg x6,Antibiotics,Pharmacy,Strips,43.0,10.0,1,0,32,55,90.0,Cosmos Pharmaceuticals,NAIROBI,3,40,0,0
2024-12-23,PRD013,Malaria RDT Kit,Diagnostics,Pharmcy,PCS,14.0,6.0,1,0,7,120,200.0,Medipharm Ltd,Nairobi ,4,25,0,0
2024-05-29,PRD006,  Salit Sugar 1kg  ,Sugar & Spices,Mini Sup.,Bag ,113.0,16.0,0,0,97,135,160.0,Mumias Sugar Distributor,Kisumu,5,30,0,0
2026-04-18,PRD006,  Salit Sugar 1kg  ,Sugar & Spices,Mini Supermarket,Bag ,101.0,27.0,0,0,90,135,160.0,Mumias Sugar Distributor,Kisumu,5,30,0,1
2025-07-07,PRD013,Malaria RDT Kit,Diagnostics,Pharmacy,PCS,5.0,1.0,2,0,-10,120,,,Nairobi ,4,25,0,0
2025-11-29,PRD012,  Dettol Antiseptic 100ml  ,Antiseptics,Pharmacy,Bottle,96.0,13.0,1,0,82,145,200.0,,NAIROBI,3,20,0,1
2026-03-04,PRD013,Malaria RDT Kit,Diagnostics,Pharmacy,PCS,41.0,37.0,2,0,2,120,200.0,Medipharm Ltd,Nairobi ,4,25,0,0
2024-12-08,PRD007,Omo Washing Powder 1kg,Detergents,MINI SUPERMARKET,pack,108.0,,0,0,77,295,398.25,Bidco Africa Mombasa Rd,Nairob,3,12,0,1
2024-09-20,PRD006,Salit Sugar 1kg,Sugar & Spices,Mini Supermarket,Bag,110.0,20.0,2,53,141,135,160.0,   ,Kisumu,5,30,0,0
2024-03-01,PRD008,Royco Mchuzi Mix 75g,Seasonings,Mini Supermarket,Pack,72.0,23.0,3,0,46,42,55.0,Unilever Kenya,nairobi,3,35,0,0
2024-04-13,PRD016,Maize Seed 2kg,Seeds,Agrovet,PACK,106.0,25.0,2,0,79,380,520.0,Kenya Seed Company,Nakurru,5,15,0,1
2024-10-15,PRD018,Drenching Gun Dewormer,VETERINARY,Agrovet,Bottle,80.0,6.0,1,0,73,480,650.0,Interchemie Kenya,nairobi,4,8,0,0
2026-02-26,PRD018,Drenching Gun Dewormer,Veterinary,Agrovet,Bottle,26.0,2.0,1,62,85,480,650.0,Interchemie Kenya,nairobi,4,8,0,0
2025-05-04,PRD007,Omo Washing Powder 1kg,Detergents,Mini Supermarket,pack,8.0,7.0,2,0,0,295,398.25,Bidco Africa Mombasa Rd,Nairob,3,12,0,1
2025-06-30,PRD003,Brookside Milk 500ml,Dairy,Mini Supermarket,piece,85.0,-34.0,0,16,67,55,70.0,Brookside Dairy Ltd,Kiambu ,2,40,0,0
2024-04-28,PRD017,Newcastle Vaccine 100dos,Veterinary,Agrovet,VIAL,119.0,5.0,2,0,112,250,400.0,Interchemie Kenya,Nairob,4,10,0,1
2024-07-17,PRD006,Salit Sugar 1kg,Sugar & Spices,Mini Supermarket,Bag ,67.0,30.0,1,28,64,135,160.0,Mumias Sugar Distributor,Kisumu,5,30,0,0
2026-03-02,PRD005,Elianto Cooking Oil 1L,Oils & Fats,Mini Supermarket,btl,47.0,32.0,1,0,14,230,280.0,Kapa Oil Refineries,Nairobi,4,20,0,0
2025-12-23,PRD005,Elianto Cooking Oil 1L,Oils & Fats,Mini Supermarket,btl,66.0,12.0,2,0,52,230,280.0,Kapa Oil Refineries,Nairobi,4,20,0,0
2024-10-12,PRD003,Brookside Milk 500ml,Dairy,Mini Supermarket,piece,49.0,4.0,0,0,45,55,70.0,Brookside Dairy Ltd,Kiambu ,2,40,0,1
2024-06-16,PRD006,Salit Sugar 1kg,Sugar & Spices,Mini Supermarket,Bag ,14.0,8.0,1,0,5,135,160.0,Mumias Sugar Distributor,Kisumu,5,30,0,1
2024-03-23,PRD006,Salit Sugar 1kg,Sugar & Spices,MINI SUPERMARKET,Bag ,-103.0,20.0,1,0,82,135,160.0,Mumias Sugar Distributor,Kisumu,5,30,0,1
2025-09-29,PRD019,Infinix Charger 33W,Accessories,Electronics,PCS,35.0,,1,21,20,380,650.0,Luthuli Ave Wholesale,NAIROBI,2,10,0,0
02/01/2025,PRD014,DAP Fertiliser 50kg,Fertilisers,Agrovet,Bag,69.0,6.0,1,48,110,3800,4500.0,MEA Fertilisers,Nairob,7,5,0,0
2024-05-07,PRD014,DAP Fertiliser 50kg,Fertilisers,Agrovet,bag,9.0,9.0,1,0,0,3800,4500.0,MEA Fertilisers,Nairob,7,5,0,0
2025-03-18,PRD001,  Unga Jogoo 2kg  ,Flour & Grains,Mini Supermarket,bag,53.0,18.0,1,0,34,145,175.0,Unga Ltd Nairobi,,3,30,0,0
2024-03-09,PRD007,Omo Washing Powder 1kg,Detergents,Mini Supermarket,pack,29.0,11.0,2,64,80,295,398.25,   ,Nairob,3,12,0,1
2024-10-08,PRD020,Earphones Generic,Accessories,Electronics,piece,87.0,13.0,3,0,71,150,300.0,,NAIROBI,2,12,0,0
2025-07-05,PRD006,Salit Sugar 1kg,Sugar & Spices,Mini Supermarket,BAG,75.0,37.0,2,0,36,135,160.0,Mumias Sugar Distributor,Kisumu,5,30,0,1
2024-10-08,PRD015,CAN Fertiliser 50kg,Fertilisers,Agrovet,BAG,112.0,23.0,2,0,87,3200,3900.0,MEA Fertilisers,,7,5,0,0
2025-05-11,PRD019,Infinix Charger 33W,Accessories,Electronics,PCS,92.0,24.0,3,0,65,380,650.0,Luthuli Ave Wholesale,NAIROBI,2,10,0,1
29-May-2024,PRD016,Maize Seed 2kg,Seeds,Agrovett,PACK,78.0,35.0,2,40,81,380,520.0,Kenya Seed Company,Nakurru,5,15,0,0
2024-06-24,PRD016,Maize Seed 2kg,Seeds,Agrovet,PACK,72.0,5.0,0,0,67,380,520.0,Kenya Seed Company,Nakurru,5,15,0,0
2026-02-02,PRD009,Paracetamol 500mg x10,Analgesics,Pharmacy,Strips,81.0,5.0,2,0,87,18,,Shelys Pharmaceuticals,Nairobi ,2,60,0,0
2025-08-20,PRD018,Drenching Gun Dewormer,Veterinary,Agrovet,Bottle,23.0,19.0,3,0,1,480,650.0,Interchemie Kenya,nairobi,4,8,0,0
2024-04-19,PRD004,KCC Butter 250g,Dairy,Mini Supermarket,piece,107.0,25.0,2,0,80,210,260.0,Brookside Dairy Ltd,kiambu,2,15,0,0
2025-12-10,PRD019,Infinix Charger 33W,Accessories,Electronics,PCS,24.0,2.0,3,0,19,380,650.0,Luthuli Ave Wholesale,NAIROBI,2,10,0,0
2025-02-23,PRD004,KCC Butter 250g,Dairy,Mini Supermarket,PCS,112.0,36.0,2,0,74,210,260.0,Brookside Dairy Ltd,kiambu,2,15,0,1
2026-02-03,PRD007,Omo Washing Powder 1kg,Detergents,Mini Supermarket,pack,50.0,9.0,2,0,39,295,398.25,Bidco Africa Mombasa Rd,Nairob,3,12,0,0
2024-12-23,PRD004,KCC Butter 250g,DAIRY,Mini Supermarket,piece,87.0,2.0,1,10,75,210,260.0,Brookside Dairy Ltd,kiambu,2,15,0,0
2026-03-26,PRD004,  KCC Butter 250g  ,Dairy,Mini Supermarket,piece,28.0,21.0,3,0,4,210,260.0,Brookside Dairy Ltd,kiambu,2,15,0,0
2024-10-20,PRD011,ORS Sachets x6,Rehydration,Pharmacy,Pack,77.0,14.0,2,2,63,35,60.0,   ,nairobi,2,50,0,1
10/17/2024,PRD002,  Pembe Unga 1kg  ,Flour & Grains,mini supermarket,BAG,-83.0,32.0,2,0,49,78,95.0,Unga Ltd Nairobi,NAIROBI,3,25,0,0
2024-11-08,PRD003,Brookside Milk 500ml,Dairy,Mini Supermarket,piece,104.0,20.0,3,0,81,55,70.0,Brookside Dairy Ltd,Kiambu ,2,40,0,0
2024-09-23,PRD008,Royco Mchuzi Mix 75g,Seasonings,Mini Supermarket,Pack,14.0,1.0,0,30,43,42,1642.0064439108123,Unilever Kenya,nairobi,3,35,0,0
2025-03-20,PRD020,Earphones Generic,Accessories,Electronics,PCS,93.0,27.0,3,0,63,150,300.0,,NAIROBI,2,12,0,0
2024-08-31,PRD020,Earphones Generic,Accessories,Electronics,PCS,50.0,10.0,0,0,24,150,300.0,,NAIROBI,2,12,0,1
2025-04-30,PRD019,Infinix Charger 33W,Accessories,Electronics,PCS,22.0,,3,0,15,380,19405.530700764146,Luthuli Ave Wholesale,NAIROBI,2,10,0,0
2025-02-28,PRD010,Amoxicillin 250mg x6,Antibiotics,Pharmacy,Strips,,14.0,0,0,86,55,90.0,Cosmos Pharmaceuticals,NAIROBI,3,40,0,0
2024-07-03,PRD011,ORS Sachets x6,rehydration,Pharmacy,pck,30.0,-3.0,3,4,28,35,60.0,Dawa Ltd,nairobi,2,50,0,0
2025-07-28,PRD001,Unga Jogoo 2kg,Flour & Grains,Mini Supermarket,bag,19.0,14.0,2,68,71,145,175.0,Unga Ltd Nairobi,Nairobi ,3,30,0,0
2025-01-28,PRD019,Infinix Charger 33W,Accessories,Electronics,PCS,43.0,21.0,3,66,85,380,650.0,Luthuli Ave Wholesale,NAIROBI,2,10,0,0
2025-01-04,PRD015,CAN Fertiliser 50kg,Fertilisers,Agrovet,BAG,92.0,26.0,3,0,63,3200,3900.0,MEA Fertilisers,NAIROBI,7,5,0,1
2025-02-27,PRD008,Royco Mchuzi Mix 75g,Seasonings,Mini Supermarket,Pack,111.0,29.0,2,0,63,42,55.0,Unilever Kenya,nairobi,3,35,0,0
2024-06-19,PRD014,DAP Fertiliser 50kg,Fertilisers,Agrovet,bag,107.0,15.0,3,0,89,3800,4500.0,MEA Fertilisers,,7,5,0,0
2026-04-24,PRD019,Infinix Charger 33W,Accessories,Electronics,PCS,19.0,15.0,0,0,4,380,650.0,Luthuli Ave Wholesale,NAIROBI,2,10,0,0
2025-12-29,PRD008,Royco Mchuzi Mix 75g,Seasonings,Mini Supermarket,Pack,9.0,4.0,2,52,55,42,55.0,Unilever Kenya,nairobi,3,35,0,0
2025-04-11,PRD003,Brookside Milk 500ml,Dairy,Mini Supermarket,piece,86.0,4.0,1,0,81,55,70.0,,Kiambu ,2,40,0,0
2025-06-24,PRD002,Pembe Unga 1kg,Flour & Grains,Mini Supermarket,BAG,15.0,7.0,0,0,20,78,95.0,Unga Ltd Nairobi,NAIROBI,3,25,0,0
2024-12-09,PRD013,Malaria RDT Kit,diagnostics,Pharmacy,piece,45.0,5.0,0,30,70,120,200.0,Medipharm Ltd,Nairobi ,4,25,0,0
2025-02-26,PRD018,Drenching Gun Dewormer,Veterinary,Agrovet,Bottle,54.0,20.0,1,0,33,480,650.0,Interchemie Kenya,nairobi,4,8,0,0
2024-06-01,PRD010,Amoxicillin 250mg x6,Antibiotics,Pharmacy,Strips,,4.0,1,0,71,55,90.0,Cosmos Pharmaceuticals,NAIROBI,3,40,0,1
14/10/2024,PRD016,Maize Seed 2kg,Seeds,Agrovet,PACK,53.0,16.0,0,12,49,380,15524.424560611316,   ,Nakurru,5,15,0,0
2024-01-26,PRD008,Royco Mchuzi Mix 75g,Seasonings,Mini Supermarket,Pack,52.0,30.0,2,0,20,42,,Unilever Kenya,nairobi,3,35,0,0
2024-03-13,PRD017,Newcastle Vaccine 100dos,Veterinary,Agrovet,VIAL,15.0,11.0,3,0,1,250,400.0,Interchemie Kenya,Nairob,4,10,0,0
2025-06-13,PRD008,  Royco Mchuzi Mix 75g  ,Seasonings,Mini Supermarket,Pack,48.0,5.0,3,0,40,42,55.0,Unilever Kenya,nairobi,3,35,0,0
2024-09-16,PRD013,Malaria RDT Kit,Diagnostics,Pharamcy,PCS,,37.0,2,0,72,120,200.0,   ,Nairobi ,4,25,0,0
2024-09-18,PRD007,Omo Washing Powder 1kg,Detergents,MINI SUPERMARKET,pack,,7.0,1,0,84,295,398.25,Bidco Africa Mombasa Rd,Nairob,3,12,0,0
2025-01-10,PRD003,Brookside Milk 500ml,Dairy,Mini Supermarket,piece,74.0,-27.0,3,0,44,55,,Brookside Dairy Ltd,Kiambu ,2,40,0,0
2024-04-24,PRD013,Malaria RDT Kit,Diagnostics,Pharmacy,PCS,7.0,,0,0,0,120,200.0,Medipharm Ltd,NAIROBI ,4,25,0,0
2025-09-01,PRD007,Omo Washing Powder 1kg,Detergents,Mini Supermarket,pack,59.0,1.0,0,0,75,295,398.25,Bidco Africa Mombasa Rd,nairob,3,12,0,0
2024-01-31,PRD017,Newcastle Vaccine 100dos,Veterinary,Agrovet,VIAL,,40.0,3,0,17,250,400.0,,Nairob,4,10,0,0
2024-11-23,PRD014,DAP Fertiliser 50kg,Fertilisers,Agrovet,bag,106.0,0.0,3,0,103,3800,4500.0,MEA Fertilisers,Nairob,7,5,0,1
2024-02-24,PRD011,  ORS Sachets x6  ,Rehydration,Pharmacy,Pack,75.0,6.0,0,0,69,35,60.0,Dawa Ltd,nairobi,2,50,0,1
2025-03-06,PRD009,Paracetamol 500mg x10,Analgesics,Pharmacy,Strips,47.0,26.0,1,0,20,18,30.0,Shelys Pharmaceuticals,Nairobi ,2,60,0,0
2024-08-06,PRD002,Pembe Unga 1kg,Flour & Grains,Mini Supermarket,bag,,21.0,3,0,54,78,95.0,Unga Ltd Nairobi,NAIROBI,3,25,0,0
2024-06-09,PRD013,Malaria RDT Kit,diagnostics,Pharmacy,PCS,77.0,40.0,0,0,37,120,200.0,Medipharm Ltd,Nairobi ,4,25,0,1
2024-04-16,PRD019,Infinix Charger 33W,Accessories,Electronics,PCS,78.0,23.0,0,0,55,380,650.0,Luthuli Ave Wholesale,NAIROBI,2,10,0,0
2025-07-10,PRD019,Infinix Charger 33W,Accessories,Electronics,PCS,72.0,16.0,3,18,71,380,650.0,Luthuli Ave Wholesale,,2,10,0,0
2026-01-07,PRD011,ORS Sachets x6,Rehydration,Pharmacy,Pack,111.0,38.0,1,0,72,35,60.0,   ,nairobi,2,50,0,0
13/11/2025,PRD009,Paracetamol 500mg x10,Analgesics,Pharmacy,Strips,47.0,1.0,0,0,60,18,30.0,Shelys Pharmaceuticals,Nairobi ,2,60,0,0
2024-08-19,PRD004,KCC Butter 250g,Dairy,Mini Supermarket,piece,19.0,2.0,1,0,16,210,260.0,Brookside Dairy Ltd,kiambu,2,15,0,0
2024-09-15,PRD019,  Infinix Charger 33W  ,Accessories,Electronics,Pcs,,5.0,3,0,110,380,650.0,Luthuli Ave Wholesale,NAIROBI,2,10,0,1
2025-06-03,PRD019,Infinix Charger 33W,Accessories,Electronics,PCS,6.0,5.0,0,0,1,380,650.0,Luthuli Ave Wholesale,NAIROBI,2,10,0,0
12/06/2024,PRD002,Pembe Unga 1kg,flour & grains,Mini Supermarket,BAG,117.0,34.0,3,0,80,78,2836.192948573221,Unga Ltd Nairobi,NAIROBI,3,25,0,0
2025-01-08,PRD006,Salit Sugar 1kg,Sugar & Spices,Mini Supermarket,Bag ,111.0,8.0,3,0,100,135,160.0,Mumias Sugar Distributor,Kisumu,5,30,0,0
2024-04-09,PRD017,Newcastle Vaccine 100dos,Veterinary,AGROVET,VIAL,67.0,20.0,0,0,47,250,400.0,Interchemie Kenya,NAIROB,4,10,0,0
2025-08-05,PRD004,KCC Butter 250g,Dairy,Mini Supermarket,piece,78.0,0.0,1,0,77,210,260.0,Brookside Dairy Ltd,kiambu,2,15,0,0
"May 13, 2025",PRD020,Earphones Generic,Accessories,ELECTRONICS,PCS,29.0,20.0,3,27,33,150,300.0,,NAIROBI,2,12,0,0
2025-01-16,PRD011,ORS Sachets x6,Rehydration,Pharmacy,Pack,84.0,6.0,3,0,75,35,60.0,Dawa Ltd,Nairobi,2,50,0,0
2024-09-08,PRD007,Omo Washing Powder 1kg,Detergents,Mini Supermarket,pack,27.0,17.0,2,0,8,295,398.25,Bidco Africa Mombasa Rd,Nairob,3,12,0,1
2025-02-14,PRD019,Infinix Charger 33W,Accessories,Electronics,Pcs,,7.0,0,69,128,380,650.0,Luthuli Ave Wholesale,NAIROBI,2,10,0,0
2025-11-12,PRD018,Drenching Gun Dewormer,Veterinary,Agrovet,Bottle,7.0,-7.0,3,0,0,480,650.0,Interchemie Kenya,Nairobi,4,8,0,0
2025-10-27,PRD015,CAN Fertiliser 50kg,Fertilisers,Agrovet,BAG,75.0,9.0,0,0,66,3200,3900.0,MEA Fertilisers,Nairobi,7,5,0,0
2024-09-15,PRD008,Royco Mchuzi Mix 75g,Seasonings,Mini Supermarket,Pack,59.0,2.0,1,17,73,42,,,nairobi,3,35,1,1
2026-02-21,PRD010,Amoxicillin 250mg x6,Antibiotics,Pharmacy,Strips,102.0,19.0,2,0,81,55,90.0,Cosmos Pharmaceuticals,NAIROBI,3,40,0,1
2024-03-10,PRD009,Paracetamol 500mg x10,Analgesics,pharmacy,Strips,71.0,29.0,1,0,41,18,30.0,Shelys Pharmaceuticals,Nairobi ,2,60,0,1
2024-09-13,PRD011,ORS Sachets x6,Rehydration,Pharmacy,Pack,11.0,4.0,3,0,4,35,60.0,Dawa Ltd,nairobi,2,50,0,0
2024-01-20,PRD011,ORS Sachets x6,Rehydration,Pharmacy,Pack,90.0,33.0,2,0,55,35,60.0,Dawa Ltd,nairobi,2,50,0,1
12-Dec-2025,PRD011,ORS Sachets x6,Rehydration,Pharmacy,PACK,110.0,5.0,3,0,102,35,60.0,Dawa Ltd,nairobi,2,50,0,0
2025-05-30,PRD002,Pembe Unga 1kg,Flour & Grains,Mini Supermarket,BAG,53.0,24.0,0,0,29,78,95.0,,NAIROBI,3,25,0,0
2024-07-07,PRD014,DAP Fertiliser 50kg,Fertilisers,Agrovett,bag,22.0,8.0,2,0,12,3800,4500.0,MEA Fertilisers,Nairob,7,5,0,1
2024-12-09,PRD017,Newcastle Vaccine 100dos,Veterinary,Agrovet,VIAL,114.0,5.0,2,0,107,250,400.0,Interchemie Kenya,Nairob,4,10,0,0
2025-12-27,PRD003,Brookside Milk 500ml,Dairy,Mini Supermarket,piece,30.0,18.0,1,0,11,55,70.0,Brookside Dairy Ltd,Kiambu ,2,40,0,1
2024-06-10,PRD006,Salit Sugar 1kg,Sugar & Spices,Mini Supermarket,Bag ,73.0,32.0,0,16,57,135,160.0,Mumias Sugar Distributor,Kisumu,5,30,0,0
2024-03-12,PRD004,KCC Butter 250g,Dairy,Mini Supermarket,piece,106.0,17.0,2,69,156,210,260.0,Brookside Dairy Ltd,kiambu,2,15,0,0
2026-03-24,PRD006,Salit Sugar 1kg,sugar & spices,Mini Supermarket,Bag ,57.0,1.0,2,0,54,135,160.0,Mumias Sugar Distributor,Kisumu,5,30,0,0
2025-06-04,PRD015,CAN Fertiliser 50kg,Fertilisers,Agrovet,BAG,64.0,20.0,3,0,41,3200,3900.0,MEA Fertilisers,NAIROBI,7,5,0,0
2025-11-17,PRD005,Elianto Cooking Oil 1L,oils & fats,Mini Supermarket,btl,,3.0,2,0,16,230,280.0,Kapa Oil Refineries,Nairobi,4,20,0,0
2026-02-15,PRD015,CAN Fertiliser 50kg,Fertilisers,Agrovet,BAG,6.0,6.0,2,1,0,3200,3900.0,MEA Fertilisers,NAIROBI,7,5,0,1
2025-05-25,PRD012,Dettol Antiseptic 100ml,Antiseptics,Pharmacy,Bottle,58.0,29.0,3,0,26,145,200.0,,NAIROBI,3,20,0,1
2025-01-28,PRD013,  Malaria RDT Kit  ,Diagnostics,pharmacy,PCS,98.0,40.0,0,52,110,120,200.0,Medipharm Ltd,Nairobi ,4,25,0,0
2024-12-14,PRD006,Salit Sugar 1kg,Sugar & Spices,Mini Supermarkt,Bag ,34.0,7.0,1,0,26,135,160.0,Mumias Sugar Distributor,Kisumu,5,30,0,1
2024-05-26,PRD003,  Brookside Milk 500ml  ,Dairy,Mini Supermarket,piece,95.0,11.0,2,0,82,55,,Brookside Dairy Ltd,Kiambu ,2,40,0,1
2025-04-11,PRD014,DAP Fertiliser 50kg,fertilisers,Agrovet ,bag,87.0,19.0,2,0,66,3800,4500.0,MEA Fertilisers,Nairob,7,5,0,0
2025-05-19,PRD019,Infinix Charger 33W,Accessories,Electronics,PCS,67.0,16.0,0,0,51,380,650.0,Luthuli Ave Wholesale,NAIROBI,2,10,0,0
2025-05-30,PRD015,CAN Fertiliser 50kg,Fertilisers,Agrovet,BAG,7.0,4.0,3,60,60,3200,3900.0,MEA Fertilisers,NAIROBI,7,5,0,0
2025-09-13,PRD001,Unga Jogoo 2kg,Flour & Grains,Mini Supermarket,bag,23.0,14.0,3,0,6,145,175.0,Unga Ltd Nairobi,Nairobi ,3,30,0,1
2025-11-15,PRD005,Elianto Cooking Oil 1L,Oils & Fats,Mini Supermarket,btl,7.0,3.0,1,11,3,230,280.0,Kapa Oil Refineries,Nairobi,4,20,0,1
2024-07-06,PRD012,Dettol Antiseptic 100ml,Antiseptics,Pharmacy,Bottle,75.0,25.0,2,0,48,145,200.0,Reckitt Kenya,NAIROBI,3,20,0,1
2024-08-08,PRD011,ORS Sachets x6,Rehydration,Pharmacy,Pack,107.0,6.0,2,0,99,35,60.0,Dawa Ltd,NAIROBI,2,50,0,0
2024-10-18,PRD009,Paracetamol 500mg x10,Analgesics,Pharmacy,Strips,119.0,28.0,0,0,91,18,30.0,Shelys Pharmaceuticals,Nairobi ,2,60,0,0
2025-06-15,PRD005,Elianto Cooking Oil 1L,Oils & Fats,Mini Supermarket,btl,25.0,3.0,0,0,22,230,280.0,Kapa Oil Refineries,nairobi,4,20,0,1
2024-08-24,PRD009,Paracetamol 500mg x10,Analgesics,Pharmacy,Strips,62.0,39.0,2,0,21,18,30.0,Shelys Pharmaceuticals,Nairobi ,2,60,0,1
2025-03-27,PRD020,Earphones Generic,Accessories,Electronics,PCS,23.0,19.0,0,0,4,150,300.0,,Nairobi,2,12,0,0
2025-02-25,PRD006,Salit Sugar 1kg,Sugar & Spices,Mini Supermarket,Bag ,14.0,2.0,3,0,9,135,160.0,Mumias Sugar Distributor,Kisumu,5,30,0,0
2024-02-18,PRD007,Omo Washing Powder 1kg,Detergents,Mini Supermarket,pack,60.0,37.0,3,0,20,295,398.25,Bidco Africa Mombasa Rd,Nairob,3,12,0,1
2025-09-20,PRD004,KCC Butter 250g,Dairy,Mini Supermarket,piece,78.0,10.0,3,0,65,210,260.0,Brookside Dairy Ltd,kiambu,2,15,0,1
2024-10-31,PRD020,Earphones Generic,Accessories,Electronics,PCS,62.0,15.0,3,54,98,150,,,NAIROBI,2,12,0,0
2024-09-06,PRD019,Infinix Charger 33W,ACCESSORIES,Electronics,PCS,48.0,12.0,3,54,87,380,650.0,Luthuli Ave Wholesale,NAIROBI,2,10,0,0
2026-01-26,PRD003,Brookside Milk 500ml,Dairy,Mini Supermarket,piece,82.0,3.0,0,0,79,55,2089.8263831592158,Brookside Dairy Ltd,Kiambu ,2,40,0,0
2024-10-17,PRD018,Drenching Gun Dewormer,Veterinary,Agrovet,Bottle,95.0,28.0,2,41,106,480,650.0,Interchemie Kenya,nairobi,4,8,0,0
"Jul 12, 2024",PRD017,Newcastle Vaccine 100dos,Veterinary,Agrovet,VIAL,93.0,,3,0,89,250,400.0,Interchemie Kenya,Nairob,4,10,0,0
2025-11-25,PRD001,  Unga Jogoo 2kg  ,Flour & Grains,Mini Supermarket,bag,107.0,,2,0,68,145,175.0,Unga Ltd Nairobi,Nairobi ,3,30,0,0
2025-12-29,PRD019,Infinix Charger 33W,Accessories,Electronics,PCS,36.0,22.0,2,0,5,380,650.0,Luthuli Ave Wholesale,NAIROBI,2,10,0,0
2026-03-28,PRD012,Dettol Antiseptic 100ml,Antiseptics,Pharmacy,Bottle,33.0,-14.0,1,0,18,145,200.0,Reckitt Kenya,NAIROBI,3,20,0,1
2025-09-20,PRD016,Maize Seed 2kg,Seeds,Agrovet,PACK,33.0,14.0,2,0,17,380,,Kenya Seed Company,Nakurru,5,15,0,1
2025-09-27,PRD020,Earphones Generic,Accessories,Electronics,piece,84.0,5.0,0,0,79,150,300.0,,NAIROBI,2,12,0,1
2025-11-04,PRD014,DAP Fertiliser 50kg,Fertilisers,Agrovet,bag,64.0,21.0,1,0,42,3800,4500.0,MEA Fertilisers,,7,5,0,0
2025-11-22,PRD014,DAP Fertiliser 50kg,Fertilisers,Agrovet,bag,24.0,13.0,0,0,11,3800,4500.0,MEA Fertilisers,NAIROB,7,5,0,1
2025-08-30,PRD014,DAP Fertiliser 50kg,Fertilisers,Agrovet,bag,112.0,38.0,0,48,111,3800,4500.0,MEA Fertilisers,Nairob,7,5,0,1
2026-01-19,PRD005,  Elianto Cooking Oil 1L  ,Oils & Fats,Mini Supermarket,btl,117.0,13.0,1,0,103,230,280.0,Kapa Oil Refineries,Nairobi,4,20,0,0
2025-06-27,PRD016,Maize Seed 2kg,Seeds,Agrovet,PACK,40.0,27.0,3,11,21,380,520.0,Kenya Seed Company,nakurru,5,15,0,0
2024-09-19,PRD016,Maize Seed 2kg,Seeds,Agrovet,PACK,57.0,21.0,3,0,33,380,15524.424560611316,Kenya Seed Company,Nakurru,5,15,0,0
2025-06-10,PRD003,Brookside Milk 500ml,Dairy,Mini Supermarket,piece,63.0,18.0,1,0,44,55,70.0,Brookside Dairy Ltd,Kiambu ,2,40,0,0
2024-07-14,PRD008,Royco Mchuzi Mix 75g,Seasonings,Mini Supermarket,Pack,109.0,1.0,2,43,149,42,55.0,Unilever Kenya,nairobi,3,35,0,1
2026-04-07,PRD012,Dettol Antiseptic 100ml,Antiseptics,Pharmacy,Bottle,,,3,0,63,145,200.0,Reckitt Kenya,NAIROBI,3,20,0,0
2024-02-07,PRD003,Brookside Milk 500ml,Dairy,Mini Supermarket,piece,98.0,8.0,0,0,90,55,70.0,,kiambu ,2,40,0,0
2025-06-10,PRD020,Earphones Generic,Accessories,Electronics,PCS,40.0,29.0,2,77,86,150,300.0,,NAIROBI,2,12,0,0
2026-03-25,PRD003,Brookside Milk 500ml,Dairy,Mini Supermarket,piece,31.0,11.0,0,0,20,55,70.0,Brookside Dairy Ltd,KIAMBU ,2,40,0,0
08-Feb-2026,PRD005,Elianto Cooking Oil 1L,Oils & Fats,Mini Supermarket,btl,72.0,19.0,2,0,51,230,280.0,Kapa Oil Refineries,Nairobi,4,20,0,1
2024-03-18,PRD017,Newcastle Vaccine 100dos,Veterinary,Agrovet,VIAL,66.0,9.0,3,0,54,250,400.0,Interchemie Kenya,Nairob,4,10,0,0
2025-03-22,PRD019,Infinix Charger 33W,Accessories,Electronics,PCS,49.0,6.0,3,0,40,380,650.0,Luthuli Ave Wholesale,NAIROBI,2,10,0,1
2025-02-10,PRD020,Earphones Generic,Accessories,Electronics,PCS,77.0,34.0,0,0,43,150,300.0,,NAIROBI,2,12,0,0
2025-04-15,PRD007,Omo Washing Powder 1kg,Detergents,Mini Supermarket,pack,80.0,19.0,1,0,60,295,11889.619387045108,   ,Nairob,3,12,0,0
2024-11-27,PRD007,Omo Washing Powder 1kg,Detergents,MINI SUPERMARKET,pack,53.0,,3,0,26,295,398.25,Bidco Africa Mombasa Rd,Nairob,3,12,0,0
12/05/2025,PRD002,Pembe Unga 1kg,Flour & Grains,Mini Supermarket,BAG,66.0,34.0,1,48,79,78,95.0,Unga Ltd Nairobi,NAIROBI,3,25,0,0
2025-12-12,PRD004,KCC Butter 250g,Dairy,Mini Supermarket,piece,,38.0,0,0,30,210,260.0,Brookside Dairy Ltd,kiambu,2,15,0,0
2025-04-10,PRD011,ORS Sachets x6,Rehydration,Pharmacy,PACK,12.0,3.0,1,74,82,35,60.0,Dawa Ltd,nairobi,2,50,0,0
2024-05-09,PRD012,Dettol Antiseptic 100ml,Antiseptics,Pharmacy,Bottle,85.0,11.0,2,0,72,145,200.0,Reckitt Kenya,NAIROBI,3,20,0,0
2024-11-23,PRD005,Elianto Cooking Oil 1L,Oils & Fats,Mini Supermarket,Btl,6.0,0.0,2,0,4,230,280.0,Kapa Oil Refineries,Nairobi,4,20,0,1
2026-02-13,PRD018,Drenching Gun Dewormer,Veterinary,Agrovet,Bottle,70.0,6.0,2,0,62,480,650.0,Interchemie Kenya,nairobi,4,8,0,0
2025-02-02,PRD004,KCC Butter 250g,Dairy,Mini Supermarket,Pcs,57.0,29.0,0,0,28,210,260.0,Brookside Dairy Ltd,kiambu,2,15,1,1
2024-06-14,PRD017,Newcastle Vaccine 100dos,Veterinary,Agrovet,VIAL,107.0,33.0,2,76,148,250,400.0,Interchemie Kenya,Nairob,4,10,0,0
07/05/2025,PRD017,Newcastle Vaccine 100dos,Veterinary,Agrovet,VIAL,108.0,,3,0,89,250,400.0,Interchemie Kenya,Nairob,4,10,0,1
"Jul 23, 2025",PRD006,Salit Sugar 1kg,Sugar & Spices,Mini Supermarket,Bag ,101.0,36.0,1,21,85,135,160.0,Mumias Sugar Distributor,Kisumu,5,30,0,0
2026-03-12,PRD007,Omo Washing Powder 1kg,detergents,Mini Supermarket,pack,34.0,19.0,1,0,14,295,398.25,Bidco Africa Mombasa Rd,Nairob,3,12,0,0
2025-06-04,PRD014,DAP Fertiliser 50kg,Fertilisers,Agrovet,bag,58.0,1.0,1,0,56,3800,4500.0,MEA Fertilisers,Nairob,7,5,0,0
2025-10-29,PRD016,Maize Seed 2kg,Seeds,Agrovet,PACK,49.0,7.0,0,0,42,380,520.0,Kenya Seed Company,Nakurru,5,15,0,0
2026-03-22,PRD010,Amoxicillin 250mg x6,Antibiotics,Pharmacy,Strips,32.0,6.0,3,0,23,55,90.0,,Nairobi,3,40,0,1
2024-09-25,PRD002,  Pembe Unga 1kg  ,Flour & Grains,Mini Supermarket,BAG,18.0,10.0,1,58,65,78,95.0,Unga Ltd Nairobi,NAIROBI,3,25,0,0
2024-07-11,PRD008,Royco Mchuzi Mix 75g,Seasonings,Mini Supermarket,Pack,36.0,9.0,2,14,39,42,55.0,Unilever Kenya,nairobi,3,35,0,0
2025-09-26,PRD019,Infinix Charger 33W,Accessories,Electronics,PCS,113.0,14.0,3,0,96,380,650.0,Luthuli Ave Wholesale,NAIROBI,2,10,0,0
2025-04-21,PRD015,  CAN Fertiliser 50kg  ,Fertilisers,agrovet,Bag,45.0,26.0,1,11,29,3200,3900.0,MEA Fertilisers,NAIROBI,7,5,0,0
2024-02-19,PRD019,Infinix Charger 33W,Accessories,Electronics,PCS,115.0,40.0,2,8,81,380,650.0,Luthuli Ave Wholesale,NAIROBI,2,10,0,0
2025-09-24,PRD010,Amoxicillin 250mg x6,Antibiotics,Pharmacy,Strips,22.0,15.0,2,0,5,55,90.0,   ,NAIROBI,3,40,0,0
2025-07-21,PRD009,Paracetamol 500mg x10,Analgesics,Pharmacy,Strips,48.0,10.0,3,0,35,18,895.6398784968067,Shelys Pharmaceuticals,Nairobi ,2,60,0,0
2024-06-14,PRD008,Royco Mchuzi Mix 75g,Seasonings,Mini Supermarket,Pack,61.0,0.0,1,0,60,42,55.0,Unilever Kenya,nairobi,3,35,0,0
2024-05-04,PRD011,ORS Sachets x6,Rehydration,Pharmacy,Pack,112.0,3.0,1,6,114,35,60.0,Dawa Ltd,nairobi,2,50,0,1
2025-02-06,PRD010,Amoxicillin 250mg x6,Antibiotics,Pharmacy,Strips,55.0,3.0,0,0,52,55,90.0,Cosmos Pharmaceuticals,NAIROBI,3,40,0,0
2024-12-23,PRD015,CAN Fertiliser 50kg,Fertilisers,Agrovet,BAG,87.0,25.0,0,0,62,3200,3900.0,MEA Fertilisers,NAIROBI,7,5,0,0
2024-09-15,PRD013,Malaria RDT Kit,Diagnostics,Pharmacy,pcs,97.0,31.0,0,10,76,120,200.0,,Nairobi ,4,25,0,1
2025-02-09,PRD008,Royco Mchuzi Mix 75g,Seasonings,Mini Supermarket,Pack,112.0,1.0,1,0,110,42,55.0,Unilever Kenya,nairobi,3,35,0,1
2024-06-17,PRD013,Malaria RDT Kit,Diagnostics,Pharmacy,PCS,28.0,23.0,1,0,4,120,200.0,Medipharm Ltd,,4,25,0,0
2024-06-20,PRD020,Earphones Generic,Accessories,Electronics,Pcs,71.0,34.0,2,0,35,150,300.0,,NAIROBI,2,12,0,0
27-Apr-2025,PRD004,KCC Butter 250g,Dairy,Mini Supermarket,piece,20.0,17.0,2,44,45,210,260.0,Brookside Dairy Ltd,kiambu,2,15,0,1
2024-09-27,PRD013,Malaria RDT Kit,Diagnostics,Pharmacy,pcs,59.0,5.0,3,0,51,120,200.0,Medipharm Ltd,Nairobi ,4,25,0,0
2025-05-09,PRD003,Brookside Milk 500ml,DAIRY,Mini Supermarket,piece,66.0,,0,0,57,55,70.0,Brookside Dairy Ltd,Kiambu ,2,40,0,0
2024-03-07,PRD014,DAP Fertiliser 50kg,Fertilisers,Agrovet,bag,115.0,22.0,3,47,137,3800,4500.0,,Nairob,7,5,0,0
2026-01-08,PRD015,CAN Fertiliser 50kg,Fertilisers,Agrovet,BAG,103.0,4.0,1,10,108,3200,3900.0,MEA Fertilisers,NAIROBI,7,5,0,0
12/28/2024,PRD009,  Paracetamol 500mg x10  ,Analgesics,Pharmacy,Strips,79.0,26.0,1,0,52,18,,Shelys Pharmaceuticals,nairobi ,2,60,0,1
2026-03-18,PRD014,DAP Fertiliser 50kg,Fertilisers,Agrovet,bag,93.0,7.0,1,0,85,3800,4500.0,   ,,7,5,0,0
2025-12-18,PRD020,  Earphones Generic  ,Accessories,Electronics,PCS,113.0,31.0,0,24,106,150,,,NAIROBI,2,12,0,0
2024-11-05,PRD008,Royco Mchuzi Mix 75g,Seasonings,Mini Supermarket,pck,57.0,25.0,1,0,31,42,55.0,Unilever Kenya,nairobi,3,35,0,0
2024-04-30,PRD007,Omo Washing Powder 1kg,Detergents,Mini Supermarket,pack,65.0,,2,69,101,295,398.25,Bidco Africa Mombasa Rd,Nairob,3,12,0,0
2025-08-03,PRD018,Drenching Gun Dewormer,Veterinary,Agrovet,Bottle,32.0,8.0,1,0,23,480,650.0,Interchemie Kenya,nairobi,4,8,0,1
2024-10-11,PRD016,Maize Seed 2kg,Seeds,Agrovet,PACK,67.0,,1,0,37,380,520.0,Kenya Seed Company,Nakurru,5,15,0,0
2025-02-11,PRD011,ORS Sachets x6,Rehydration,Pharmacy,Pack,83.0,32.0,2,0,49,35,60.0,Dawa Ltd,nairobi,2,50,0,0
2025-05-26,PRD009,Paracetamol 500mg x10,Analgesics,Pharmacy,Strips,65.0,6.0,3,0,56,18,30.0,Shelys Pharmaceuticals,Nairobi ,2,60,0,0
2025-10-05,PRD003,Brookside Milk 500ml,Dairy,Mini Supermarket,PCS,28.0,1.0,0,0,27,55,70.0,Brookside Dairy Ltd,Kiambu ,2,40,1,1
2025-03-07,PRD004,KCC Butter 250g,Dairy,Mini Supermarket,piece,7.0,0.0,1,75,81,210,260.0,Brookside Dairy Ltd,kiambu,2,15,0,0
2024-01-12,PRD017,Newcastle Vaccine 100dos,Veterinary,Agrovet,VIAL,100.0,35.0,1,0,64,250,400.0,Interchemie Kenya,Nairob,4,10,0,0
2025-05-27,PRD016,Maize Seed 2kg,Seeds,Agrovet,PACK,,35.0,1,0,71,380,520.0,Kenya Seed Company,Nakurru,5,15,0,0
2026-03-12,PRD018,Drenching Gun Dewormer,Veterinary,Agrovet,Bottle,15.0,4.0,3,54,62,480,650.0,Interchemie Kenya,nairobi,4,8,0,0
2025-08-15,PRD019,Infinix Charger 33W,Accessories,Electronics,PCS,38.0,38.0,1,0,0,380,650.0,Luthuli Ave Wholesale,NAIROBI,2,10,0,0
2025-03-16,PRD006,Salit Sugar 1kg,Sugar & Spices,Mini Supermarket,Bag ,45.0,10.0,2,0,53,135,160.0,Mumias Sugar Distributor,Kisumu,5,30,0,1
2024-03-02,PRD019,Infinix Charger 33W,Accessories,Electronics,PCS,114.0,4.0,3,56,163,380,650.0,Luthuli Ave Wholesale,NAIROBI,2,10,0,1
25/04/2026,PRD011,ORS Sachets x6,Rehydration,Pharmacy,Pack,63.0,10.0,3,21,71,35,60.0,Dawa Ltd,nairobi,2,50,0,1
2025-04-17,PRD018,Drenching Gun Dewormer,Veterinary,Agrovet ,Bottle,113.0,,3,0,105,480,19405.530700764146,Interchemie Kenya,nairobi,4,8,0,0
01/09/2025,PRD011,ORS Sachets x6,Rehydration,Pharmacy,Pack,102.0,21.0,0,0,81,35,60.0,Dawa Ltd,nairobi,2,50,0,0
2025-06-08,PRD017,Newcastle Vaccine 100dos,Veterinary,Agrovet,VIAL,110.0,39.0,3,0,68,250,400.0,Interchemie Kenya,Nairob,4,10,0,1
2024-11-24,PRD008,Royco Mchuzi Mix 75g,Seasonings,Mini Supermarket,Pack,108.0,20.0,3,62,147,42,55.0,Unilever Kenya,Nairobi,3,35,0,1
2025-05-13,PRD006,Salit Sugar 1kg,Sugar & Spices,Mini Supermarket,Bag ,117.0,11.0,1,0,105,135,,Mumias Sugar Distributor,Kisumu,5,30,0,0
2024-02-06,PRD002,Pembe Unga 1kg,flour & grains,Mini Supermarket,BAG,91.0,8.0,0,0,83,78,95.0,,NAIROBI,3,25,0,0
2025-05-24,PRD010,Amoxicillin 250mg x6,Antibiotics,Pharmacy,Strips,120.0,9.0,3,0,108,55,90.0,Cosmos Pharmaceuticals,NAIROBI,3,40,0,1
2024-04-17,PRD006,Salit Sugar 1kg,Sugar & Spices,Mini Supermarket,Bag ,113.0,19.0,0,30,124,135,160.0,,Kisumu,5,30,0,0
2025-10-25,PRD010,Amoxicillin 250mg x6,Antibiotics,Pharmacy,Strips,80.0,,2,0,63,55,90.0,Cosmos Pharmaceuticals,NAIROBI,3,40,0,1
2025-08-28,PRD011,ORS Sachets x6,Rehydration,Pharmacy,Pack,20.0,12.0,1,0,7,35,60.0,,nairobi,2,50,0,0
2024-12-06,PRD012,Dettol Antiseptic 100ml,Antiseptics,Pharmacy,Bottle,94.0,12.0,2,0,80,145,200.0,Reckitt Kenya,NAIROBI,3,20,0,0
10-04-2024,PRD020,Earphones Generic,Accessories,Electronics,PCS,95.0,,0,9,98,150,300.0,,NAIROBI,2,12,0,0
2025-04-10,PRD006,Salit Sugar 1kg,Sugar & Spices,Mini Supermarket,Bag ,73.0,34.0,0,0,39,135,160.0,,Kisumu,5,30,0,0
2024-09-24,PRD010,Amoxicillin 250mg x6,Antibiotics,Pharmacy,Strips,,10.0,3,0,13,55,90.0,Cosmos Pharmaceuticals,NAIROBI,3,40,0,0
2024-03-30,PRD009,Paracetamol 500mg x10,analgesics,Pharmacy,Strips,83.0,38.0,3,0,42,18,30.0,,NAIROBI ,2,60,0,1
2026-01-02,PRD011,ORS Sachets x6,Rehydration,Pharmacy,Pack,116.0,22.0,0,14,108,35,60.0,,,2,50,0,0
2024-01-24,PRD018,Drenching Gun Dewormer,Veterinary,agrovet,Bottle,106.0,36.0,0,0,70,480,650.0,Interchemie Kenya,nairobi,4,8,0,0
2025-01-03,PRD001,Unga Jogoo 2kg,Flour & Grains,Mini Supermarket,bag,82.0,4.0,1,0,77,145,175.0,Unga Ltd Nairobi,Nairobi ,3,30,0,0
2025-02-08,PRD003,Brookside Milk 500ml,Dairy,Mini Supermarket,piece,69.0,33.0,2,41,75,55,70.0,Brookside Dairy Ltd,Kiambu ,2,40,0,1
2024-02-16,PRD012,Dettol Antiseptic 100ml,Antiseptics,Pharmcy,bottle,61.0,26.0,2,65,98,145,200.0,Reckitt Kenya,NAIROBI,3,20,0,0
2024-04-19,PRD019,Infinix Charger 33W,Accessories,Electronics,PCS,22.0,,0,21,25,380,650.0,Luthuli Ave Wholesale,NAIROBI,2,10,0,0
2024-09-05,PRD008,Royco Mchuzi Mix 75g,Seasonings,mini supermarket,Pack,42.0,27.0,1,0,14,42,55.0,Unilever Kenya,nairobi,3,35,0,0
2025-12-23,PRD008,Royco Mchuzi Mix 75g,Seasonings,Mini Supermarket,Pack,17.0,0.0,3,50,64,42,55.0,Unilever Kenya,nairobi,3,35,0,0
2025-07-30,PRD009,Paracetamol 500mg x10,Analgesics,Pharmacy,Strips,100.0,14.0,3,0,83,18,30.0,Shelys Pharmaceuticals,Nairobi ,2,60,0,0
13-Jan-2024,PRD019,Infinix Charger 33W,Accessories,Electronics,PCS,23.0,13.0,1,46,55,380,650.0,Luthuli Ave Wholesale,NAIROBI,2,10,0,1
2026-03-13,PRD018,Drenching Gun Dewormer,Veterinary,Agrovet,Bottle,109.0,6.0,0,20,123,480,650.0,Interchemie Kenya,nairobi,4,8,0,0
2024-01-25,PRD004,KCC Butter 250g,Dairy,Mini Supermarket,piece,95.0,9.0,3,66,149,210,260.0,Brookside Dairy Ltd,kiambu,2,15,0,0
2025-03-24,PRD019,Infinix Charger 33W,Accessories,Electronics,PCS,71.0,6.0,3,0,62,380,650.0,,NAIROBI,2,10,0,0
2024-06-26,PRD013,Malaria RDT Kit,Diagnostics,Pharmacy,PCS,24.0,9.0,0,17,32,120,5970.932523312044,Medipharm Ltd,Nairobi ,4,25,0,0
2024-08-04,PRD017,Newcastle Vaccine 100dos,Veterinary,AGROVET,VIAL,95.0,23.0,0,0,72,250,400.0,Interchemie Kenya,Nairob,4,10,0,1
2025-01-17,PRD012,Dettol Antiseptic 100ml,Antiseptics,PHARMACY,BOTTLE,110.0,33.0,2,0,75,145,,Reckitt Kenya,NAIROBI,3,20,0,0
2026-01-31,PRD004,KCC Butter 250g,Dairy,Mini Supermarket,piece,38.0,31.0,2,0,5,210,260.0,Brookside Dairy Ltd,kiambu,2,15,0,1
2025-05-11,PRD020,Earphones Generic,Accessories,Electronics,PCS,47.0,5.0,0,0,42,150,,,NAIROBI,2,12,0,1
2024-01-21,PRD015,CAN Fertiliser 50kg,Fertilisers,Agrovet,BAG,22.0,4.0,1,0,17,3200,3900.0,MEA Fertilisers,NAIROBI,7,5,0,1
2024-11-05,PRD014,DAP Fertiliser 50kg,Fertilisers,Agrovet,bag,72.0,4.0,3,66,131,3800,4500.0,MEA Fertilisers,Nairob,7,5,0,0
2024-07-17,PRD002,Pembe Unga 1kg,Flour & Grains,Mini Supermarket,BAG,13.0,2.0,3,0,8,78,95.0,Unga Ltd Nairobi,NAIROBI,3,25,0,0
2025-05-05,PRD003,Brookside Milk 500ml,Dairy,Mini Supermarket,piece,114.0,5.0,2,0,107,55,70.0,Brookside Dairy Ltd,Kiambu ,2,40,0,0
2024-05-08,PRD005,Elianto Cooking Oil 1L,Oils & Fats,Mini Supermarket,btl,42.0,29.0,0,0,13,230,280.0,,Nairobi,4,20,0,0
"Mar 13, 2024",PRD003,  Brookside Milk 500ml  ,Dairy,Mini Supermarket,piece,100.0,30.0,1,68,137,55,70.0,Brookside Dairy Ltd,Kiambu ,2,40,0,0
2025-06-10,PRD002,Pembe Unga 1kg,Flour & Grains,Mini Supermarket,BAG,75.0,30.0,2,48,91,78,95.0,Unga Ltd Nairobi,NAIROBI,3,25,0,0
2026-04-07,PRD004,KCC Butter 250g,Dairy,Mini Supermarket,piece,117.0,15.0,1,0,101,210,,Brookside Dairy Ltd,kiambu,2,15,0,0
2026-04-21,PRD007,Omo Washing Powder 1kg,Detergents,Mini Supermarket,pack,44.0,39.0,2,75,78,295,398.25,Bidco Africa Mombasa Rd,Nairob,3,12,0,0
2024-08-24,PRD008,Royco Mchuzi Mix 75g,Seasonings,mini supermarket,Pack,19.0,4.0,3,26,38,42,55.0,Unilever Kenya,nairobi,3,35,0,1
2025-06-20,PRD009,Paracetamol 500mg x10,Analgesics,Pharmacy,Strips,69.0,34.0,0,0,35,18,30.0,Shelys Pharmaceuticals,Nairobi ,2,60,0,0
2025-03-09,PRD015,CAN Fertiliser 50kg,Fertilisers,Agrovet,BAG,17.0,17.0,1,62,61,3200,3900.0,MEA Fertilisers,NAIROBI,7,5,0,1
2024-08-25,PRD002,Pembe Unga 1kg,Flour & Grains,Mini Supermarket,BAG,119.0,19.0,1,0,99,78,95.0,Unga Ltd Nairobi,NAIROBI,3,25,0,1
2026-01-19,PRD009,Paracetamol 500mg x10,Analgesics,Pharmacy,Strips,73.0,27.0,1,0,45,18,30.0,Shelys Pharmaceuticals,Nairobi ,2,60,0,0
2024-12-10,PRD015,CAN Fertiliser 50kg,Fertilisers,Agrovet,BAG,92.0,38.0,0,0,54,3200,3900.0,MEA Fertilisers,NAIROBI,7,5,0,0
2025-07-29,PRD015,CAN Fertiliser 50kg,Fertilisers,Agrovet,BAG,101.0,40.0,2,49,108,3200,3900.0,MEA Fertilisers,nairobi,7,5,0,0
2025-11-29,PRD010,Amoxicillin 250mg x6,ANTIBIOTICS,Pharmacy,Strips,53.0,10.0,2,0,41,55,90.0,Cosmos Pharmaceuticals,NAIROBI,3,40,0,1
2024-09-25,PRD015,CAN Fertiliser 50kg,Fertilisers,Agrovet,BAG,63.0,31.0,0,0,32,3200,3900.0,MEA Fertilisers,NAIROBI,7,5,0,0
2024-07-16,PRD019,Infinix Charger 33W,Accessories,Electronics,PCS,-83.0,39.0,2,0,42,380,,Luthuli Ave Wholesale,NAIROBI,2,10,0,0
25-Apr-2025,PRD003,  Brookside Milk 500ml  ,Dairy,Mini Supermarket,piece,98.0,-19.0,2,0,77,55,70.0,Brookside Dairy Ltd,Kiambu ,2,40,0,0
2024-05-03,PRD014,DAP Fertiliser 50kg,Fertilisers,Agrovet,Bags,11.0,11.0,3,0,0,3800,4500.0,MEA Fertilisers,Nairob,7,5,0,0
2025-05-07,PRD003,Brookside Milk 500ml,Dairy,Mini Supermarket,piece,8.0,7.0,1,0,0,55,70.0,Brookside Dairy Ltd,KIAMBU ,2,40,0,0
2025-08-10,PRD013,Malaria RDT Kit,Diagnostics,Pharmcy,PCS,5.0,1.0,0,0,17,120,200.0,Medipharm Ltd,Nairobi ,4,25,0,1
2025-08-30,PRD008,Royco Mchuzi Mix 75g,Seasonings,Mini Supermarket,Pack,47.0,30.0,3,0,14,42,55.0,Unilever Kenya,nairobi,3,35,0,1
2024-10-21,PRD010,Amoxicillin 250mg x6,Antibiotics,Pharmacy,Strips,108.0,1.0,2,0,105,55,90.0,Cosmos Pharmaceuticals,NAIROBI,3,40,0,0
2025-04-02,PRD003,  Brookside Milk 500ml  ,Dairy,Mini Supermarket,piece,118.0,24.0,1,0,93,55,2089.8263831592158,Brookside Dairy Ltd,Kiambu ,2,40,0,0
2024-11-07,PRD006,Salit Sugar 1kg,Sugar & Spices,Mini Supermarket,Bag ,110.0,11.0,3,79,175,135,160.0,Mumias Sugar Distributor,Kisumu,5,30,0,0
2025-09-21,PRD002,Pembe Unga 1kg,Flour & Grains,Mini Supermarket,bag,7.0,4.0,1,0,2,78,95.0,Unga Ltd Nairobi,NAIROBI,3,25,0,1
2024-12-16,PRD017,Newcastle Vaccine 100dos,Veterinary,Agrovet ,VIAL,51.0,21.0,2,1,29,250,400.0,Interchemie Kenya,Nairob,4,10,0,0
2026-04-18,PRD007,Omo Washing Powder 1kg,Detergents,Mini Supermarket,pack,66.0,28.0,1,51,88,295,398.25,Bidco Africa Mombasa Rd,Nairob,3,12,0,1
2024-08-22,PRD001,Unga Jogoo 2kg,Flour & Grains,Mini Supermarket,Bags,14.0,,2,0,6,145,175.0,,Nairobi ,3,30,0,0
2024-09-08,PRD005,Elianto Cooking Oil 1L,Oils & Fats,Mini Supermarket,btl,106.0,29.0,1,0,76,230,280.0,Kapa Oil Refineries,Nairobi,4,20,0,1
2025-05-27,PRD014,DAP Fertiliser 50kg,Fertilisers,Agrovet,bag,24.0,5.0,3,79,95,3800,4500.0,MEA Fertilisers,Nairob,7,5,0,0
2025-05-10,PRD010,Amoxicillin 250mg x6,ANTIBIOTICS,Pharmacy,Strips,44.0,,2,0,8,55,90.0,Cosmos Pharmaceuticals,NAIROBI,3,40,0,1
2025-11-11,PRD009,Paracetamol 500mg x10,Analgesics,Pharmacy,Strips,105.0,35.0,1,39,96,18,30.0,Shelys Pharmaceuticals,Nairobi ,2,60,0,0
2025-11-24,PRD013,Malaria RDT Kit,Diagnostics,Pharmacy,PCS,48.0,13.0,1,0,34,120,200.0,Medipharm Ltd,Nairobi ,4,25,0,0
2026-01-20,PRD003,Brookside Milk 500ml,Dairy,Mini Supermarket,pcs,96.0,38.0,1,69,126,55,70.0,Brookside Dairy Ltd,Kiambu ,2,40,0,0
2025-04-26,PRD018,Drenching Gun Dewormer,Veterinary,Agrovet,btl,6.0,4.0,3,0,0,480,650.0,Interchemie Kenya,nairobi,4,8,0,1
2025-11-26,PRD010,  Amoxicillin 250mg x6  ,Antibiotics,Pharmacy,Strips,21.0,1.0,1,0,19,55,90.0,   ,NAIROBI,3,40,0,0
2024-04-09,PRD015,CAN Fertiliser 50kg,Fertilisers,Agrovet,BAG,94.0,22.0,0,0,72,3200,3900.0,MEA Fertilisers,nairobi,7,5,0,0
2024-01-29,PRD001,  Unga Jogoo 2kg  ,Flour & Grains,MINI SUPERMARKET,bag,64.0,19.0,3,0,42,145,175.0,Unga Ltd Nairobi,Nairobi ,3,30,0,0
2024-09-07,PRD018,Drenching Gun Dewormer,Veterinary,Agrovet,Bottle,84.0,6.0,0,0,78,480,,Interchemie Kenya,nairobi,4,8,0,1
2025-03-03,PRD018,Drenching Gun Dewormer,Veterinary,Agrovet,Bottle,38.0,20.0,3,0,15,480,650.0,Interchemie Kenya,nairobi,4,8,0,0
2025-12-26,PRD019,Infinix Charger 33W,Accessories,Electronics,PCS,45.0,17.0,3,40,65,380,650.0,Luthuli Ave Wholesale,NAIROBI,2,10,0,0
2024-04-15,PRD017,Newcastle Vaccine 100dos,Veterinary,Agrovet,VIAL,77.0,10.0,2,13,78,250,400.0,,Nairob,4,10,0,0
2024-07-15,PRD019,Infinix Charger 33W,Accessories,Electronics,PCS,98.0,1.0,2,0,95,380,650.0,Luthuli Ave Wholesale,NAIROBI,2,10,0,0
2024-01-17,PRD003,Brookside Milk 500ml,Dairy,Mini Supermarket,piece,29.0,13.0,3,0,13,55,70.0,Brookside Dairy Ltd,Kiambu ,2,40,0,0
2025-06-11,PRD005,  Elianto Cooking Oil 1L  ,Oils & Fats,Mini Supermarket,btl,46.0,39.0,0,0,7,230,280.0,Kapa Oil Refineries,Nairobi,4,20,0,0
2024-12-04,PRD009,Paracetamol 500mg x10,Analgesics,pharmacy,Strips,89.0,0.0,1,0,88,18,30.0,Shelys Pharmaceuticals,Nairobi ,2,60,0,0
2025-02-15,PRD001,  Unga Jogoo 2kg  ,Flour & Grains,Mini Supermarket,bag,31.0,8.0,1,0,22,145,175.0,Unga Ltd Nairobi,Nairobi ,3,30,0,1
2025-09-18,PRD008,Royco Mchuzi Mix 75g,Seasonings,Mini Supermarket,Pack,118.0,1.0,2,0,129,42,55.0,Unilever Kenya,nairobi,3,35,0,0
2025-09-14,PRD005,Elianto Cooking Oil 1L,Oils & Fats,Mini Supermarket,btl,71.0,26.0,1,0,44,230,280.0,Kapa Oil Refineries,Nairobi,4,20,0,1
2025-10-20,PRD009,Paracetamol 500mg x10,Analgesics,Pharmacy,Strips,119.0,7.0,0,0,112,18,30.0,Shelys Pharmaceuticals,,2,60,0,0
2025-11-08,PRD008,Royco Mchuzi Mix 75g,Seasonings,Mini Supermarket,Pack,45.0,30.0,1,0,14,42,,Unilever Kenya,nairobi,3,35,0,1
2025-08-03,PRD013,Malaria RDT Kit,Diagnostics,Pharmacy,PCS,88.0,36.0,0,0,52,120,200.0,Medipharm Ltd,Nairobi ,4,25,1,1
2024-07-24,PRD019,Infinix Charger 33W,Accessories,Electronics,PCS,29.0,0.0,0,80,109,380,650.0,Luthuli Ave Wholesale,NAIROBI,2,10,0,0
2025-08-11,PRD008,Royco Mchuzi Mix 75g,seasonings,Mini Supermarket,Pack,50.0,30.0,1,0,19,42,55.0,Unilever Kenya,,3,35,0,0
2025-10-08,PRD016,  Maize Seed 2kg  ,Seeds,Agrovet,PACK,77.0,38.0,2,74,111,380,520.0,Kenya Seed Company,Nakurru,5,15,0,0
2024-04-16,PRD002,Pembe Unga 1kg,Flour & Grains,Mini Supermarket,BAG,114.0,2.0,3,31,140,78,,Unga Ltd Nairobi,NAIROBI,3,25,0,0
2026-01-25,PRD007,Omo Washing Powder 1kg,Detergents,Mini Supermarket,pack,8.0,4.0,2,0,2,295,398.25,Bidco Africa Mombasa Rd,Nairob,3,12,0,1
2025-02-28,PRD015,CAN Fertiliser 50kg,Fertilisers,Agrovet,BAG,,12.0,0,0,33,3200,3900.0,MEA Fertilisers,NAIROBI,7,5,0,0
2024-11-06,PRD019,  Infinix Charger 33W  ,Accessories,Electronics,PCS,92.0,29.0,2,18,79,380,650.0,Luthuli Ave Wholesale,NAIROBI,2,10,0,0
2025-06-28,PRD010,Amoxicillin 250mg x6,Antibiotics,Pharmacy,Strips,106.0,11.0,3,5,97,55,90.0,Cosmos Pharmaceuticals,NAIROBI,3,40,0,1
2025-03-25,PRD016,Maize Seed 2kg,Seeds,Agrovet,PACK,11.0,9.0,2,0,0,380,520.0,Kenya Seed Company,Nakurru,5,15,0,0
2025-10-14,PRD004,KCC Butter 250g,Dairy,Mini Supermarket,piece,,18.0,2,0,89,210,260.0,Brookside Dairy Ltd,,2,15,0,0
2025-04-07,PRD013,Malaria RDT Kit,Diagnostics,Pharamcy,PCS,94.0,16.0,2,0,76,120,200.0,Medipharm Ltd,Nairobi ,4,25,0,0
2024-12-19,PRD001,Unga Jogoo 2kg,Flour & Grains,Mini Supermarket,bag,40.0,8.0,2,0,30,145,175.0,Unga Ltd Nairobi,Nairobi ,3,30,0,0
2024-06-18,PRD016,Maize Seed 2kg,Seeds,Agrovet,pack,101.0,36.0,1,54,118,380,520.0,,NAKURRU,5,15,0,0
2026-03-21,PRD007,Omo Washing Powder 1kg,DETERGENTS,Mini Supermarket,pack,24.0,12.0,0,0,12,295,398.25,Bidco Africa Mombasa Rd,Nairob,3,12,0,1
2025-11-09,PRD010,Amoxicillin 250mg x6,Antibiotics,Pharmacy,Strips,39.0,8.0,1,0,30,55,90.0,Cosmos Pharmaceuticals,NAIROBI,3,40,0,1
2025-02-28,PRD005,Elianto Cooking Oil 1L,Oils & Fats,Mini Supermarket,btl,98.0,7.0,2,0,89,230,,Kapa Oil Refineries,Nairobi,4,20,0,0
2025-08-30,PRD009,Paracetamol 500mg x10,Analgesics,Pharmacy,Strips,47.0,26.0,0,0,21,18,30.0,Shelys Pharmaceuticals,Nairobi ,2,60,0,1
2025-03-11,PRD010,Amoxicillin 250mg x6,Antibiotics,pharmacy,Strips,,13.0,2,0,77,55,90.0,Cosmos Pharmaceuticals,,3,40,0,0
2025-02-27,PRD007,Omo Washing Powder 1kg,Detergents,Mini Supermarket,pack,90.0,17.0,1,70,142,295,398.25,Bidco Africa Mombasa Rd,Nairob,3,12,0,0
2025-02-12,PRD002,Pembe Unga 1kg,Flour & Grains,Mini Supermarket,bag,14.0,6.0,0,0,8,78,95.0,Unga Ltd Nairobi,NAIROBI,3,25,0,0
2024-10-26,PRD005,Elianto Cooking Oil 1L,oils & fats,Mini Sup.,btl,-86.0,32.0,2,0,52,230,280.0,Kapa Oil Refineries,Nairobi,4,20,0,1
2025-08-11,PRD016,Maize Seed 2kg,Seeds,Agrovet,PACK,68.0,14.0,3,0,51,380,520.0,Kenya Seed Company,Nakurru,5,15,0,0
2024-04-22,PRD005,Elianto Cooking Oil 1L,OILS & FATS,Mini Supermarket,btl,22.0,13.0,1,0,8,230,280.0,Kapa Oil Refineries,Nairobi,4,20,0,0
2026-02-24,PRD009,Paracetamol 500mg x10,Analgesics,PHARMACY,Strips,38.0,,1,0,36,18,30.0,Shelys Pharmaceuticals,Nairobi ,2,60,0,0
2026-03-18,PRD019,Infinix Charger 33W,Accessories,Electronics,PCS,110.0,9.0,3,61,159,380,650.0,Luthuli Ave Wholesale,NAIROBI,2,10,0,0
2026-04-03,PRD001,Unga Jogoo 2kg,Flour & Grains,Mini Supermarket,bag,56.0,12.0,0,0,40,145,175.0,Unga Ltd Nairobi,Nairobi ,3,30,0,0
2025-02-27,PRD010,Amoxicillin 250mg x6,Antibiotics,Pharmacy,Strips,,,3,0,48,55,90.0,Cosmos Pharmaceuticals,NAIROBI,3,40,0,0
2025-09-10,PRD012,Dettol Antiseptic 100ml,Antiseptics,Pharmacy,btl,38.0,,3,0,34,145,200.0,Reckitt Kenya,NAIROBI,3,20,0,0
2025-05-05,PRD019,Infinix Charger 33W,Accessories,Electronics,PCS,30.0,8.0,3,0,19,380,650.0,Luthuli Ave Wholesale,NAIROBI,2,10,0,0
2025-08-12,PRD003,Brookside Milk 500ml,Dairy,Mini Supermarket,piece,-67.0,13.0,3,0,51,55,70.0,,Kiambu ,2,40,0,0
2025-11-19,PRD020,Earphones Generic,Accessories,Electronics,PCS,87.0,3.0,0,47,131,150,300.0,,NAIROBI,2,12,0,0
2024-10-01,PRD006,Salit Sugar 1kg,Sugar & Spices,Mini Supermarket,Bag ,88.0,15.0,3,0,70,135,160.0,Mumias Sugar Distributor,Kisumu,5,30,0,0
2026-02-21,PRD020,Earphones Generic,Accessories,Electronics,PCS,62.0,,1,0,45,150,300.0,,NAIROBI,2,12,0,1
2025-04-12,PRD003,Brookside Milk 500ml,Dairy,Mini Supermarket,piece,91.0,19.0,0,0,72,55,70.0,Brookside Dairy Ltd,Kiambu ,2,40,0,1
2024-04-02,PRD013,Malaria RDT Kit,Diagnostics,Pharmacy,PCS,78.0,15.0,2,0,61,120,5970.932523312044,Medipharm Ltd,Nairobi ,4,25,0,0
2024-04-04,PRD015,CAN Fertiliser 50kg,fertilisers,Agrovet,Bag,99.0,15.0,1,0,83,3200,3900.0,MEA Fertilisers,NAIROBI,7,5,0,0
2026-03-12,PRD009,Paracetamol 500mg x10,Analgesics,Pharmacy,Strips,72.0,33.0,2,0,55,18,30.0,Shelys Pharmaceuticals,Nairobi ,2,60,0,0
2024-09-30,PRD020,Earphones Generic,Accessories,Electronics,PCS,32.0,11.0,0,0,21,150,,,NAIROBI,2,12,0,0
2025-07-03,PRD012,Dettol Antiseptic 100ml,Antiseptics,Pharmacy,Bottle,29.0,26.0,2,0,1,145,200.0,Reckitt Kenya,NAIROBI,3,20,0,0
2025-05-26,PRD003,Brookside Milk 500ml,Dairy,Mini Supermarket,piece,27.0,8.0,1,0,18,55,70.0,Brookside Dairy Ltd,Kiambu ,2,40,0,0
2024-01-23,PRD019,Infinix Charger 33W,Accessories,ELECTRONICS,Pcs,7.0,0.0,2,8,13,380,650.0,Luthuli Ave Wholesale,NAIROBI,2,10,0,0
2025-12-20,PRD007,Omo Washing Powder 1kg,Detergents,Mini Supermarket,pack,46.0,33.0,0,19,32,295,398.25,Bidco Africa Mombasa Rd,Nairob,3,12,0,1
2026-02-01,PRD001,Unga Jogoo 2kg,Flour & Grains,Mini Supermarket,BAG,96.0,30.0,1,0,65,145,175.0,Unga Ltd Nairobi,Nairobi ,3,30,0,1
2025-10-13,PRD016,Maize Seed 2kg,Seeds,Agrovet,PACK,74.0,0.0,0,0,74,380,520.0,Kenya Seed Company,Nakurru,5,15,0,0
2024-07-19,PRD002,Pembe Unga 1kg,Flour & Grains,Mini Supermarket,BAG,16.0,16.0,0,74,74,78,,,NAIROBI,3,25,0,0
2024-07-06,PRD003,Brookside Milk 500ml,Dairy,Mini Supermarket,pcs,73.0,38.0,3,0,32,55,2089.8263831592158,Brookside Dairy Ltd,Kiambu ,2,40,0,1
2025-12-08,PRD016,Maize Seed 2kg,SEEDS,Agrovet ,PACK,106.0,38.0,1,0,67,380,520.0,Kenya Seed Company,NAKURRU,5,15,0,0
2024-10-08,PRD003,Brookside Milk 500ml,Dairy,Mini Supermarket,piece,75.0,19.0,2,0,54,55,70.0,Brookside Dairy Ltd,Kiambu ,2,40,0,0
2024-05-27,PRD009,Paracetamol 500mg x10,Analgesics,pharmacy,Strips,115.0,14.0,3,36,134,18,30.0,Shelys Pharmaceuticals,Nairobi ,2,60,0,0
15-11-2025,PRD002,Pembe Unga 1kg,Flour & Grains,Mini Supermarket,BAG,113.0,4.0,3,0,106,78,95.0,Unga Ltd Nairobi,NAIROBI,3,25,0,1
2024-12-24,PRD014,DAP Fertiliser 50kg,Fertilisers,AGROVET,bag,74.0,17.0,0,5,62,3800,4500.0,MEA Fertilisers,Nairob,7,5,0,0
2026-02-12,PRD009,Paracetamol 500mg x10,Analgesics,Pharmacy,Strips,37.0,16.0,0,0,21,18,,Shelys Pharmaceuticals,nairobi ,2,60,0,0
2025-03-10,PRD017,Newcastle Vaccine 100dos,Veterinary,Agrovet,VIAL,20.0,5.0,1,0,14,250,400.0,Interchemie Kenya,Nairob,4,10,0,0
01-Oct-2025,PRD019,Infinix Charger 33W,Accessories,Electronics,PCS,90.0,38.0,3,0,49,380,650.0,,NAIROBI,2,10,0,0
2026-03-31,PRD004,KCC Butter 250g,Dairy,Mini Supermarket,piece,36.0,13.0,1,21,43,210,260.0,Brookside Dairy Ltd,kiambu,2,15,0,0
2025-08-04,PRD014,DAP Fertiliser 50kg,Fertilisers,Agrovet,bag,118.0,7.0,3,0,108,3800,4500.0,MEA Fertilisers,Nairob,7,5,0,0
2024-02-03,PRD020,Earphones Generic,Accessories,Electroncis,PCS,65.0,15.0,3,0,47,150,300.0,,NAIROBI,2,12,0,1
2025-01-31,PRD014,DAP Fertiliser 50kg,Fertilisers,Agrovet,bag,30.0,13.0,0,0,17,3800,4500.0,MEA Fertilisers,Nairob,7,5,0,0
2026-03-17,PRD016,Maize Seed 2kg,Seeds,Agrovet,Pack,25.0,3.0,3,0,25,380,520.0,Kenya Seed Company,,5,15,0,0
2025-02-25,PRD015,CAN Fertiliser 50kg,Fertilisers,Agrovet,BAG,60.0,18.0,3,0,39,3200,3900.0,MEA Fertilisers,nairobi,7,5,0,0
2025-08-31,PRD020,Earphones Generic,Accessories,Electroncis,PCS,55.0,33.0,3,0,19,150,,,NAIROBI,2,12,1,1
2026-02-03,PRD018,Drenching Gun Dewormer,Veterinary,Agrovet,bottle,72.0,,0,0,54,480,650.0,Interchemie Kenya,nairobi,4,8,0,0
2026-01-14,PRD010,Amoxicillin 250mg x6,Antibiotics,Pharmacy,Strips,90.0,9.0,3,79,157,55,,Cosmos Pharmaceuticals,NAIROBI,3,40,0,0
2025-04-11,PRD007,Omo Washing Powder 1kg,Detergents,Mini Supermarket,pack,61.0,,3,69,122,295,398.25,Bidco Africa Mombasa Rd,Nairob,3,12,0,0
2025-10-31,PRD020,Earphones Generic,Accessories,Electronics,PCS,44.0,20.0,3,0,21,150,300.0,,NAIROBI,2,12,0,0
2026-01-03,PRD014,DAP Fertiliser 50kg,Fertilisers,Agrovet,Bag,74.0,35.0,2,26,63,3800,4500.0,MEA Fertilisers,Nairob,7,5,0,1
2024-11-06,PRD011,ORS Sachets x6,Rehydration,Pharmacy,Pack,,13.0,1,0,40,35,60.0,Dawa Ltd,nairobi,2,50,0,0
2025-07-31,PRD005,Elianto Cooking Oil 1L,Oils & Fats,Mini Supermarket,btl,105.0,40.0,2,68,131,230,280.0,Kapa Oil Refineries,Nairobi,4,20,0,0
2025-07-25,PRD009,Paracetamol 500mg x10,Analgesics,Pharmacy,Strips,,36.0,1,0,45,18,30.0,Shelys Pharmaceuticals,Nairobi ,2,60,0,0
2024-12-13,PRD009,Paracetamol 500mg x10,Analgesics,PHARMACY,Strips,36.0,9.0,1,14,40,18,30.0,Shelys Pharmaceuticals,Nairobi ,2,60,0,0
2024-08-03,PRD009,Paracetamol 500mg x10,Analgesics,Pharmacy,Strips,53.0,27.0,1,0,25,18,30.0,Shelys Pharmaceuticals,Nairobi ,2,60,0,1
26/01/2026,PRD020,Earphones Generic,Accessories,Electronics,PCS,9.0,2.0,3,58,62,150,,,NAIROBI,2,12,0,0
2024-04-22,PRD011,ORS Sachets x6,Rehydration,Pharmacy,Pack,105.0,22.0,3,0,80,35,60.0,Dawa Ltd,nairobi,2,50,0,0
2025-07-26,PRD001,Unga Jogoo 2kg,Flour & Grains,Mini Supermarket,Bag,79.0,16.0,3,0,60,145,175.0,Unga Ltd Nairobi,nairobi ,3,30,0,1
2024-12-06,PRD018,Drenching Gun Dewormer,Veterinary,Agrovet,Bottle,91.0,27.0,1,0,63,480,650.0,   ,nairobi,4,8,0,0
2024-08-23,PRD014,DAP Fertiliser 50kg,Fertilisers,Agrovet,bag,69.0,33.0,0,0,36,3800,4500.0,MEA Fertilisers,Nairob,7,5,0,0
2025-03-14,PRD017,Newcastle Vaccine 100dos,Veterinary,Agrovet,VIAL,69.0,0.0,2,35,102,250,400.0,,Nairob,4,10,0,0
2025-02-10,PRD001,Unga Jogoo 2kg,Flour & Grains,Mini Supermarket,bag,92.0,33.0,3,26,82,145,,Unga Ltd Nairobi,Nairobi ,3,30,0,0
2024-04-03,PRD020,Earphones Generic,Accessories,Electronics,PCS,47.0,27.0,0,33,53,150,300.0,,NAIROBI,2,12,0,0
2024-11-12,PRD009,Paracetamol 500mg x10,Analgesics,Pharmacy,Strips,46.0,35.0,1,0,10,18,30.0,,Nairobi ,2,60,0,0
2024-03-07,PRD004,KCC Butter 250g,Dairy,mini supermarket,piece,23.0,10.0,2,0,11,210,260.0,Brookside Dairy Ltd,kiambu,2,15,0,0
2026-03-19,PRD009,Paracetamol 500mg x10,Analgesics,Pharmacy,Strips,34.0,2.0,1,9,40,18,30.0,Shelys Pharmaceuticals,Nairobi ,2,60,0,0
2024-06-12,PRD020,Earphones Generic,Accessories,Electronics,PCS,5.0,5.0,0,0,0,150,300.0,,NAIROBI,2,12,0,0
2025-12-03,PRD017,Newcastle Vaccine 100dos,VETERINARY,Agrovet,VIAL,55.0,2.0,1,0,52,250,400.0,Interchemie Kenya,Nairob,4,10,0,0
2024-02-05,PRD004,KCC Butter 250g,Dairy,Mini Supermarket,piece,93.0,19.0,0,7,81,210,260.0,Brookside Dairy Ltd,kiambu,2,15,0,0
2026-02-20,PRD014,DAP Fertiliser 50kg,Fertilisers,Agrovet,bag,68.0,,1,0,60,3800,4500.0,MEA Fertilisers,Nairob,7,5,0,0
2024-01-31,PRD013,  Malaria RDT Kit  ,Diagnostics,Pharmacy,PCS,65.0,22.0,3,0,40,120,200.0,Medipharm Ltd,Nairobi ,4,25,0,0
2024-04-19,PRD001,Unga Jogoo 2kg,Flour & Grains,Mini Supermarket,bag,110.0,38.0,0,41,113,145,175.0,Unga Ltd Nairobi,Nairobi ,3,30,0,0
2024-08-08,PRD004,KCC Butter 250g,Dairy,Mini Supermarket,piece,43.0,30.0,1,0,0,210,260.0,Brookside Dairy Ltd,kiambu,2,15,0,0
2026-02-07,PRD013,Malaria RDT Kit,Diagnostics,Pharmacy,PCS,40.0,32.0,2,0,6,120,200.0,   ,NAIROBI ,4,25,0,1
2025-02-02,PRD003,Brookside Milk 500ml,Dairy,Mini Supermarket,piece,27.0,18.0,3,0,6,55,70.0,Brookside Dairy Ltd,Kiambu ,2,40,0,1
30-Nov-2024,PRD020,Earphones Generic,Accessories,Electronics,PCS,55.0,4.0,2,0,49,150,300.0,,NAIROBI,2,12,0,1
25-02-2025,PRD002,Pembe Unga 1kg,Flour & Grains,Mini Supermarket,BAG,111.0,27.0,0,0,84,78,95.0,Unga Ltd Nairobi,NAIROBI,3,25,0,0
2026-03-29,PRD017,Newcastle Vaccine 100dos,Veterinary,Agrovet,VIAL,102.0,31.0,1,0,70,250,400.0,Interchemie Kenya,Nairob,4,10,1,1
2025-08-12,PRD008,Royco Mchuzi Mix 75g,Seasonings,Mini Supermarket,Pack,16.0,10.0,1,0,5,42,55.0,Unilever Kenya,nairobi,3,35,0,0
2025-05-05,PRD015,CAN Fertiliser 50kg,Fertilisers,Agrovet,BAG,101.0,22.0,1,0,78,3200,3900.0,MEA Fertilisers,NAIROBI,7,5,0,0
2024-06-04,PRD016,Maize Seed 2kg,Seeds,Agrovet,PACK,,28.0,2,0,34,380,520.0,Kenya Seed Company,Nakurru,5,15,0,0
2024-01-13,PRD006,Salit Sugar 1kg,Sugar & Spices,Mini Supermarket,bag,75.0,27.0,0,19,67,135,160.0,Mumias Sugar Distributor,kisumu,5,30,0,1
2026-02-18,PRD010,Amoxicillin 250mg x6,Antibiotics,Pharmacy,Strips,32.0,3.0,3,69,95,55,2686.91963549042,Cosmos Pharmaceuticals,NAIROBI,3,40,0,0
2024-04-23,PRD001,Unga Jogoo 2kg,Flour & Grains,Mini Supermarket,bag,50.0,36.0,1,0,13,145,175.0,Unga Ltd Nairobi,Nairobi ,3,30,0,0
03/14/2025,PRD013,Malaria RDT Kit,Diagnostics,Pharmacy,PCS,60.0,22.0,1,46,83,120,200.0,Medipharm Ltd,,4,25,0,0
2024-11-05,PRD006,Salit Sugar 1kg,sugar & spices,Mini Supermarket,Bag ,6.0,1.0,2,0,3,135,160.0,Mumias Sugar Distributor,Kisumu,5,30,0,0
2025-03-05,PRD017,Newcastle Vaccine 100dos,Veterinary,Agrovet,VIAL,7.0,0.0,3,42,46,250,400.0,Interchemie Kenya,Nairob,4,10,0,0
2026-01-18,PRD005,Elianto Cooking Oil 1L,Oils & Fats,mini supermarket,btl,17.0,0.0,2,0,15,230,280.0,Kapa Oil Refineries,Nairobi,4,20,0,1
2024-04-05,PRD006,Salit Sugar 1kg,Sugar & Spices,Mini Supermarket,bag,30.0,14.0,0,0,16,135,160.0,Mumias Sugar Distributor,Kisumu,5,30,0,0
2026-01-17,PRD020,  Earphones Generic  ,Accessories,Electronics,PCS,72.0,6.0,1,0,65,150,300.0,,NAIROBI,2,12,0,1
2024-11-22,PRD015,CAN Fertiliser 50kg,Fertilisers,Agrovet ,BAG,53.0,7.0,2,3,47,3200,3900.0,MEA Fertilisers,NAIROBI,7,5,0,0
2026-01-19,PRD012,Dettol Antiseptic 100ml,Antiseptics,Pharmacy,Bottle,27.0,,1,0,0,145,200.0,Reckitt Kenya,NAIROBI,3,20,0,0
2024-05-01,PRD016,Maize Seed 2kg,Seeds,Agrovet,Pack,23.0,18.0,0,0,5,380,520.0,Kenya Seed Company,Nakurru,5,15,0,0
2024-02-05,PRD019,Infinix Charger 33W,Accessories,Electronics,PCS,106.0,11.0,1,78,172,380,650.0,,NAIROBI,2,10,0,0
2025-08-18,PRD001,Unga Jogoo 2kg,Flour & Grains,Mini Supermarket,Bag,59.0,40.0,0,0,19,145,175.0,Unga Ltd Nairobi,Nairobi ,3,30,0,0
2024-10-07,PRD008,  Royco Mchuzi Mix 75g  ,Seasonings,Mini Supermarket,Pack,89.0,9.0,0,0,80,42,55.0,Unilever Kenya,nairobi,3,35,0,0
2024-10-31,PRD003,Brookside Milk 500ml,Dairy,Mini Supermarket,piece,79.0,25.0,0,25,79,55,70.0,Brookside Dairy Ltd,Kiambu ,2,40,0,0
2025-10-31,PRD002,Pembe Unga 1kg,Flour & Grains,Mini Supermarket,Bag,38.0,10.0,0,0,28,78,95.0,Unga Ltd Nairobi,NAIROBI,3,25,0,0
2024-09-25,PRD009,Paracetamol 500mg x10,Analgesics,Pharmacy,Strips,100.0,32.0,2,0,66,18,895.6398784968067,Shelys Pharmaceuticals,Nairobi ,2,60,0,0
2025-04-20,PRD019,Infinix Charger 33W,Accessories,Electronics,PCS,79.0,33.0,0,26,72,380,650.0,Luthuli Ave Wholesale,NAIROBI,2,10,0,1
2026-03-25,PRD001,Unga Jogoo 2kg,Flour & Grains,Mini Supermarket,bag,115.0,25.0,1,0,89,145,175.0,Unga Ltd Nairobi,Nairobi ,3,30,0,0
2024-09-27,PRD017,Newcastle Vaccine 100dos,Veterinary,Agrovet,VIAL,,-40.0,0,0,32,250,400.0,Interchemie Kenya,Nairob,4,10,0,0
2025-07-15,PRD017,Newcastle Vaccine 100dos,Veterinary,Agrovet,VIAL,47.0,39.0,3,0,5,250,400.0,Interchemie Kenya,Nairob,4,10,0,0
2025-05-31,PRD011,ORS Sachets x6,Rehydration,Pharmacy,Pack,39.0,5.0,3,0,31,35,60.0,Dawa Ltd,nairobi,2,50,0,1
2025-11-15,PRD017,Newcastle Vaccine 100dos,Veterinary,Agrovett,VIAL,43.0,,0,0,38,250,400.0,Interchemie Kenya,,4,10,0,1
2025-08-11,PRD011,ORS Sachets x6,Rehydration,Pharmacy,PACK,22.0,,3,0,12,35,60.0,Dawa Ltd,nairobi,2,50,0,0
2025-12-03,PRD012,Dettol Antiseptic 100ml,Antiseptics,Pharmacy,Bottle,118.0,9.0,3,0,106,145,200.0,Reckitt Kenya,NAIROBI,3,20,0,0
2024-08-11,PRD014,DAP Fertiliser 50kg,Fertilisers,Agrovet,bag,40.0,3.0,3,0,34,3800,4500.0,MEA Fertilisers,Nairob,7,5,0,1
2024-01-13,PRD011,ORS Sachets x6,Rehydration,Pharmacy,Pack,74.0,2.0,2,0,70,35,60.0,Dawa Ltd,nairobi,2,50,0,1
2025-03-26,PRD015,CAN Fertiliser 50kg,Fertilisers,Agrovet,BAG,73.0,6.0,1,0,66,3200,3900.0,MEA Fertilisers,NAIROBI,7,5,0,0
2024-08-29,PRD009,Paracetamol 500mg x10,Analgesics,Pharmacy,Strips,111.0,40.0,3,36,104,18,30.0,Shelys Pharmaceuticals,Nairobi ,2,60,0,0
2025-08-05,PRD008,  Royco Mchuzi Mix 75g  ,Seasonings,Mini Supermarket,Pack,36.0,,0,31,59,42,55.0,Unilever Kenya,nairobi,3,35,0,0
2025-09-02,PRD018,Drenching Gun Dewormer,Veterinary,Agrovet,Bottle,76.0,9.0,1,0,66,480,650.0,Interchemie Kenya,nairobi,4,8,0,0
2025-09-28,PRD007,Omo Washing Powder 1kg,Detergents,Mini Supermarket,pack,90.0,29.0,3,0,58,295,398.25,Bidco Africa Mombasa Rd,Nairob,3,12,0,1
2024-06-04,PRD006,Salit Sugar 1kg,Sugar & Spices,Mini Supermarket,Bag ,21.0,21.0,1,79,58,135,160.0,Mumias Sugar Distributor,Kisumu,5,30,0,0
2025-04-16,PRD011,ORS Sachets x6,Rehydration,Pharmacy,pck,37.0,1.0,1,52,87,35,60.0,Dawa Ltd,nairobi,2,50,0,0
2024-05-25,PRD006,Salit Sugar 1kg,Sugar & Spices,Mini Supermarket,bag,22.0,13.0,2,0,7,135,,Mumias Sugar Distributor,Kisumu,5,30,0,1
2026-03-09,PRD004,KCC Butter 250g,Dairy,Mini Supermarket,piece,107.0,40.0,1,0,66,210,260.0,Brookside Dairy Ltd,kiambu,2,15,0,0
27-May-2025,PRD001,Unga Jogoo 2kg,Flour & Grains,Mini Supermarket,Bag,47.0,5.0,2,0,40,145,175.0,Unga Ltd Nairobi,Nairobi ,3,30,0,0
2024-08-02,PRD004,KCC Butter 250g,Dairy,Mini Supermarket,piece,80.0,25.0,2,0,53,210,260.0,Brookside Dairy Ltd,,2,15,0,0
2024-08-25,PRD016,Maize Seed 2kg,Seeds,Agrovet,Pack,34.0,33.0,2,0,0,380,520.0,Kenya Seed Company,Nakurru,5,15,0,1
2025-10-15,PRD012,Dettol Antiseptic 100ml,Antiseptics,Pharmacy,BOTTLE,82.0,25.0,1,0,56,145,200.0,   ,NAIROBI,3,20,0,0
2024-06-06,PRD008,Royco Mchuzi Mix 75g,Seasonings,Mini Supermarket,Pack,66.0,22.0,0,62,106,42,,Unilever Kenya,nairobi,3,35,0,0
2026-03-24,PRD016,Maize Seed 2kg,Seeds,Agrovet,PACK,104.0,23.0,1,0,80,380,520.0,Kenya Seed Company,Nakurru,5,15,0,0
2024-05-22,PRD011,ORS Sachets x6,Rehydration,Pharmacy,Pack,103.0,39.0,3,0,61,35,60.0,Dawa Ltd,nairobi,2,50,0,0
2024-01-28,PRD016,Maize Seed 2kg,Seeds,Agrovet,PACK,28.0,1.0,2,0,25,380,520.0,Kenya Seed Company,Nakurru,5,15,0,1
2026-04-29,PRD018,Drenching Gun Dewormer,Veterinary,Agrovet,Bottle,77.0,39.0,1,53,90,480,650.0,Interchemie Kenya,nairobi,4,8,0,0
2025-07-15,PRD013,Malaria RDT Kit,Diagnostics,Pharmacy,PCS,-26.0,0.0,0,71,97,120,200.0,Medipharm Ltd,Nairobi ,4,25,0,0
2024-01-28,PRD005,Elianto Cooking Oil 1L,Oils & Fats,Mini Supermarket,btl,15.0,5.0,1,9,18,230,280.0,Kapa Oil Refineries,Nairobi,4,20,0,1
2025-06-16,PRD013,Malaria RDT Kit,Diagnostics,Pharmacy,PCS,100.0,1.0,3,14,110,120,200.0,Medipharm Ltd,Nairobi ,4,25,0,0
2025-12-03,PRD001,Unga Jogoo 2kg,Flour & Grains,Mini Supermarket,bag,71.0,11.0,0,0,60,145,,,Nairobi ,3,30,0,0
2025-11-20,PRD010,Amoxicillin 250mg x6,Antibiotics,Pharmacy,Strips,92.0,0.0,0,0,92,55,90.0,Cosmos Pharmaceuticals,NAIROBI,3,40,0,0
2024-10-13,PRD008,Royco Mchuzi Mix 75g,Seasonings,mini supermarket,Pack,57.0,24.0,1,0,32,42,55.0,Unilever Kenya,nairobi,3,35,0,1
2024-10-04,PRD019,Infinix Charger 33W,Accessories,Electronics,PCS,48.0,27.0,0,0,21,380,650.0,Luthuli Ave Wholesale,NAIROBI,2,10,0,0
2024-06-21,PRD013,Malaria RDT Kit,Diagnostics,Pharmacy,PCS,38.0,,2,0,13,120,200.0,Medipharm Ltd,Nairobi ,4,25,0,0
2024-05-31,PRD008,Royco Mchuzi Mix 75g,Seasonings,Mini Supermarket,Pack,42.0,12.0,2,0,28,42,55.0,Unilever Kenya,nairobi,3,35,0,0
2024-08-27,PRD014,DAP Fertiliser 50kg,Fertilisers,Agrovet,bag,,14.0,3,0,95,3800,4500.0,MEA Fertilisers,Nairob,7,5,0,0
2024-08-09,PRD007,Omo Washing Powder 1kg,Detergents,Mini Supermarket,pack,,18.0,2,3,80,295,398.25,Bidco Africa Mombasa Rd,,3,12,0,0
2024-07-23,PRD014,DAP Fertiliser 50kg,fertilisers,Agrovet,bag,84.0,22.0,1,0,61,3800,4500.0,MEA Fertilisers,Nairob,7,5,0,0
2024-10-10,PRD001,Unga Jogoo 2kg,Flour & Grains,Mini Supermarket,bag,52.0,33.0,3,0,16,145,175.0,Unga Ltd Nairobi,Nairobi ,3,30,0,0
2025-02-24,PRD005,Elianto Cooking Oil 1L,Oils & Fats,Mini Supermarket,Btl,82.0,16.0,2,0,64,230,280.0,Kapa Oil Refineries,nairobi,4,20,0,0
2025-11-03,PRD004,KCC Butter 250g,Dairy,Mini Supermarket,piece,,31.0,1,10,74,210,260.0,Brookside Dairy Ltd,kiambu,2,15,0,0
2024-08-09,PRD005,Elianto Cooking Oil 1L,Oils & Fats,Mini Sup.,btl,111.0,4.0,0,0,107,230,280.0,Kapa Oil Refineries,Nairobi,4,20,0,0
2025-07-30,PRD017,Newcastle Vaccine 100dos,Veterinary,Agrovet,VIAL,88.0,21.0,3,0,64,250,400.0,Interchemie Kenya,Nairob,4,10,0,0
2024-10-12,PRD001,Unga Jogoo 2kg,Flour & Grains,Mini Supermarket,bag,111.0,38.0,1,0,72,145,175.0,Unga Ltd Nairobi,Nairobi ,3,30,0,1
2025-07-24,PRD013,Malaria RDT Kit,Diagnostics,Pharmacy,PCS,103.0,0.0,2,0,101,120,200.0,   ,Nairobi ,4,25,0,0
2026-04-14,PRD013,Malaria RDT Kit,Diagnostics,Pharmacy,PCS,10.0,4.0,3,66,69,120,200.0,Medipharm Ltd,Nairobi ,4,25,0,0
2024-10-27,PRD016,Maize Seed 2kg,Seeds,Agrovet,PACK,93.0,14.0,3,0,76,380,520.0,Kenya Seed Company,Nakurru,5,15,0,1
2025-09-15,PRD011,ORS Sachets x6,Rehydration,Pharmacy,Pack,23.0,2.0,1,80,100,35,60.0,   ,,2,50,0,0
08-Sep-2024,PRD016,Maize Seed 2kg,Seeds,Agrovet,PACK,60.0,8.0,2,0,50,380,520.0,Kenya Seed Company,Nakurru,5,15,0,1
2024-04-07,PRD012,Dettol Antiseptic 100ml,Antiseptics,Pharmacy,Bottle,109.0,5.0,3,0,101,145,200.0,Reckitt Kenya,NAIROBI,3,20,0,1
2024-02-06,PRD010,Amoxicillin 250mg x6,Antibiotics,Pharmacy,Strips,50.0,14.0,1,0,35,55,90.0,Cosmos Pharmaceuticals,NAIROBI,3,40,0,0
2025-08-29,PRD011,ORS Sachets x6,Rehydration,Pharmacy,Packs,22.0,12.0,2,0,8,35,60.0,Dawa Ltd,nairobi,2,50,0,0
2024-12-17,PRD011,ORS Sachets x6,Rehydration,Pharmacy,Pack,14.0,8.0,2,0,4,35,60.0,Dawa Ltd,nairobi,2,50,0,0
2024-06-16,PRD015,CAN Fertiliser 50kg,Fertilisers,Agrovet,BAG,101.0,21.0,3,0,77,3200,3900.0,MEA Fertilisers,NAIROBI,7,5,0,1
2025-03-19,PRD018,Drenching Gun Dewormer,Veterinary,Agrovet,BOTTLE,47.0,21.0,0,45,71,480,650.0,Interchemie Kenya,nairobi,4,8,0,0
29-May-2024,PRD016,Maize Seed 2kg,Seeds,Agrovet,PACK,78.0,35.0,2,40,81,380,520.0,Kenya Seed Company,Nakurru,5,15,0,0
2024-10-28,PRD014,DAP Fertiliser 50kg,Fertilisers,Agrovet,bag,30.0,6.0,2,33,55,3800,4500.0,MEA Fertilisers,,7,5,0,0
2024-04-17,PRD008,Royco Mchuzi Mix 75g,Seasonings,Mini Supermarket,Pack,58.0,31.0,0,0,15,42,55.0,   ,nairobi,3,35,0,0
11/22/2025,PRD006,Salit Sugar 1kg,Sugar & Spices,Mini Supermarket,Bag ,,3.0,3,0,89,135,160.0,Mumias Sugar Distributor,Kisumu,5,30,0,1
2025-03-21,PRD020,Earphones Generic,Accessories,Electronics,PCS,94.0,,1,0,60,150,300.0,,NAIROBI,2,12,0,0
2026-01-27,PRD017,Newcastle Vaccine 100dos,Veterinary,Agrovet,VIAL,18.0,7.0,0,0,11,250,400.0,Interchemie Kenya,Nairob,4,10,0,0
2024-06-14,PRD020,Earphones Generic,Accessories,Electronics,PCS,70.0,33.0,1,0,22,150,300.0,,NAIROBI,2,12,0,0
09/02/2026,PRD015,CAN Fertiliser 50kg,Fertilisers,Agrovet,BAG,59.0,37.0,1,47,68,3200,3900.0,MEA Fertilisers,NAIROBI,7,5,0,0
2025-04-21,PRD007,Omo Washing Powder 1kg,Detergents,Mini Supermarket,pack,112.0,4.0,3,0,105,295,398.25,Bidco Africa Mombasa Rd,Nairob,3,12,0,0
2024-04-01,PRD010,Amoxicillin 250mg x6,antibiotics,Pharmacy,Strips,97.0,40.0,3,0,54,55,90.0,Cosmos Pharmaceuticals,NAIROBI,3,40,0,0
2024-09-25,PRD007,Omo Washing Powder 1kg,Detergents,Mini Supermarket,pack,115.0,9.0,0,0,106,295,398.25,Bidco Africa Mombasa Rd,Nairob,3,12,0,0
2025-06-26,PRD020,Earphones Generic,Accessories,Electronics,piece,108.0,7.0,0,16,117,150,300.0,,NAIROBI,2,12,0,0
2024-07-08,PRD019,Infinix Charger 33W,Accessories,Electronics,PCS,62.0,38.0,0,37,61,380,19405.530700764146,,Nairobi,2,10,0,0
2025-12-12,PRD006,Salit Sugar 1kg,Sugar & Spices,Mini Supermarket,Bag ,,21.0,2,0,76,135,160.0,Mumias Sugar Distributor,Kisumu,5,30,0,0
2026-04-08,PRD011,ORS Sachets x6,Rehydration,Pharmacy,Pack,,6.0,0,0,0,35,60.0,Dawa Ltd,nairobi,2,50,0,0
2025-11-14,PRD020,Earphones Generic,Accessories,Electronics,PCS,76.0,12.0,3,0,61,150,300.0,,NAIROBI,2,12,0,0
2024-08-30,PRD009,Paracetamol 500mg x10,Analgesics,Pharmacy,Strips,8.0,1.0,2,0,5,18,30.0,Shelys Pharmaceuticals,Nairobi ,2,60,0,0
2024-09-01,PRD020,Earphones Generic,Accessories,Electronics,PCS,19.0,4.0,0,0,15,150,300.0,,NAIROBI,2,12,0,1
2025-08-16,PRD004,KCC Butter 250g,Dairy,Mini Supermarket,piece,73.0,14.0,1,6,64,210,260.0,Brookside Dairy Ltd,kiambu,2,15,0,1
2024-04-19,PRD003,Brookside Milk 500ml,Dairy,Mini Supermarket,piece,73.0,22.0,1,0,50,55,70.0,Brookside Dairy Ltd,Kiambu ,2,40,0,0
2024-08-10,PRD010,Amoxicillin 250mg x6,Antibiotics,Pharmacy,Strips,102.0,36.0,1,0,65,55,90.0,Cosmos Pharmaceuticals,NAIROBI,3,40,0,1
2025-01-09,PRD019,Infinix Charger 33W,Accessories,Electronics,PCS,63.0,26.0,3,0,34,380,650.0,Luthuli Ave Wholesale,NAIROBI,2,10,0,0
2025-07-04,PRD004,KCC Butter 250g,Dairy,Mini Supermarket,piece,51.0,34.0,2,59,74,210,260.0,Brookside Dairy Ltd,kiambu,2,15,0,0
2024-05-25,PRD008,  Royco Mchuzi Mix 75g  ,Seasonings,Mini Supermarket,Pack,48.0,18.0,3,0,27,42,55.0,Unilever Kenya,nairobi,3,35,0,1
2025-05-07,PRD014,DAP Fertiliser 50kg,Fertilisers,Agrovet,Bags,75.0,36.0,1,0,38,3800,4500.0,MEA Fertilisers,Nairob,7,5,0,0
2025-09-16,PRD002,Pembe Unga 1kg,Flour & Grains,Mini Supermarket,BAG,81.0,16.0,2,0,63,78,95.0,,NAIROBI,3,25,0,0
2025-11-02,PRD016,Maize Seed 2kg,Seeds,Agrovet,PACK,54.0,3.0,0,0,51,380,520.0,Kenya Seed Company,Nakurru,5,15,0,1
2024-09-01,PRD016,Maize Seed 2kg,Seeds,Agrovett,PACK,23.0,0.0,1,0,22,380,520.0,Kenya Seed Company,Nakurru,5,15,0,1
2024-04-29,PRD001,Unga Jogoo 2kg,Flour & Grains,Mini Supermarket,bag,57.0,35.0,2,0,20,145,175.0,Unga Ltd Nairobi,Nairobi ,3,30,0,0
09-03-2024,PRD011,ORS Sachets x6,Rehydration,Pharmacy,Pack,117.0,-16.0,2,0,99,35,60.0,Dawa Ltd,,2,50,0,1
2025-04-28,PRD008,Royco Mchuzi Mix 75g,Seasonings,Mini Supermarket,Pack,72.0,33.0,0,0,39,42,55.0,Unilever Kenya,nairobi,3,35,0,0
2026-01-02,PRD009,Paracetamol 500mg x10,Analgesics,Pharmacy,Strips,13.0,2.0,1,0,10,18,30.0,Shelys Pharmaceuticals,Nairobi ,2,60,0,0
2024-03-10,PRD004,KCC Butter 250g,Dairy,Mini Supermarket,PCS,26.0,16.0,3,31,38,210,260.0,Brookside Dairy Ltd,kiambu,2,15,1,1
2025-06-15,PRD002,Pembe Unga 1kg,Flour & Grains,Mini Supermarket,Bags,32.0,11.0,2,49,68,78,95.0,Unga Ltd Nairobi,nairobi,3,25,0,1
2024-03-04,PRD017,Newcastle Vaccine 100dos,Veterinary,Agrovet,VIAL,21.0,10.0,0,0,11,250,400.0,Interchemie Kenya,Nairob,4,10,0,0
2025-07-02,PRD016,Maize Seed 2kg,Seeds,Agrovet,PACK,14.0,6.0,0,0,8,380,520.0,,Nakurru,5,15,0,0
2025-09-30,PRD018,Drenching Gun Dewormer,veterinary,Agrovet,Bottle,97.0,7.0,1,0,89,480,650.0,Interchemie Kenya,nairobi,4,8,0,0
2025-08-26,PRD001,Unga Jogoo 2kg,Flour & Grains,Mini Supermarket,bag,10.0,2.0,3,0,5,145,175.0,Unga Ltd Nairobi,,3,30,0,0
2025-05-02,PRD018,Drenching Gun Dewormer,Veterinary,Agrovet,Bottle,112.0,27.0,3,13,109,480,650.0,Interchemie Kenya,nairobi,4,8,0,0
2024-06-12,PRD011,ORS Sachets x6,rehydration,PHARMACY,Pack,66.0,14.0,0,0,52,35,60.0,Dawa Ltd,nairobi,2,50,0,0
2025-03-24,PRD009,Paracetamol 500mg x10,Analgesics,Pharmacy,Strips,,11.0,1,0,46,18,30.0,Shelys Pharmaceuticals,Nairobi ,2,60,0,0
13-03-2025,PRD017,Newcastle Vaccine 100dos,Veterinary,Agrovet,VIAL,65.0,20.0,2,0,43,250,400.0,Interchemie Kenya,Nairob,4,10,0,0
31/12/2025,PRD014,DAP Fertiliser 50kg,Fertilisers,Agrovet,bag,44.0,39.0,0,0,5,3800,4500.0,MEA Fertilisers,Nairob,7,5,0,0
2026-01-12,PRD011,ORS Sachets x6,Rehydration,Pharmacy,Pack,117.0,38.0,2,0,77,35,,Dawa Ltd,nairobi,2,50,0,0
2024-06-28,PRD020,Earphones Generic,Accessories,Electronics,PCS,68.0,23.0,3,0,42,150,300.0,,NAIROBI,2,12,0,0
2024-05-28,PRD005,Elianto Cooking Oil 1L,Oils & Fats,Mini Supermarket,btl,53.0,24.0,3,0,26,230,280.0,Kapa Oil Refineries,Nairobi,4,20,0,0
2025-02-28,PRD017,Newcastle Vaccine 100dos,Veterinary,Agrovet,VIAL,99.0,32.0,0,0,67,250,400.0,Interchemie Kenya,NAIROB,4,10,0,0
2025-07-08,PRD002,Pembe Unga 1kg,Flour & Grains,Mini Supermarket,BAG,72.0,21.0,2,64,113,78,95.0,Unga Ltd Nairobi,NAIROBI,3,25,0,0
2024-06-19,PRD005,Elianto Cooking Oil 1L,Oils & Fats,Mini Supermarket,btl,56.0,17.0,3,16,52,230,280.0,Kapa Oil Refineries,Nairobi,4,20,0,0
2025-02-13,PRD003,Brookside Milk 500ml,Dairy,Mini Supermarket,piece,99.0,1.0,3,48,143,55,70.0,Brookside Dairy Ltd,Kiambu ,2,40,0,0
2026-04-15,PRD009,Paracetamol 500mg x10,Analgesics,Pharmacy,Strips,87.0,40.0,3,0,44,18,30.0,Shelys Pharmaceuticals,Nairobi ,2,60,0,0
2026-01-22,PRD013,Malaria RDT Kit,Diagnostics,Pharmacy,PCS,43.0,22.0,3,2,20,120,200.0,Medipharm Ltd,Nairobi ,4,25,0,0
2026-03-16,PRD018,Drenching Gun Dewormer,Veterinary,Agrovet,Bottle,58.0,6.0,3,65,114,480,650.0,Interchemie Kenya,nairobi,4,8,0,0
2024-07-31,PRD011,ORS Sachets x6,Rehydration,Pharmacy,Pack,48.0,13.0,3,0,24,35,60.0,Dawa Ltd,nairobi,2,50,0,0
2024-02-20,PRD001,Unga Jogoo 2kg,Flour & Grains,Mini Supermarket,bag,,33.0,1,0,27,145,175.0,Unga Ltd Nairobi,Nairobi ,3,30,0,0
2025-05-22,PRD017,Newcastle Vaccine 100dos,Veterinary,Agrovet,VIAL,12.0,1.0,0,0,11,250,400.0,Interchemie Kenya,NAIROB,4,10,0,0
30-Apr-2026,PRD008,Royco Mchuzi Mix 75g,Seasonings,Mini Supermarket,Pack,,30.0,3,0,66,42,55.0,Unilever Kenya,nairobi,3,35,0,0
2024-08-01,PRD006,Salit Sugar 1kg,Sugar & Spices,Mini Supermarket,BAG,118.0,37.0,0,0,81,135,160.0,Mumias Sugar Distributor,Kisumu,5,30,0,0
2024-02-13,PRD003,Brookside Milk 500ml,Dairy,Mini Supermarket,piece,14.0,14.0,0,0,0,55,70.0,Brookside Dairy Ltd,Kiambu ,2,40,0,0
2025-06-01,PRD019,Infinix Charger 33W,Accessories,Electronics,PCS,100.0,5.0,1,11,105,380,650.0,   ,NAIROBI,2,10,1,1
2025-11-20,PRD003,Brookside Milk 500ml,Dairy,Mini Supermarket,piece,37.0,5.0,2,0,30,55,70.0,Brookside Dairy Ltd,Kiambu ,2,40,0,0
2026-04-18,PRD011,ORS Sachets x6,Rehydration,Pharmacy,Pack,58.0,26.0,3,0,29,35,60.0,Dawa Ltd,nairobi,2,50,0,1
2026-01-31,PRD017,Newcastle Vaccine 100dos,Veterinary,AGROVET,VIAL,114.0,,0,0,103,250,400.0,Interchemie Kenya,Nairob,4,10,0,1
2025-10-15,PRD020,Earphones Generic,Accessories,Electroncis,PCS,56.0,26.0,3,42,69,150,300.0,,NAIROBI,2,12,0,0
2025-01-19,PRD006,Salit Sugar 1kg,Sugar & Spices,Mini Supermarkt,Bag ,11.0,7.0,3,35,36,135,160.0,Mumias Sugar Distributor,KISUMU,5,30,0,1
2024-01-23,PRD010,Amoxicillin 250mg x6,Antibiotics,Pharmacy,Strips,35.0,8.0,3,0,24,55,90.0,Cosmos Pharmaceuticals,NAIROBI,3,40,0,0
2025-01-09,PRD001,Unga Jogoo 2kg,Flour & Grains,Mini Supermarket,bag,51.0,1.0,2,0,48,145,175.0,Unga Ltd Nairobi,Nairobi ,3,30,0,0
2025-06-02,PRD007,Omo Washing Powder 1kg,Detergents,Mini Supermarket,pack,69.0,-40.0,2,32,59,295,398.25,Bidco Africa Mombasa Rd,Nairob,3,12,0,0
2025-05-27,PRD006,Salit Sugar 1kg,Sugar & Spices,Mini Supermarket,Bag ,44.0,4.0,2,0,38,135,160.0,Mumias Sugar Distributor,Kisumu,5,30,0,0
2024-03-18,PRD015,CAN Fertiliser 50kg,Fertilisers,Agrovet,BAG,72.0,23.0,0,0,45,3200,3900.0,MEA Fertilisers,NAIROBI,7,5,0,0
2024-02-03,PRD013,Malaria RDT Kit,Diagnostics,Pharmacy,PCS,69.0,17.0,0,0,52,120,200.0,Medipharm Ltd,Nairobi ,4,25,0,1
2025-01-14,PRD015,CAN Fertiliser 50kg,Fertilisers,Agrovet,BAG,15.0,4.0,0,0,11,3200,3900.0,MEA Fertilisers,NAIROBI,7,5,0,0
2025-10-01,PRD002,Pembe Unga 1kg,Flour & Grains,Mini Supermarket,BAG,61.0,4.0,1,31,87,78,95.0,Unga Ltd Nairobi,NAIROBI,3,25,0,0
2024-05-19,PRD019,  Infinix Charger 33W  ,Accessories,Electronics,PCS,115.0,8.0,3,0,104,380,650.0,Luthuli Ave Wholesale,NAIROBI,2,10,0,1
2026-01-26,PRD015,  CAN Fertiliser 50kg  ,Fertilisers,Agrovett,BAG,10.0,6.0,3,0,15,3200,3900.0,MEA Fertilisers,NAIROBI,7,5,0,0
2024-01-21,PRD018,Drenching Gun Dewormer,VETERINARY,Agrovet,Bottle,35.0,,2,0,16,480,650.0,Interchemie Kenya,nairobi,4,8,0,1
2024-02-28,PRD001,Unga Jogoo 2kg,Flour & Grains,Mini Supermarket,bag,107.0,23.0,3,0,81,145,175.0,Unga Ltd Nairobi,Nairobi ,3,30,0,0
2024-03-27,PRD002,Pembe Unga 1kg,Flour & Grains,Mini Supermarket,BAG,97.0,17.0,2,55,124,78,95.0,Unga Ltd Nairobi,NAIROBI,3,25,0,0
2025-08-21,PRD018,Drenching Gun Dewormer,Veterinary,Agrovet,Bottle,81.0,3.0,0,0,78,480,650.0,Interchemie Kenya,nairobi,4,8,0,0
2024-04-14,PRD003,Brookside Milk 500ml,Dairy,Mini Supermarket,piece,24.0,8.0,0,0,16,55,70.0,Brookside Dairy Ltd,Kiambu ,2,40,0,1
2026-03-31,PRD011,ORS Sachets x6,Rehydration,Pharmacy,Pack,36.0,22.0,0,47,61,35,1791.2797569936133,Dawa Ltd,nairobi,2,50,0,0
2025-07-07,PRD003,Brookside Milk 500ml,Dairy,Mini Supermarket,piece,61.0,28.0,1,0,32,55,70.0,Brookside Dairy Ltd,Kiambu ,2,40,0,0
2025-07-03,PRD010,Amoxicillin 250mg x6,Antibiotics,Pharmacy,Strips,116.0,37.0,1,0,70,55,,Cosmos Pharmaceuticals,NAIROBI,3,40,0,0
2025-03-12,PRD002,Pembe Unga 1kg,Flour & Grains,Mini Supermarket,BAG,18.0,4.0,3,0,11,78,95.0,Unga Ltd Nairobi,NAIROBI,3,25,0,0
2024-12-30,PRD015,CAN Fertiliser 50kg,Fertilisers,Agrovet,BAG,25.0,8.0,0,0,17,3200,3900.0,MEA Fertilisers,NAIROBI,7,5,0,0
2026-04-15,PRD005,Elianto Cooking Oil 1L,Oils & Fats,Mini Supermarket,btl,82.0,1.0,0,0,81,230,280.0,Kapa Oil Refineries,Nairobi,4,20,0,0
2025-05-26,PRD005,Elianto Cooking Oil 1L,Oils & Fats,Mini Supermarket,btl,8.0,3.0,3,0,2,230,280.0,   ,Nairobi,4,20,0,0
19-Nov-2025,PRD006,Salit Sugar 1kg,Sugar & Spices,Mini Supermarket,Bag ,,17.0,0,62,163,135,160.0,Mumias Sugar Distributor,Kisumu,5,30,0,0
2025-02-28,PRD005,Elianto Cooking Oil 1L,Oils & Fats,Mini Supermarket,btl,98.0,7.0,2,0,89,230,,Kapa Oil Refineries,Nairobi,4,20,0,0
2024-10-07,PRD011,ORS Sachets x6,Rehydration,Pharmacy,Pack,56.0,10.0,3,4,47,35,60.0,Dawa Ltd,nairobi,2,50,0,0
2026-03-02,PRD001,Unga Jogoo 2kg,Flour & Grains,Mini Supermarket,bag,92.0,14.0,1,0,77,145,175.0,Unga Ltd Nairobi,Nairobi ,3,30,0,0
2024-07-07,PRD010,Amoxicillin 250mg x6,Antibiotics,Pharmacy,Strips,98.0,36.0,3,7,66,55,90.0,Cosmos Pharmaceuticals,NAIROBI,3,40,0,1
2024-07-22,PRD014,DAP Fertiliser 50kg,Fertilisers,Agrovet,bag,53.0,4.0,3,0,46,3800,4500.0,MEA Fertilisers,Nairob,7,5,0,0
2024-07-11,PRD016,Maize Seed 2kg,Seeds,Agrovet,Packs,99.0,,1,66,130,380,520.0,Kenya Seed Company,Nakurru,5,15,0,0
2024-07-21,PRD019,Infinix Charger 33W,Accessories,Electronics,PCS,88.0,22.0,0,4,70,380,650.0,Luthuli Ave Wholesale,NAIROBI,2,10,0,1
2024-08-24,PRD010,Amoxicillin 250mg x6,Antibiotics,Pharmacy,Strips,71.0,40.0,0,0,31,55,90.0,Cosmos Pharmaceuticals,NAIROBI,3,40,0,1
2025-09-09,PRD009,Paracetamol 500mg x10,Analgesics,Pharmacy,Strips,100.0,31.0,3,0,66,18,895.6398784968067,Shelys Pharmaceuticals,NAIROBI ,2,60,0,0
2024-07-16,PRD001,Unga Jogoo 2kg,Flour & Grains,Mini Supermarkt,bag,21.0,5.0,0,0,16,145,5224.565957898039,Unga Ltd Nairobi,Nairobi ,3,30,0,0
2025-06-02,PRD002,Pembe Unga 1kg,Flour & Grains,mini supermarket,BAG,88.0,16.0,2,0,70,78,95.0,Unga Ltd Nairobi,NAIROBI,3,25,0,0
2024-08-30,PRD001,Unga Jogoo 2kg,Flour & Grains,Mini Supermarket,Bag,23.0,10.0,3,0,10,145,175.0,Unga Ltd Nairobi,Nairobi ,3,30,0,0
2025-05-25,PRD014,DAP Fertiliser 50kg,Fertilisers,Agrovet,bag,,40.0,2,51,102,3800,4500.0,MEA Fertilisers,Nairob,7,5,0,1
2026-04-07,PRD020,Earphones Generic,Accessories,Electronics,PCS,76.0,27.0,2,79,126,150,300.0,,NAIROBI,2,12,0,0
2024-06-25,PRD014,DAP Fertiliser 50kg,Fertilisers,Agrovet,bag,116.0,34.0,2,0,80,3800,4500.0,,Nairob,7,5,0,0
2024-01-24,PRD011,ORS Sachets x6,Rehydration,Pharmacy,Pack,48.0,0.0,3,0,45,35,60.0,Dawa Ltd,,2,50,0,0
2026-01-23,PRD018,Drenching Gun Dewormer,Veterinary,Agrovet,Bottle,6.0,6.0,3,0,5,480,650.0,Interchemie Kenya,nairobi,4,8,0,0
2024-07-07,PRD019,Infinix Charger 33W,Accessories,Electronics,PCS,5.0,2.0,1,40,42,380,650.0,Luthuli Ave Wholesale,NAIROBI,2,10,1,1
2025-05-26,PRD006,Salit Sugar 1kg,Sugar & Spices,Mini Supermarket,Bag ,111.0,39.0,3,27,96,135,160.0,Mumias Sugar Distributor,Kisumu,5,30,0,0
2024-09-14,PRD002,Pembe Unga 1kg,Flour & Grains,Mini Supermarket,BAG,51.0,29.0,1,38,59,78,,Unga Ltd Nairobi,NAIROBI,3,25,0,1
2026-01-15,PRD017,Newcastle Vaccine 100dos,Veterinary,Agrovet,VIAL,19.0,16.0,2,0,1,250,400.0,Interchemie Kenya,Nairob,4,10,0,0
2024-07-01,PRD004,KCC Butter 250g,Dairy,Mini Supermarket,piece,76.0,22.0,3,0,51,210,260.0,Brookside Dairy Ltd,kiambu,2,15,0,0
2024-11-21,PRD020,Earphones Generic,Accessories,Electronics,PCS,,31.0,0,53,131,150,300.0,,NAIROBI,2,12,0,0
2024-01-06,PRD018,Drenching Gun Dewormer,Veterinary,Agrovet,Bottle,15.0,15.0,0,0,0,480,650.0,Interchemie Kenya,nairobi,4,8,0,1
2024-02-26,PRD015,CAN Fertiliser 50kg,Fertilisers,Agrovet,Bags,78.0,-15.0,1,0,62,3200,3900.0,MEA Fertilisers,NAIROBI,7,5,0,0
2026-02-02,PRD008,Royco Mchuzi Mix 75g,Seasonings,Mini Sup.,Pack,17.0,12.0,0,0,5,42,55.0,Unilever Kenya,nairobi,3,35,0,0
2024-11-14,PRD002,Pembe Unga 1kg,Flour & Grains,Mini Supermarket,BAG,102.0,7.0,2,54,147,78,95.0,Unga Ltd Nairobi,NAIROBI,3,25,0,0
2024-05-20,PRD012,Dettol Antiseptic 100ml,Antiseptics,Pharmacy,Bottle,76.0,39.0,0,20,57,145,200.0,Reckitt Kenya,NAIROBI,3,20,0,0
2025-05-27,PRD020,Earphones Generic,Accessories,Electronics,PCS,105.0,,0,6,107,150,300.0,,NAIROBI,2,12,0,0
2025-04-26,PRD003,Brookside Milk 500ml,dairy,Mini Supermarket,piece,46.0,27.0,2,0,17,55,70.0,Brookside Dairy Ltd,Kiambu ,2,40,0,1
"Feb 07, 2026",PRD009,Paracetamol 500mg x10,Analgesics,Pharmacy,Strips,78.0,22.0,1,0,55,18,30.0,Shelys Pharmaceuticals,Nairobi ,2,60,0,1
2025-10-02,PRD020,Earphones Generic,Accessories,Electronics,piece,92.0,29.0,3,0,60,150,300.0,,NAIROBI,2,12,0,0
2025-09-14,PRD015,CAN Fertiliser 50kg,Fertilisers,Agrovet,BAG,34.0,34.0,1,0,0,3200,3900.0,MEA Fertilisers,NAIROBI,7,5,0,1
2024-04-14,PRD015,CAN Fertiliser 50kg,Fertilisers,Agrovett,BAG,25.0,15.0,2,0,8,3200,3900.0,MEA Fertilisers,NAIROBI,7,5,0,1
2026-04-05,PRD005,Elianto Cooking Oil 1L,OILS & FATS,Mini Supermarket,btl,39.0,13.0,1,13,38,230,280.0,   ,Nairobi,4,20,0,1
24-08-2024,PRD017,Newcastle Vaccine 100dos,Veterinary,Agrovet,VIAL,,34.0,1,0,57,250,400.0,Interchemie Kenya,Nairob,4,10,0,1
2025-01-29,PRD002,Pembe Unga 1kg,Flour & Grains,Mini Supermarket,BAG,100.0,5.0,1,0,94,78,95.0,Unga Ltd Nairobi,NAIROBI,3,25,0,0
2024-03-10,PRD018,  Drenching Gun Dewormer  ,Veterinary,Agrovet,Bottle,46.0,39.0,2,78,83,480,19405.530700764146,,Nairobi,4,8,0,1
2024-12-25,PRD003,Brookside Milk 500ml,Dairy,Mini Supermarket,piece,5.0,1.0,0,49,53,55,,Brookside Dairy Ltd,Kiambu ,2,40,0,0
2025-12-28,PRD018,Drenching Gun Dewormer,Veterinary,Agrovet,Bottle,35.0,13.0,2,77,97,480,650.0,Interchemie Kenya,nairobi,4,8,1,1
2025-09-21,PRD007,Omo Washing Powder 1kg,Detergents,Mini Supermarket,pack,18.0,6.0,1,0,11,295,398.25,Bidco Africa Mombasa Rd,Nairob,3,12,0,1
2024-05-22,PRD001,Unga Jogoo 2kg,Flour & Grains,Mini Supermarket,bag,109.0,14.0,3,0,92,145,175.0,Unga Ltd Nairobi,Nairobi ,3,30,0,0
2025-06-25,PRD016,Maize Seed 2kg,Seeds,Agrovet,PACK,73.0,3.0,2,0,68,380,520.0,Kenya Seed Company,Nakurru,5,15,0,0
2026-03-07,PRD010,Amoxicillin 250mg x6,Antibiotics,Pharmacy,Strips,59.0,26.0,0,16,49,55,90.0,Cosmos Pharmaceuticals,NAIROBI,3,40,0,1
2024-06-30,PRD004,KCC Butter 250g,DAIRY,Mini Supermarket,piece,,15.0,0,0,10,210,260.0,Brookside Dairy Ltd,kiambu,2,15,0,1
15-Jan-2025,PRD011,ORS Sachets x6,Rehydration,Pharmacy,Pack,66.0,12.0,0,0,54,35,60.0,Dawa Ltd,nairobi,2,50,0,0
2024-12-15,PRD018,Drenching Gun Dewormer,Veterinary,Agrovet,Bottle,40.0,22.0,3,6,39,480,650.0,,nairobi,4,8,0,1
2026-04-03,PRD015,CAN Fertiliser 50kg,Fertilisers,Agrovet,BAG,20.0,4.0,1,0,15,3200,3900.0,MEA Fertilisers,NAIROBI,7,5,0,0
2026-03-17,PRD014,DAP Fertiliser 50kg,Fertilisers,Agrovet,bag,22.0,6.0,3,0,13,3800,4500.0,MEA Fertilisers,Nairob,7,5,0,0
2024-10-19,PRD015,CAN Fertiliser 50kg,Fertilisers,Agrovet,BAG,51.0,2.0,2,0,32,3200,3900.0,MEA Fertilisers,NAIROBI,7,5,0,1
2025-09-16,PRD011,ORS Sachets x6,Rehydration,Pharmcy,Pack,35.0,27.0,2,0,6,35,60.0,Dawa Ltd,nairobi,2,50,0,0
2025-11-22,PRD007,  Omo Washing Powder 1kg  ,Detergents,Mini Supermarket,pack,-11.0,7.0,3,0,1,295,398.25,Bidco Africa Mombasa Rd,Nairob,3,12,0,1
2024-11-02,PRD001,Unga Jogoo 2kg,Flour & Grains,Mini Supermarket,bag,37.0,19.0,2,77,93,145,175.0,Unga Ltd Nairobi,Nairobi ,3,30,0,1
2025-03-24,PRD009,  Paracetamol 500mg x10  ,Analgesics,Pharmacy,Strips,,11.0,1,0,46,18,30.0,Shelys Pharmaceuticals,Nairobi ,2,60,0,0
2024-06-07,PRD012,Dettol Antiseptic 100ml,Antiseptics,Pharmacy,Bottle,,14.0,3,0,36,145,200.0,Reckitt Kenya,NAIROBI,3,20,0,0
2026-04-29,PRD005,Elianto Cooking Oil 1L,Oils & Fats,mini supermarket,bottle,14.0,2.0,2,0,10,230,280.0,Kapa Oil Refineries,Nairobi,4,20,0,0
2025-07-16,PRD009,Paracetamol 500mg x10,Analgesics,Pharmacy,Strips,29.0,13.0,1,0,15,18,30.0,Shelys Pharmaceuticals,Nairobi ,2,60,0,0
2024-08-10,PRD007,Omo Washing Powder 1kg,Detergents,Mini Supermarket,pck,89.0,4.0,3,0,82,295,398.25,Bidco Africa Mombasa Rd,Nairob,3,12,0,1
2025-05-30,PRD001,Unga Jogoo 2kg,flour & grains,Mini Supermarket,Bag,39.0,,0,0,10,145,175.0,Unga Ltd Nairobi,Nairobi ,3,30,0,0
2024-11-09,PRD013,Malaria RDT Kit,Diagnostics,Pharmacy,PCS,55.0,2.0,0,0,44,120,200.0,Medipharm Ltd,Nairobi ,4,25,0,1
"Nov 14, 2025",PRD001,Unga Jogoo 2kg,Flour & Grains,Mini Supermarket,bag,30.0,9.0,1,0,20,145,175.0,Unga Ltd Nairobi,Nairobi ,3,30,0,0
2025-09-07,PRD018,Drenching Gun Dewormer,Veterinary,Agrovet,Bottle,48.0,,2,0,39,480,650.0,Interchemie Kenya,nairobi,4,8,0,1
04-04-2025,PRD007,Omo Washing Powder 1kg,Detergents,Mini Supermarket,pack,82.0,34.0,0,0,48,295,398.25,Bidco Africa Mombasa Rd,Nairob,3,12,0,0
2024-03-09,PRD005,Elianto Cooking Oil 1L,Oils & Fats,Mini Supermarket,btl,84.0,39.0,0,12,57,230,280.0,Kapa Oil Refineries,,4,20,0,1
02-02-2024,PRD001,Unga Jogoo 2kg,Flour & Grains,Mini Supermarket,bag,75.0,26.0,0,14,63,145,175.0,   ,Nairobi ,3,30,0,0
2025-08-10,PRD017,Newcastle Vaccine 100dos,Veterinary,Agrovet,VIAL,-41.0,16.0,1,0,24,250,400.0,Interchemie Kenya,Nairob,4,10,0,1
2024-11-22,PRD012,Dettol Antiseptic 100ml,Antiseptics,Pharmacy,Bottle,79.0,15.0,3,0,61,145,200.0,Reckitt Kenya,NAIROBI,3,20,0,0
2024-04-18,PRD019,Infinix Charger 33W,Accessories,Electronics,PCS,52.0,29.0,0,0,23,380,650.0,Luthuli Ave Wholesale,NAIROBI,2,10,0,0
2025-12-08,PRD009,Paracetamol 500mg x10,Analgesics,pharmacy,Strips,68.0,-22.0,1,0,45,18,30.0,Shelys Pharmaceuticals,Nairobi ,2,60,0,0
2026-02-22,PRD005,Elianto Cooking Oil 1L,Oils & Fats,Mini Supermarket,btl,31.0,,3,0,17,230,280.0,Kapa Oil Refineries,Nairobi,4,20,0,1
2025-12-05,PRD005,Elianto Cooking Oil 1L,Oils & Fats,Mini Supermarket,bottle,,3.0,2,0,90,230,280.0,Kapa Oil Refineries,Nairobi,4,20,0,0
2024-05-28,PRD006,Salit Sugar 1kg,Sugar & Spices,Mini Supermarket,Bag ,92.0,-20.0,0,32,104,135,160.0,Mumias Sugar Distributor,Kisumu,5,30,0,0
2024-01-14,PRD016,Maize Seed 2kg,Seeds,Agrovet,PACK,27.0,23.0,2,0,2,380,520.0,Kenya Seed Company,Nakurru,5,15,0,1
2026-04-10,PRD016,Maize Seed 2kg,Seeds,Agrovet,PACK,79.0,23.0,3,8,61,380,520.0,,Nakurru,5,15,0,0
2024-07-25,PRD019,Infinix Charger 33W,Accessories,Electronics,PCS,48.0,25.0,0,0,23,380,650.0,   ,NAIROBI,2,10,0,0
2025-06-16,PRD019,Infinix Charger 33W,Accessories,Electronics,PCS,120.0,7.0,2,58,169,380,650.0,Luthuli Ave Wholesale,NAIROBI,2,10,0,0
2024-12-10,PRD020,Earphones Generic,Accessories,Electronics,PCS,83.0,12.0,0,0,71,150,300.0,,NAIROBI,2,12,0,0
2025-03-20,PRD011,ORS Sachets x6,Rehydration,Pharmacy,pck,66.0,25.0,2,29,68,35,60.0,Dawa Ltd,nairobi,2,50,0,0
2026-01-11,PRD012,Dettol Antiseptic 100ml,Antiseptics,Pharmacy,Bottle,113.0,12.0,1,0,100,145,200.0,Reckitt Kenya,NAIROBI,3,20,1,1
2026-02-02,PRD010,Amoxicillin 250mg x6,Antibiotics,Pharmacy,Strips,46.0,31.0,2,0,13,55,90.0,Cosmos Pharmaceuticals,NAIROBI,3,40,0,0
2026-02-24,PRD012,Dettol Antiseptic 100ml,Antiseptics,Pharamcy,Bottle,84.0,36.0,1,38,85,145,200.0,Reckitt Kenya,NAIROBI,3,20,0,0
2026-02-13,PRD020,  Earphones Generic  ,Accessories,ELECTRONICS,PCS,46.0,40.0,1,0,5,150,,,NAIROBI,2,12,0,0
2026-02-01,PRD008,Royco Mchuzi Mix 75g,Seasonings,Mini Supermarket,Pack,18.0,5.0,0,31,44,42,55.0,Unilever Kenya,nairobi,3,35,0,1
2024-09-28,PRD017,Newcastle Vaccine 100dos,VETERINARY,Agrovet,VIAL,42.0,36.0,0,0,6,250,400.0,Interchemie Kenya,Nairob,4,10,0,1
2026-02-07,PRD008,Royco Mchuzi Mix 75g,Seasonings,Mini Supermarket,Pack,43.0,33.0,1,0,27,42,55.0,,nairobi,3,35,0,1
2024-06-18,PRD002,Pembe Unga 1kg,Flour & Grains,Mini Supermarket,BAG,94.0,33.0,3,0,58,78,95.0,Unga Ltd Nairobi,NAIROBI,3,25,0,0
2025-08-20,PRD007,Omo Washing Powder 1kg,Detergents,Mini Supermarket,pack,69.0,39.0,0,0,30,295,398.25,Bidco Africa Mombasa Rd,Nairob,3,12,0,0
2024-09-08,PRD013,Malaria RDT Kit,Diagnostics,Pharmacy,PCS,78.0,30.0,3,0,45,120,200.0,Medipharm Ltd,Nairobi ,4,25,0,1
2026-03-14,PRD002,  Pembe Unga 1kg  ,Flour & Grains,Mini Supermarket,BAG,9.0,0.0,1,0,8,78,95.0,   ,NAIROBI,3,25,0,1
2024-11-29,PRD015,CAN Fertiliser 50kg,Fertilisers,Agrovet,BAG,23.0,23.0,0,0,0,3200,,MEA Fertilisers,Nairobi,7,5,0,0
2025-04-01,PRD015,CAN Fertiliser 50kg,Fertilisers,Agrovet,Bag,92.0,40.0,2,0,50,3200,3900.0,MEA Fertilisers,NAIROBI,7,5,0,0
2025-08-25,PRD006,Salit Sugar 1kg,Sugar & Spices,Mini Supermarket,Bag ,42.0,10.0,2,0,30,135,160.0,Mumias Sugar Distributor,Kisumu,5,30,0,0
2025-04-27,PRD008,Royco Mchuzi Mix 75g,seasonings,Mini Supermarket,Pack,,,0,0,25,42,55.0,Unilever Kenya,nairobi,3,35,0,1
2025-04-15,PRD005,Elianto Cooking Oil 1L,Oils & Fats,Mini Supermarket,btl,102.0,16.0,2,0,84,230,280.0,Kapa Oil Refineries,Nairobi,4,20,0,0
2026-02-24,PRD019,Infinix Charger 33W,Accessories,Electronics,PCS,19.0,18.0,0,0,1,380,650.0,Luthuli Ave Wholesale,NAIROBI,2,10,0,0
2024-06-02,PRD015,CAN Fertiliser 50kg,Fertilisers,Agrovet,bag,20.0,1.0,0,0,19,3200,3900.0,MEA Fertilisers,NAIROBI,7,5,0,1
2026-04-28,PRD013,Malaria RDT Kit,Diagnostics,Pharmacy,PCS,36.0,24.0,2,39,34,120,200.0,Medipharm Ltd,Nairobi ,4,25,0,0
2026-03-11,PRD012,Dettol Antiseptic 100ml,Antiseptics,Pharmacy,Bottle,18.0,16.0,2,0,0,145,200.0,Reckitt Kenya,NAIROBI,3,20,0,0
2025-11-14,PRD016,Maize Seed 2kg,Seeds,Agrovet,PACK,97.0,36.0,3,77,135,380,,Kenya Seed Company,Nakurru,5,15,0,0
2025-06-13,PRD007,Omo Washing Powder 1kg,Detergents,MINI SUPERMARKET,pack,13.0,7.0,3,0,3,295,398.25,Bidco Africa Mombasa Rd,Nairob,3,12,0,0
2025-11-10,PRD015,CAN Fertiliser 50kg,Fertilisers,Agrovet,BAG,118.0,0.0,0,66,192,3200,3900.0,MEA Fertilisers,NAIROBI,7,5,0,0
2025-08-12,PRD004,KCC Butter 250g,Dairy,Mini Supermarket,piece,87.0,37.0,3,0,47,210,260.0,Brookside Dairy Ltd,kiambu,2,15,0,0
2025-04-15,PRD001,Unga Jogoo 2kg,Flour & Grains,Mini Supermarket,bag,61.0,15.0,2,0,44,145,175.0,Unga Ltd Nairobi,Nairobi ,3,30,0,0
2026-03-25,PRD016,Maize Seed 2kg,Seeds,Agrovet,PACK,27.0,20.0,1,0,6,380,520.0,Kenya Seed Company,Nakurru,5,15,0,0
2024-03-27,PRD012,Dettol Antiseptic 100ml,Antiseptics,Pharmacy,Bottle,5.0,4.0,3,67,65,145,200.0,Reckitt Kenya,NAIROBI,3,20,0,0
2024-09-23,PRD009,Paracetamol 500mg x10,Analgesics,Pharmacy,Strips,65.0,22.0,0,64,107,18,30.0,Shelys Pharmaceuticals,Nairobi ,2,60,0,0
2024-04-03,PRD018,Drenching Gun Dewormer,Veterinary,Agrovet,Bottle,10.0,9.0,3,0,0,480,650.0,Interchemie Kenya,nairobi,4,8,0,0
2025-10-06,PRD007,  Omo Washing Powder 1kg  ,Detergents,Mini Supermarket,pack,73.0,0.0,1,0,72,295,398.25,,Nairob,3,12,0,0
2024-01-05,PRD016,Maize Seed 2kg,Seeds,Agrovet,PACK,103.0,21.0,0,0,82,380,520.0,Kenya Seed Company,Nakurru,5,15,0,0
2024-11-22,PRD001,Unga Jogoo 2kg,Flour & Grains,Mini Supermarket,bag,,26.0,3,0,87,145,175.0,Unga Ltd Nairobi,Nairobi ,3,30,0,0
2024-05-03,PRD003,Brookside Milk 500ml,Dairy,Mini Supermarket,piece,119.0,23.0,0,0,96,55,70.0,Brookside Dairy Ltd,Kiambu ,2,40,0,0
18/04/2025,PRD013,Malaria RDT Kit,Diagnostics,Pharmacy,PCS,31.0,19.0,1,68,79,120,200.0,Medipharm Ltd,Nairobi ,4,25,0,0
2025-10-21,PRD015,  CAN Fertiliser 50kg  ,Fertilisers,Agrovet,BAG,101.0,25.0,3,0,73,3200,3900.0,MEA Fertilisers,NAIROBI,7,5,0,0
"Oct 03, 2024",PRD010,Amoxicillin 250mg x6,Antibiotics,Pharmacy,Strips,87.0,22.0,3,0,62,55,90.0,Cosmos Pharmaceuticals,NAIROBI,3,40,0,0
30/05/2024,PRD002,  Pembe Unga 1kg  ,Flour & Grains,Mini Supermarket,BAG,118.0,-13.0,2,0,103,78,95.0,Unga Ltd Nairobi,NAIROBI,3,25,0,0
2025-10-26,PRD006,Salit Sugar 1kg,Sugar & Spices,Mini Supermarket,Bag ,40.0,19.0,3,15,33,135,160.0,Mumias Sugar Distributor,Kisumu,5,30,0,1
31-Jul-2025,PRD008,Royco Mchuzi Mix 75g,SEASONINGS,Mini Supermarket,PACK,51.0,4.0,3,0,44,42,55.0,Unilever Kenya,nairobi,3,35,0,0
2025-04-01,PRD014,DAP Fertiliser 50kg,Fertilisers,Agrovet,bag,19.0,18.0,2,20,19,3800,4500.0,MEA Fertilisers,Nairob,7,5,0,0
2026-04-26,PRD005,Elianto Cooking Oil 1L,Oils & Fats,Mini Supermarket,btl,65.0,25.0,3,71,118,230,280.0,Kapa Oil Refineries,Nairobi,4,20,1,1
2026-03-21,PRD003,Brookside Milk 500ml,Dairy,Mini Supermarket,piece,108.0,16.0,3,0,89,55,70.0,Brookside Dairy Ltd,Kiambu ,2,40,0,1
2024-01-02,PRD010,Amoxicillin 250mg x6,Antibiotics,Pharmcy,Strips,33.0,28.0,2,0,3,55,,Cosmos Pharmaceuticals,nairobi,3,40,0,0
2025-11-15,PRD008,Royco Mchuzi Mix 75g,Seasonings,Mini Supermarket,Pack,92.0,,0,0,61,42,55.0,Unilever Kenya,nairobi,3,35,0,1
2024-04-20,PRD017,Newcastle Vaccine 100dos,Veterinary,Agrovet,VIAL,107.0,8.0,0,28,127,250,400.0,Interchemie Kenya,Nairob,4,10,0,1
2024-04-04,PRD001,Unga Jogoo 2kg,Flour & Grains,Mini Supermarket,bag,17.0,14.0,3,0,-19,145,175.0,Unga Ltd Nairobi,Nairobi ,3,30,0,0
2024-09-27,PRD019,Infinix Charger 33W,Accessories,Electronics,pcs,16.0,1.0,2,0,13,380,650.0,,NAIROBI,2,10,0,0
"Jun 29, 2024",PRD006,Salit Sugar 1kg,Sugar & Spices,Mini Supermarket,Bag ,111.0,0.0,0,0,111,135,160.0,Mumias Sugar Distributor,Kisumu,5,30,0,1
2024-07-14,PRD018,Drenching Gun Dewormer,Veterinary,Agrovet,Btl,89.0,8.0,0,0,81,480,650.0,,nairobi,4,8,0,1
2025-01-02,PRD001,Unga Jogoo 2kg,Flour & Grains,Mini Supermarket,bag,97.0,22.0,1,0,74,145,175.0,Unga Ltd Nairobi,Nairobi ,3,30,0,0
2024-10-03,PRD019,Infinix Charger 33W,Accessories,Electronics,PCS,,23.0,3,0,65,380,650.0,Luthuli Ave Wholesale,NAIROBI,2,10,0,0
2024-11-07,PRD007,Omo Washing Powder 1kg,Detergents,Mini Supermarket,pack,63.0,22.0,2,0,39,295,398.25,Bidco Africa Mombasa Rd,Nairob,3,12,0,0
2025-05-21,PRD020,Earphones Generic,Accessories,Electronics,pcs,120.0,3.0,3,0,114,150,300.0,,NAIROBI,2,12,0,0
2024-01-26,PRD019,Infinix Charger 33W,ACCESSORIES,Electronics,PCS,100.0,35.0,2,0,63,380,650.0,Luthuli Ave Wholesale,,2,10,0,0
2024-04-17,PRD005,Elianto Cooking Oil 1L,Oils & Fats,Mini Supermarket,BOTTLE,77.0,19.0,1,0,57,230,280.0,Kapa Oil Refineries,Nairobi,4,20,0,0
2025-06-28,PRD019,Infinix Charger 33W,Accessories,Electronics,PCS,34.0,12.0,1,0,21,380,650.0,   ,NAIROBI,2,10,0,1
2025-01-22,PRD010,Amoxicillin 250mg x6,Antibiotics,Pharmacy,Strips,115.0,9.0,3,0,103,55,90.0,Cosmos Pharmaceuticals,NAIROBI,3,40,0,0
2024-02-24,PRD002,Pembe Unga 1kg,Flour & Grains,Mini Supermarket,Bag,11.0,10.0,3,0,0,78,95.0,Unga Ltd Nairobi,NAIROBI,3,25,0,1
2025-12-23,PRD009,Paracetamol 500mg x10,Analgesics,Pharmacy,Strips,76.0,35.0,1,0,40,18,30.0,Shelys Pharmaceuticals,Nairobi ,2,60,0,0
2025-08-17,PRD005,Elianto Cooking Oil 1L,Oils & Fats,Mini Supermarket,btl,10.0,6.0,3,0,1,230,280.0,Kapa Oil Refineries,Nairobi,4,20,0,1
2025-03-07,PRD007,Omo Washing Powder 1kg,Detergents,Mini Supermarket,pack,100.0,1.0,2,0,97,295,398.25,Bidco Africa Mombasa Rd,NAIROB,3,12,0,0
2025-11-19,PRD002,Pembe Unga 1kg,Flour & Grains,Mini Supermarket,BAG,12.0,12.0,2,0,0,78,95.0,Unga Ltd Nairobi,NAIROBI,3,25,0,0
2025-06-18,PRD009,Paracetamol 500mg x10,Analgesics,Pharmcy,Strips,111.0,27.0,3,0,81,18,30.0,Shelys Pharmaceuticals,Nairobi ,2,60,0,0
2024-08-08,PRD001,Unga Jogoo 2kg,Flour & Grains,Mini Supermarket,bag,86.0,22.0,3,0,61,145,175.0,,Nairobi ,3,30,0,0
2024-08-25,PRD008,Royco Mchuzi Mix 75g,Seasonings,Mini Supermarket,Pack,87.0,20.0,3,0,64,42,55.0,Unilever Kenya,nairobi,3,35,0,1
2025-01-08,PRD002,Pembe Unga 1kg,Flour & Grains,Mini Supermarket,BAG,38.0,33.0,0,0,5,78,95.0,Unga Ltd Nairobi,NAIROBI,3,25,0,0
2024-06-03,PRD003,Brookside Milk 500ml,dairy,Mini Supermarket,piece,30.0,23.0,3,0,19,55,70.0,Brookside Dairy Ltd,KIAMBU ,2,40,0,0
2024-05-25,PRD011,ORS Sachets x6,Rehydration,Pharmacy,Pack,82.0,15.0,2,0,65,35,1791.2797569936133,Dawa Ltd,Nairobi,2,50,0,1
2025-10-14,PRD010,Amoxicillin 250mg x6,Antibiotics,Pharmacy,Strips,40.0,31.0,2,51,58,55,90.0,Cosmos Pharmaceuticals,NAIROBI,3,40,0,0
2025-10-03,PRD006,Salit Sugar 1kg,Sugar & Spices,Mini Supermarket,Bag ,93.0,23.0,2,68,136,135,160.0,Mumias Sugar Distributor,Kisumu,5,30,0,0
15/07/2025,PRD003,Brookside Milk 500ml,Dairy,Mini Supermarket,piece,39.0,3.0,0,0,36,55,70.0,Brookside Dairy Ltd,Kiambu ,2,40,0,0
2026-04-30,PRD013,Malaria RDT Kit,Diagnostics,Pharmacy,PCS,82.0,33.0,1,0,48,120,200.0,Medipharm Ltd,Nairobi ,4,25,0,0
2024-11-01,PRD005,Elianto Cooking Oil 1L,Oils & Fats,Mini Supermarket,btl,64.0,32.0,2,0,30,230,280.0,Kapa Oil Refineries,Nairobi,4,20,0,0
2024-10-06,PRD009,Paracetamol 500mg x10,Analgesics,Pharmacy,Strips,83.0,6.0,0,0,77,18,30.0,Shelys Pharmaceuticals,Nairobi ,2,60,0,1
2026-04-19,PRD008,  Royco Mchuzi Mix 75g  ,Seasonings,Mini Supermarket,Pack,113.0,20.0,2,0,91,42,55.0,Unilever Kenya,nairobi,3,35,0,1
2024-06-29,PRD008,Royco Mchuzi Mix 75g,Seasonings,Mini Supermarket,Packs,35.0,27.0,2,35,41,42,55.0,Unilever Kenya,,3,35,0,1
2026-04-15,PRD015,CAN Fertiliser 50kg,Fertilisers,Agrovet,BAG,33.0,30.0,0,0,3,3200,3900.0,MEA Fertilisers,NAIROBI,7,5,0,0
2024-07-27,PRD016,Maize Seed 2kg,Seeds,Agrovet,PACK,32.0,19.0,1,4,16,380,520.0,Kenya Seed Company,Nakurru,5,15,0,1
2025-12-28,PRD010,Amoxicillin 250mg x6,Antibiotics,Pharmacy,Strips,49.0,31.0,3,0,0,55,90.0,Cosmos Pharmaceuticals,NAIROBI,3,40,0,1
2025-07-19,PRD014,DAP Fertiliser 50kg,FERTILISERS,Agrovet,Bag,83.0,10.0,2,41,112,3800,4500.0,MEA Fertilisers,Nairob,7,5,0,1
2025-03-01,PRD003,Brookside Milk 500ml,Dairy,MINI SUPERMARKET,piece,9.0,6.0,2,0,1,55,70.0,Brookside Dairy Ltd,Kiambu ,2,40,0,1
2026-01-19,PRD008,Royco Mchuzi Mix 75g,Seasonings,Mini Supermarkt,Pack,77.0,39.0,0,50,88,42,55.0,Unilever Kenya,nairobi,3,35,0,0
11-04-2025,PRD017,Newcastle Vaccine 100dos,Veterinary,Agrovet,VIAL,19.0,,1,0,4,250,400.0,Interchemie Kenya,Nairob,4,10,0,0
2025-05-01,PRD014,DAP Fertiliser 50kg,Fertilisers,Agrovet,bag,119.0,16.0,0,0,103,3800,4500.0,MEA Fertilisers,Nairob,7,5,0,0
2024-06-27,PRD016,Maize Seed 2kg,Seeds,Agrovet,PACK,86.0,29.0,3,0,54,380,,Kenya Seed Company,Nakurru,5,15,0,0
2026-03-12,PRD017,Newcastle Vaccine 100dos,Veterinary,Agrovet,VIAL,40.0,18.0,0,0,22,250,400.0,Interchemie Kenya,Nairob,4,10,0,0
2026-03-25,PRD018,Drenching Gun Dewormer,Veterinary,Agrovett,Bottle,68.0,-21.0,2,0,45,480,650.0,Interchemie Kenya,nairobi,4,8,0,0
2024-05-13,PRD019,Infinix Charger 33W,Accessories,Electronics,PCS,65.0,,1,0,55,380,650.0,Luthuli Ave Wholesale,nairobi,2,10,0,0
2026-04-14,PRD017,Newcastle Vaccine 100dos,Veterinary,Agrovet,VIAL,10.0,2.0,2,0,6,250,400.0,Interchemie Kenya,Nairob,4,10,0,0
2025-10-18,PRD003,Brookside Milk 500ml,Dairy,Mini Supermarket,piece,70.0,37.0,2,0,31,55,70.0,Brookside Dairy Ltd,Kiambu ,2,40,0,1
2024-08-17,PRD016,Maize Seed 2kg,Seeds,Agrovet,PACK,16.0,9.0,2,0,5,380,520.0,Kenya Seed Company,Nakurru,5,15,0,1
"Jul 29, 2024",PRD001,Unga Jogoo 2kg,Flour & Grains,Mini Supermarket,bag,78.0,15.0,1,78,140,145,175.0,Unga Ltd Nairobi,Nairobi ,3,30,0,0
2024-06-02,PRD012,Dettol Antiseptic 100ml,Antiseptics,Pharmacy,Bottle,94.0,4.0,2,0,88,145,200.0,Reckitt Kenya,NAIROBI,3,20,0,1
2026-03-17,PRD010,Amoxicillin 250mg x6,Antibiotics,Pharamcy,Strips,58.0,35.0,0,0,23,55,90.0,Cosmos Pharmaceuticals,NAIROBI,3,40,0,0
2025-09-15,PRD006,Salit Sugar 1kg,Sugar & Spices,Mini Supermarket,Bag ,22.0,10.0,3,0,9,135,160.0,Mumias Sugar Distributor,kisumu,5,30,0,0
2024-10-26,PRD018,Drenching Gun Dewormer,Veterinary,Agrovet,Bottle,118.0,34.0,1,39,122,480,650.0,Interchemie Kenya,nairobi,4,8,0,1
2024-07-09,PRD016,Maize Seed 2kg,Seeds,Agrovet,PACK,104.0,27.0,2,0,75,380,520.0,Kenya Seed Company,Nakurru,5,15,0,0
2025-08-20,PRD002,Pembe Unga 1kg,Flour & Grains,mini supermarket,BAG,65.0,2.0,3,0,60,78,95.0,Unga Ltd Nairobi,nairobi,3,25,0,0
2025-03-07,PRD012,Dettol Antiseptic 100ml,antiseptics,Pharmacy,Bottle,10.0,2.0,2,0,6,145,200.0,Reckitt Kenya,NAIROBI,3,20,0,0
2025-03-21,PRD002,Pembe Unga 1kg,Flour & Grains,Mini Supermarket,BAG,103.0,9.0,2,0,92,78,95.0,,NAIROBI,3,25,0,0
2025-04-06,PRD006,Salit Sugar 1kg,Sugar & Spices,Mini Supermarket,Bag ,36.0,30.0,1,0,5,135,160.0,Mumias Sugar Distributor,Kisumu,5,30,0,1
2025-05-30,PRD020,Earphones Generic,Accessories,Electronics,PCS,7.0,6.0,1,0,0,150,300.0,,NAIROBI,2,12,0,0
2026-01-30,PRD001,Unga Jogoo 2kg,Flour & Grains,Mini Supermarket,bag,56.0,23.0,1,0,32,145,175.0,Unga Ltd Nairobi,Nairobi ,3,30,0,0
2025-01-22,PRD011,ORS Sachets x6,Rehydration,Pharmcy,Pack,90.0,7.0,1,0,82,35,60.0,Dawa Ltd,nairobi,2,50,0,0
09/03/2026,PRD005,Elianto Cooking Oil 1L,Oils & Fats,Mini Supermarket,btl,33.0,19.0,3,0,11,230,280.0,Kapa Oil Refineries,Nairobi,4,20,0,0
25/09/2024,PRD016,Maize Seed 2kg,Seeds,Agrovet,PACK,89.0,37.0,1,0,51,380,520.0,Kenya Seed Company,Nakurru,5,15,0,0
2025-01-23,PRD017,Newcastle Vaccine 100dos,Veterinary,Agrovet,VIAL,18.0,4.0,1,0,13,250,400.0,Interchemie Kenya,Nairob,4,10,0,0
2025-12-25,PRD010,Amoxicillin 250mg x6,Antibiotics,Pharmacy,Strips,33.0,,1,0,8,55,90.0,Cosmos Pharmaceuticals,NAIROBI,3,40,0,0
2026-04-03,PRD004,KCC Butter 250g,Dairy,Mini Supermarket,piece,87.0,,1,0,81,210,260.0,Brookside Dairy Ltd,kiambu,2,15,0,0
06-Feb-2026,PRD017,Newcastle Vaccine 100dos,Veterinary,Agrovet,VIAL,,1.0,1,0,76,250,400.0,Interchemie Kenya,Nairob,4,10,0,0
2025-10-04,PRD007,  Omo Washing Powder 1kg  ,Detergents,Mini Supermarket,pack,16.0,9.0,1,0,6,295,398.25,Bidco Africa Mombasa Rd,Nairob,3,12,0,1
2024-12-11,PRD019,Infinix Charger 33W,Accessories,Electronics,PCS,119.0,,3,0,77,380,650.0,Luthuli Ave Wholesale,NAIROBI,2,10,0,0
2025-09-07,PRD001,Unga Jogoo 2kg,Flour & Grains,Mini Supermarket,Bag,,,1,0,12,145,175.0,   ,Nairobi ,3,30,0,1
"Sep 16, 2025",PRD014,DAP Fertiliser 50kg,Fertilisers,Agrovet,bag,116.0,1.0,1,4,118,3800,4500.0,MEA Fertilisers,Nairob,7,5,0,0
2024-10-02,PRD020,Earphones Generic,Accessories,Electronics,PCS,42.0,36.0,3,1,4,150,300.0,,NAIROBI,2,12,0,0
2024-04-11,PRD009,Paracetamol 500mg x10,Analgesics,Pharamcy,Strips,,3.0,3,13,21,18,30.0,Shelys Pharmaceuticals,Nairobi ,2,60,0,0
2024-04-26,PRD002,Pembe Unga 1kg,Flour & Grains,Mini Supermarket,BAG,,40.0,2,0,48,78,95.0,Unga Ltd Nairobi,NAIROBI,3,25,0,0
15-06-2025,PRD016,Maize Seed 2kg,SEEDS,Agrovet,PACK,8.0,7.0,3,14,12,380,520.0,Kenya Seed Company,Nakurru,5,15,1,1
2026-01-07,PRD012,Dettol Antiseptic 100ml,Antiseptics,Pharmacy,Bottle,11.0,6.0,2,0,3,145,200.0,Reckitt Kenya,NAIROBI,3,20,0,0
2025-06-12,PRD002,Pembe Unga 1kg,Flour & Grains,Mini Supermarket,Bags,97.0,8.0,3,8,94,78,95.0,Unga Ltd Nairobi,NAIROBI,3,25,0,0
2025-03-07,PRD003,Brookside Milk 500ml,Dairy,Mini Supermarket,piece,30.0,3.0,2,0,25,55,70.0,Brookside Dairy Ltd,kiambu ,2,40,0,0
2025-06-06,PRD005,Elianto Cooking Oil 1L,oils & fats,Mini Supermarket,btl,68.0,13.0,3,0,52,230,280.0,Kapa Oil Refineries,nairobi,4,20,0,0
2026-04-28,PRD004,KCC Butter 250g,dairy,Mini Sup.,piece,88.0,28.0,0,37,84,210,260.0,Brookside Dairy Ltd,kiambu,2,15,0,0
2024-09-24,PRD016,Maize Seed 2kg,Seeds,Agrovet,PACK,102.0,16.0,2,0,84,380,520.0,Kenya Seed Company,Nakurru,5,15,0,0
2026-02-08,PRD010,Amoxicillin 250mg x6,Antibiotics,Pharmacy,Strips,69.0,21.0,3,0,45,55,90.0,Cosmos Pharmaceuticals,NAIROBI,3,40,0,1
2026-02-26,PRD006,Salit Sugar 1kg,Sugar & Spices,Mini Supermarket,Bag ,47.0,0.0,1,0,46,135,160.0,Mumias Sugar Distributor,KISUMU,5,30,0,0
2025-10-15,PRD019,Infinix Charger 33W,Accessories,Electronics,PCS,13.0,8.0,1,0,4,380,650.0,Luthuli Ave Wholesale,NAIROBI,2,10,0,0
2024-02-22,PRD013,Malaria RDT Kit,Diagnostics,Pharmacy,PCS,44.0,35.0,3,0,6,120,200.0,Medipharm Ltd,Nairobi ,4,25,0,0
2026-01-14,PRD002,Pembe Unga 1kg,Flour & Grains,Mini Supermarket,BAG,70.0,7.0,2,0,61,78,95.0,Unga Ltd Nairobi,NAIROBI,3,25,0,0
2025-09-15,PRD009,Paracetamol 500mg x10,Analgesics,Pharmacy,Strips,,25.0,1,0,9,18,,,Nairobi ,2,60,0,0
2026-01-03,PRD002,Pembe Unga 1kg,Flour & Grains,Mini Supermarket,BAG,108.0,5.0,1,0,102,78,95.0,Unga Ltd Nairobi,NAIROBI,3,25,0,1
2025-09-18,PRD010,Amoxicillin 250mg x6,Antibiotics,Pharmacy,Strips,69.0,31.0,1,0,37,55,90.0,Cosmos Pharmaceuticals,NAIROBI,3,40,0,0
2024-10-16,PRD003,Brookside Milk 500ml,Dairy,Mini Supermarket,piece,26.0,0.0,0,0,30,55,70.0,Brookside Dairy Ltd,,2,40,0,0
2026-01-13,PRD007,Omo Washing Powder 1kg,detergents,Mini Supermarket,pack,108.0,38.0,1,47,116,295,398.25,Bidco Africa Mombasa Rd,Nairob,3,12,0,0
2025-11-27,PRD010,Amoxicillin 250mg x6,Antibiotics,Pharmacy,Strips,88.0,21.0,1,0,66,55,90.0,Cosmos Pharmaceuticals,NAIROBI,3,40,0,0
2024-07-31,PRD013,Malaria RDT Kit,Diagnostics,Pharmacy,PCS,75.0,10.0,3,0,62,120,200.0,Medipharm Ltd,Nairobi ,4,25,0,0
2025-01-11,PRD010,Amoxicillin 250mg x6,Antibiotics,Pharmacy,Strips,75.0,24.0,0,60,111,55,90.0,,Nairobi,3,40,0,1
2025-06-02,PRD018,Drenching Gun Dewormer,Veterinary,Agrovet,Bottle,82.0,11.0,3,0,68,480,650.0,Interchemie Kenya,nairobi,4,8,0,0
2024-02-05,PRD008,Royco Mchuzi Mix 75g,Seasonings,Mini Supermarket,Pack,60.0,6.0,0,0,54,42,55.0,Unilever Kenya,nairobi,3,35,0,0
2025-06-19,PRD008,Royco Mchuzi Mix 75g,Seasonings,Mini Supermarket,Pack,115.0,10.0,0,0,105,42,55.0,Unilever Kenya,NAIROBI,3,35,0,0
2024-05-17,PRD007,Omo Washing Powder 1kg,Detergents,Mini Supermarket,pack,114.0,18.0,2,0,94,295,398.25,Bidco Africa Mombasa Rd,Nairob,3,12,0,0
2024-09-21,PRD004,KCC Butter 250g,Dairy,Mini Supermarket,piece,26.0,18.0,0,67,75,210,260.0,,kiambu,2,15,0,1
2024-05-29,PRD017,Newcastle Vaccine 100dos,Veterinary,Agrovet,VIAL,,9.0,3,9,26,250,400.0,,Nairob,4,10,0,0
2024-04-19,PRD014,DAP Fertiliser 50kg,Fertilisers,Agrovet,bag,23.0,2.0,1,0,20,3800,4500.0,MEA Fertilisers,Nairob,7,5,0,0
2024-12-05,PRD012,Dettol Antiseptic 100ml,Antiseptics,Pharmacy,Bottle,70.0,13.0,0,0,57,145,200.0,Reckitt Kenya,NAIROBI,3,20,0,0
2024-01-26,PRD014,DAP Fertiliser 50kg,Fertilisers,Agrovet,bag,63.0,17.0,2,0,44,3800,4500.0,MEA Fertilisers,Nairob,7,5,0,0
2025-02-19,PRD011,ORS Sachets x6,Rehydration,Pharmacy,Pack,40.0,16.0,3,80,101,35,60.0,Dawa Ltd,nairobi,2,50,0,0
2025-05-27,PRD019,Infinix Charger 33W,Accessories,Electronics,PCS,45.0,39.0,0,0,6,380,650.0,Luthuli Ave Wholesale,nairobi,2,10,0,0
2026-01-04,PRD012,Dettol Antiseptic 100ml,Antiseptics,Pharmacy,Bottle,9.0,4.0,1,0,4,145,200.0,Reckitt Kenya,NAIROBI,3,20,1,1
2025-07-20,PRD001,Unga Jogoo 2kg,Flour & Grains,Mini Supermarket,bag,10.0,,0,0,1,145,175.0,Unga Ltd Nairobi,NAIROBI ,3,30,0,1
2024-08-19,PRD009,Paracetamol 500mg x10,Analgesics,Pharmacy,Strips,80.0,37.0,2,0,41,18,30.0,   ,Nairobi ,2,60,0,0
06/01/2026,PRD017,Newcastle Vaccine 100dos,Veterinary,Agrovet,VIAL,63.0,4.0,0,20,91,250,400.0,Interchemie Kenya,Nairob,4,10,0,0
2025-07-16,PRD011,ORS Sachets x6,Rehydration,Pharmacy,PACK,61.0,,2,25,44,35,60.0,Dawa Ltd,nairobi,2,50,0,0
2024-05-09,PRD013,Malaria RDT Kit,Diagnostics,Pharmacy,PCS,5.0,3.0,2,21,21,120,200.0,Medipharm Ltd,Nairobi ,4,25,0,0
2024-02-27,PRD017,Newcastle Vaccine 100dos,Veterinary,Agrovett,VIAL,100.0,1.0,2,0,97,250,400.0,Interchemie Kenya,Nairob,4,10,0,0
2025-06-19,PRD003,Brookside Milk 500ml,Dairy,Mini Supermarket,piece,52.0,29.0,2,0,21,55,70.0,Brookside Dairy Ltd,kiambu ,2,40,0,0
"Jul 15, 2025",PRD006,Salit Sugar 1kg,Sugar & Spices,Mini Supermarket,Bag ,46.0,18.0,2,66,92,135,160.0,Mumias Sugar Distributor,KISUMU,5,30,0,0
23/11/2025,PRD015,CAN Fertiliser 50kg,Fertilisers,Agrovet,Bag,17.0,0.0,1,0,16,3200,3900.0,MEA Fertilisers,NAIROBI,7,5,0,1
2026-04-09,PRD008,Royco Mchuzi Mix 75g,Seasonings,Mini Supermarket,Packs,16.0,9.0,1,0,6,42,55.0,Unilever Kenya,,3,35,0,0
2025-06-05,PRD006,Salit Sugar 1kg,Sugar & Spices,Mini Supermarket,Bag ,24.0,8.0,2,63,77,135,160.0,Mumias Sugar Distributor,Kisumu,5,30,0,0
2025-08-12,PRD001,Unga Jogoo 2kg,Flour & Grains,Mini Supermarket,Bags,17.0,2.0,1,0,16,145,175.0,Unga Ltd Nairobi,Nairobi ,3,30,0,0
2025-07-14,PRD008,Royco Mchuzi Mix 75g,Seasonings,Mini Supermarket,Pack,64.0,23.0,1,0,20,42,55.0,Unilever Kenya,nairobi,3,35,0,0
2024-07-03,PRD003,Brookside Milk 500ml,Dairy,Mini Supermarket,piece,87.0,20.0,0,8,75,55,70.0,,Kiambu ,2,40,0,0
2026-02-06,PRD007,  Omo Washing Powder 1kg  ,detergents,Mini Supermarket,pack,80.0,4.0,2,50,124,295,398.25,Bidco Africa Mombasa Rd,Nairob,3,12,0,0
2024-03-06,PRD012,  Dettol Antiseptic 100ml  ,Antiseptics,Pharmacy,Bottle,38.0,13.0,3,0,22,145,200.0,,NAIROBI,3,20,0,0
2024-08-18,PRD002,Pembe Unga 1kg,Flour & Grains,Mini Supermarket,BAG,65.0,31.0,1,5,38,78,,Unga Ltd Nairobi,NAIROBI,3,25,1,1
2024-12-12,PRD011,ORS Sachets x6,Rehydration,Pharmacy,Pack,73.0,17.0,0,0,56,35,60.0,Dawa Ltd,nairobi,2,50,0,0
2026-02-27,PRD019,Infinix Charger 33W,Accessories,Electronics,PCS,12.0,0.0,0,0,12,380,650.0,Luthuli Ave Wholesale,NAIROBI,2,10,0,0
2024-03-09,PRD016,Maize Seed 2kg,Seeds,Agrovet,PACK,55.0,23.0,2,0,30,380,520.0,Kenya Seed Company,Nakurru,5,15,0,1
2025-03-27,PRD011,ORS Sachets x6,Rehydration,Pharmacy,Pack,40.0,11.0,2,0,28,35,60.0,Dawa Ltd,,2,50,0,0
01/23/2026,PRD016,Maize Seed 2kg,seeds,Agrovet,PACK,85.0,30.0,1,0,54,380,520.0,Kenya Seed Company,Nakurru,5,15,0,0
2024-09-05,PRD001,Unga Jogoo 2kg,FLOUR & GRAINS,Mini Supermarket,bag,91.0,6.0,3,0,82,145,175.0,Unga Ltd Nairobi,Nairobi ,3,30,0,0
"Mar 16, 2026",PRD003,Brookside Milk 500ml,Dairy,Mini Supermarket,piece,117.0,37.0,3,0,77,55,70.0,Brookside Dairy Ltd,Kiambu ,2,40,0,0
2024-04-28,PRD018,Drenching Gun Dewormer,Veterinary,Agrovet ,btl,66.0,1.0,3,0,62,480,650.0,   ,nairobi,4,8,0,1
2024-09-21,PRD019,Infinix Charger 33W,Accessories,Electronics,PCS,64.0,12.0,2,0,50,380,650.0,Luthuli Ave Wholesale,NAIROBI,2,10,0,1
2024-06-22,PRD018,Drenching Gun Dewormer,Veterinary,Agrovet,Bottle,23.0,5.0,2,0,16,480,650.0,Interchemie Kenya,nairobi,4,8,0,1
2025-06-25,PRD019,Infinix Charger 33W,Accessories,Electronics,PCS,6.0,5.0,1,0,0,380,,Luthuli Ave Wholesale,NAIROBI,2,10,0,0
2024-07-30,PRD003,Brookside Milk 500ml,Dairy,Mini Supermarket,piece,23.0,19.0,2,0,2,55,70.0,Brookside Dairy Ltd,,2,40,0,0
2024-02-26,PRD020,Earphones Generic,ACCESSORIES,Electronics,PCS,11.0,3.0,3,0,5,150,300.0,,NAIROBI,2,12,0,0
2025-12-07,PRD014,DAP Fertiliser 50kg,Fertilisers,Agrovet,bag,21.0,1.0,1,0,19,3800,4500.0,MEA Fertilisers,NAIROB,7,5,0,1
2025-01-08,PRD006,Salit Sugar 1kg,Sugar & Spices,Mini Supermarket,Bag ,111.0,8.0,3,0,100,135,160.0,   ,Kisumu,5,30,0,0
2025-03-07,PRD016,Maize Seed 2kg,Seeds,Agrovet,PACK,115.0,5.0,0,53,163,380,520.0,Kenya Seed Company,Nakurru,5,15,0,0
2025-05-30,PRD006,Salit Sugar 1kg,Sugar & Spices,Mini Supermarket,Bag ,38.0,28.0,3,0,7,135,160.0,Mumias Sugar Distributor,Kisumu,5,30,0,0
2024-04-09,PRD007,Omo Washing Powder 1kg,Detergents,Mini Supermarket,pack,113.0,5.0,3,0,105,295,398.25,Bidco Africa Mombasa Rd,,3,12,0,0
2025-11-18,PRD002,Pembe Unga 1kg,Flour & Grains,Mini Supermarket,BAG,65.0,11.0,1,0,53,78,95.0,Unga Ltd Nairobi,NAIROBI,3,25,0,0
2025-05-08,PRD006,Salit Sugar 1kg,Sugar & Spices,Mini Supermarket,Bag ,78.0,3.0,3,0,72,135,160.0,Mumias Sugar Distributor,Kisumu,5,30,0,0
"Aug 07, 2025",PRD018,Drenching Gun Dewormer,Veterinary,Agrovet,Btl,117.0,18.0,1,0,98,480,650.0,Interchemie Kenya,nairobi,4,8,0,0
2024-01-29,PRD004,KCC Butter 250g,Dairy,Mini Supermarket,piece,-69.0,34.0,3,0,32,210,260.0,Brookside Dairy Ltd,kiambu,2,15,0,0
18/01/2026,PRD015,CAN Fertiliser 50kg,Fertilisers,Agrovet,BAG,74.0,21.0,1,0,52,3200,3900.0,MEA Fertilisers,NAIROBI,7,5,0,1
2025-12-10,PRD002,Pembe Unga 1kg,Flour & Grains,Mini Supermarket,BAG,12.0,4.0,2,0,6,78,95.0,Unga Ltd Nairobi,NAIROBI,3,25,0,0
2026-02-11,PRD003,Brookside Milk 500ml,Dairy,Mini Supermarket,piece,115.0,-24.0,3,62,150,55,70.0,,Kiambu ,2,40,0,0
2025-06-26,PRD003,Brookside Milk 500ml,Dairy,Mini Supermarket,piece,27.0,14.0,2,0,11,55,70.0,Brookside Dairy Ltd,Kiambu ,2,40,0,0
2025-10-23,PRD016,Maize Seed 2kg,Seeds,Agrovet,PACK,10.0,9.0,3,0,0,380,520.0,Kenya Seed Company,,5,15,0,0
2024-09-08,PRD018,Drenching Gun Dewormer,Veterinary,Agrovet,Bottle,62.0,20.0,3,0,39,480,650.0,Interchemie Kenya,nairobi,4,8,1,1
2024-04-10,PRD016,Maize Seed 2kg,Seeds,Agrovet,PACK,61.0,0.0,0,0,61,380,520.0,Kenya Seed Company,Nakurru,5,15,0,0
2024-09-20,PRD007,Omo Washing Powder 1kg,Detergents,Mini Supermarket,pack,22.0,8.0,1,0,13,295,398.25,Bidco Africa Mombasa Rd,Nairob,3,12,0,0
2024-01-22,PRD015,CAN Fertiliser 50kg,Fertilisers,Agrovet ,BAG,114.0,26.0,1,0,87,3200,3900.0,MEA Fertilisers,nairobi,7,5,0,0
2025-02-11,PRD009,Paracetamol 500mg x10,Analgesics,Pharmacy,Strips,14.0,8.0,1,0,5,18,30.0,Shelys Pharmaceuticals,Nairobi ,2,60,0,0
2024-12-30,PRD007,Omo Washing Powder 1kg,Detergents,Mini Supermarket,pack,,27.0,1,0,59,295,398.25,Bidco Africa Mombasa Rd,,3,12,0,0
2024-09-27,PRD014,DAP Fertiliser 50kg,Fertilisers,Agrovet,bag,70.0,12.0,3,0,55,3800,,   ,Nairob,7,5,0,0
2024-07-13,PRD011,ORS Sachets x6,Rehydration,Pharmacy,Pack,118.0,24.0,1,0,93,35,60.0,Dawa Ltd,nairobi,2,50,0,1
2024-09-20,PRD003,Brookside Milk 500ml,Dairy,Mini Supermarket,pcs,,38.0,3,0,72,55,70.0,,Kiambu ,2,40,0,0
2024-05-26,PRD010,Amoxicillin 250mg x6,Antibiotics,Pharmacy,Strips,8.0,6.0,1,7,22,55,90.0,Cosmos Pharmaceuticals,,3,40,0,1
2025-09-03,PRD018,Drenching Gun Dewormer,veterinary,Agrovet,Bottle,77.0,37.0,0,0,40,480,650.0,Interchemie Kenya,nairobi,4,8,0,0
07/09/2025,PRD014,DAP Fertiliser 50kg,Fertilisers,Agrovet,bag,38.0,30.0,1,74,81,3800,4500.0,MEA Fertilisers,Nairob,7,5,0,0
2025-04-02,PRD014,DAP Fertiliser 50kg,Fertilisers,Agrovet,bag,65.0,5.0,2,76,134,3800,4500.0,,Nairob,7,5,0,0
2024-10-31,PRD014,DAP Fertiliser 50kg,Fertilisers,Agrovet,bag,101.0,32.0,2,0,67,3800,4500.0,MEA Fertilisers,Nairob,7,5,0,0
2024-02-26,PRD014,DAP Fertiliser 50kg,Fertilisers,Agrovet,bag,84.0,29.0,0,63,118,3800,134345.981774521,MEA Fertilisers,Nairob,7,5,0,0
2025-10-29,PRD011,ORS Sachets x6,Rehydration,Pharmacy,Pack,59.0,3.0,1,0,35,35,60.0,Dawa Ltd,nairobi,2,50,0,0
2025-09-08,PRD018,Drenching Gun Dewormer,Veterinary,Agrovet,Bottle,40.0,5.0,2,0,33,480,650.0,Interchemie Kenya,nairobi,4,8,0,0
2026-03-05,PRD008,Royco Mchuzi Mix 75g,Seasonings,Mini Supermarket,Pack,33.0,22.0,3,37,45,42,55.0,Unilever Kenya,,3,35,0,0
2024-02-13,PRD014,DAP Fertiliser 50kg,Fertilisers,Agrovet,bag,,14.0,3,0,101,3800,4500.0,MEA Fertilisers,Nairob,7,5,0,0
2024-01-16,PRD017,Newcastle Vaccine 100dos,Veterinary,Agrovet,VIAL,95.0,27.0,0,0,68,250,400.0,Interchemie Kenya,Nairob,4,10,0,0
2025-01-08,PRD019,Infinix Charger 33W,Accessories,Electronics,PCS,66.0,30.0,1,0,35,380,650.0,Luthuli Ave Wholesale,NAIROBI,2,10,0,0
2026-01-23,PRD019,Infinix Charger 33W,Accessories,Electronics,PCS,,27.0,2,56,84,380,650.0,Luthuli Ave Wholesale,NAIROBI,2,10,0,0
2025-05-30,PRD016,Maize Seed 2kg,Seeds,Agrovet,PACK,26.0,1.0,1,0,24,380,520.0,Kenya Seed Company,Nakurru,5,15,0,0
2024-12-30,PRD005,Elianto Cooking Oil 1L,Oils & Fats,Mini Supermarket,btl,33.0,25.0,1,0,7,230,280.0,Kapa Oil Refineries,nairobi,4,20,0,0
2024-10-31,PRD017,Newcastle Vaccine 100dos,Veterinary,Agrovet,VIAL,64.0,11.0,2,0,58,250,400.0,Interchemie Kenya,Nairob,4,10,0,0
2024-07-17,PRD007,Omo Washing Powder 1kg,Detergents,Mini Supermarket,Pack,100.0,36.0,0,0,64,295,398.25,Bidco Africa Mombasa Rd,,3,12,0,0
2024-09-29,PRD004,KCC Butter 250g,Dairy,Mini Supermarket,PCS,103.0,32.0,0,59,130,210,260.0,Brookside Dairy Ltd,kiambu,2,15,0,1
2025-11-06,PRD019,Infinix Charger 33W,Accessories,Electronics,PCS,39.0,39.0,1,0,0,380,650.0,Luthuli Ave Wholesale,NAIROBI,2,10,0,0
2025-05-20,PRD009,  Paracetamol 500mg x10  ,Analgesics,Pharmacy,Strips,9.0,6.0,1,8,10,18,,,Nairobi ,2,60,0,0
2025-11-21,PRD019,Infinix Charger 33W,Accessories,Electronics,PCS,16.0,16.0,1,0,0,380,650.0,Luthuli Ave Wholesale,NAIROBI,2,10,0,0
2024-01-27,PRD006,Salit Sugar 1kg,Sugar & Spices,Mini Supermarket,Bag ,78.0,,3,0,57,135,160.0,Mumias Sugar Distributor,Kisumu,5,30,0,1
2025-05-26,PRD011,ORS Sachets x6,Rehydration,Pharmacy,Pack,48.0,35.0,1,0,12,35,60.0,,nairobi,2,50,0,0
2024-04-07,PRD012,Dettol Antiseptic 100ml,Antiseptics,Pharmcy,Bottle,109.0,5.0,3,0,101,145,200.0,Reckitt Kenya,NAIROBI,3,20,0,1
2025-06-26,PRD007,Omo Washing Powder 1kg,Detergents,Mini Supermarket,pack,108.0,11.0,3,23,117,295,398.25,Bidco Africa Mombasa Rd,Nairob,3,12,0,0
27/12/2024,PRD015,  CAN Fertiliser 50kg  ,Fertilisers,Agrovet,BAG,21.0,5.0,3,0,13,3200,3900.0,,NAIROBI,7,5,0,0
15-02-2026,PRD006,Salit Sugar 1kg,Sugar & Spices,Mini Supermarket,Bag ,-65.0,28.0,2,0,35,135,160.0,Mumias Sugar Distributor,Kisumu,5,30,0,1
2024-12-11,PRD017,Newcastle Vaccine 100dos,Veterinary,Agrovet,VIAL,83.0,29.0,2,0,52,250,400.0,Interchemie Kenya,Nairob,4,10,0,0
2025-03-13,PRD004,KCC Butter 250g,Dairy,Mini Supermarket,piece,,16.0,3,0,3,210,260.0,,kiambu,2,15,0,0
2026-03-04,PRD015,CAN Fertiliser 50kg,fertilisers,Agrovet,BAG,60.0,28.0,1,0,11,3200,3900.0,MEA Fertilisers,NAIROBI,7,5,0,0
2024-08-05,PRD003,Brookside Milk 500ml,Dairy,Mini Supermarket,piece,120.0,21.0,0,0,99,55,70.0,Brookside Dairy Ltd,Kiambu ,2,40,0,0
2024-11-24,PRD010,Amoxicillin 250mg x6,Antibiotics,Pharmacy,Strips,12.0,5.0,2,0,5,55,90.0,Cosmos Pharmaceuticals,NAIROBI,3,40,1,1
2024-02-08,PRD019,Infinix Charger 33W,Accessories,Electronics,PCS,48.0,,3,0,38,380,650.0,Luthuli Ave Wholesale,NAIROBI,2,10,0,0
2025-04-07,PRD005,Elianto Cooking Oil 1L,Oils & Fats,Mini Supermarket,btl,25.0,18.0,2,0,5,230,280.0,Kapa Oil Refineries,,4,20,0,0
2025-03-24,PRD018,Drenching Gun Dewormer,Veterinary,Agrovet,Bottle,91.0,30.0,0,0,61,480,650.0,,nairobi,4,8,0,0
2024-04-22,PRD012,Dettol Antiseptic 100ml,Antiseptics,Pharmacy,btl,75.0,30.0,0,49,94,145,200.0,Reckitt Kenya,NAIROBI,3,20,0,0
2024-12-08,PRD002,Pembe Unga 1kg,Flour & Grains,Mini Supermarket,Bag,53.0,6.0,0,39,71,78,95.0,Unga Ltd Nairobi,nairobi,3,25,0,1
2025-05-31,PRD009,Paracetamol 500mg x10,Analgesics,Pharmacy,Strips,,2.0,1,0,10,18,30.0,Shelys Pharmaceuticals,Nairobi ,2,60,0,1
2024-09-26,PRD009,  Paracetamol 500mg x10  ,Analgesics,Pharmacy,Strips,62.0,20.0,1,6,47,18,30.0,Shelys Pharmaceuticals,nairobi ,2,60,0,0
2024-02-19,PRD003,Brookside Milk 500ml,Dairy,Mini Supermarket,piece,44.0,29.0,3,47,59,55,70.0,Brookside Dairy Ltd,Kiambu ,2,40,0,0
2024-01-20,PRD015,CAN Fertiliser 50kg,Fertilisers,Agrovet,BAG,23.0,20.0,0,0,3,3200,3900.0,MEA Fertilisers,NAIROBI,7,5,0,1
2024-07-18,PRD018,Drenching Gun Dewormer,Veterinary,Agrovet,Bottle,,18.0,0,0,41,480,650.0,Interchemie Kenya,nairobi,4,8,0,0
2024-04-16,PRD008,Royco Mchuzi Mix 75g,Seasonings,Mini Supermarket,Pack,75.0,29.0,0,0,46,42,55.0,Unilever Kenya,nairobi,3,35,0,0
01/31/2024,PRD002,  Pembe Unga 1kg  ,Flour & Grains,Mini Supermarket,BAG,88.0,28.0,2,74,132,78,95.0,   ,NAIROBI,3,25,0,0
2026-01-22,PRD020,Earphones Generic,Accessories,Electronics,PCS,96.0,9.0,3,0,84,150,300.0,,,2,12,0,0
2025-04-18,PRD003,Brookside Milk 500ml,Dairy,Mini Supermarket,piece,82.0,2.0,1,0,90,55,70.0,Brookside Dairy Ltd,Kiambu ,2,40,0,0
05/24/2025,PRD017,Newcastle Vaccine 100dos,Veterinary,Agrovet,VIAL,98.0,11.0,3,0,84,250,,Interchemie Kenya,Nairob,4,10,0,1
2026-02-06,PRD016,Maize Seed 2kg,Seeds,Agrovet,PACK,48.0,3.0,0,0,45,380,15524.424560611316,Kenya Seed Company,Nakurru,5,15,0,0
2024-11-18,PRD002,Pembe Unga 1kg,Flour & Grains,Mini Supermarket,BAG,77.0,,1,0,66,78,95.0,Unga Ltd Nairobi,NAIROBI,3,25,0,0
2025-09-06,PRD003,Brookside Milk 500ml,Dairy,Mini Supermarket,Pcs,75.0,9.0,3,0,48,55,70.0,Brookside Dairy Ltd,Kiambu ,2,40,0,1
2024-12-18,PRD002,Pembe Unga 1kg,Flour & Grains,Mini Supermarket,BAG,119.0,23.0,3,0,93,78,95.0,Unga Ltd Nairobi,NAIROBI,3,25,0,0
2025-03-24,PRD008,Royco Mchuzi Mix 75g,Seasonings,Mini Supermarket,Pack,54.0,29.0,0,0,25,42,55.0,Unilever Kenya,nairobi,3,35,0,0
2024-01-25,PRD019,Infinix Charger 33W,accessories,Electronics,PCS,36.0,,2,0,29,380,650.0,Luthuli Ave Wholesale,NAIROBI,2,10,0,0
2026-04-04,PRD008,Royco Mchuzi Mix 75g,seasonings,Mini Supermarket,pck,59.0,7.0,3,0,49,42,55.0,,Nairobi,3,35,0,1
19-09-2024,PRD011,ORS Sachets x6,Rehydration,Pharmacy,Pack,85.0,20.0,3,0,62,35,60.0,Dawa Ltd,nairobi,2,50,0,0
2024-04-10,PRD007,Omo Washing Powder 1kg,Detergents,Mini Supermarket,pck,21.0,,2,35,15,295,398.25,Bidco Africa Mombasa Rd,Nairob,3,12,0,0
2024-07-26,PRD011,ORS Sachets x6,Rehydration,Pharmacy,Pack,35.0,23.0,3,0,9,35,60.0,Dawa Ltd,nairobi,2,50,0,0
23/06/2025,PRD002,Pembe Unga 1kg,Flour & Grains,Mini Supermarket,BAG,67.0,5.0,3,0,59,78,95.0,Unga Ltd Nairobi,NAIROBI,3,25,0,0
2025-10-21,PRD011,ORS Sachets x6,Rehydration,Pharmacy,Pack,25.0,16.0,3,0,6,35,,Dawa Ltd,nairobi,2,50,0,0
2025-08-08,PRD011,ORS Sachets x6,Rehydration,Pharmacy,Pack,66.0,14.0,3,0,49,35,60.0,Dawa Ltd,NAIROBI,2,50,0,0
2025-10-18,PRD010,Amoxicillin 250mg x6,Antibiotics,Pharmacy,Strips,53.0,6.0,1,36,82,55,2686.91963549042,Cosmos Pharmaceuticals,NAIROBI,3,40,0,1
2025-02-06,PRD001,Unga Jogoo 2kg,Flour & Grains,Mini Supermarket,bag,66.0,11.0,1,0,54,145,175.0,Unga Ltd Nairobi,Nairobi ,3,30,0,0
19-Oct-2025,PRD007,Omo Washing Powder 1kg,Detergents,Mini Supermarket,pack,25.0,21.0,0,0,4,295,,Bidco Africa Mombasa Rd,nairob,3,12,0,1
2025-02-06,PRD019,Infinix Charger 33W,Accessories,Electronics,pcs,40.0,25.0,3,0,8,380,19405.530700764146,Luthuli Ave Wholesale,NAIROBI,2,10,0,0
2024-04-06,PRD015,CAN Fertiliser 50kg,Fertilisers,Agrovet,BAG,67.0,,1,57,105,3200,3900.0,MEA Fertilisers,NAIROBI,7,5,0,1
2024-10-07,PRD017,Newcastle Vaccine 100dos,Veterinary,Agrovet,VIAL,120.0,33.0,1,0,86,250,400.0,Interchemie Kenya,Nairob,4,10,0,0
2024-12-18,PRD012,Dettol Antiseptic 100ml,Antiseptics,Pharmacy,Bottle,12.0,12.0,1,0,0,145,200.0,Reckitt Kenya,NAIROBI,3,20,0,0
2024-09-19,PRD017,Newcastle Vaccine 100dos,Veterinary,Agrovet,VIAL,69.0,4.0,2,0,63,250,400.0,Interchemie Kenya,Nairob,4,10,0,0
2025-12-09,PRD008,Royco Mchuzi Mix 75g,Seasonings,Mini Supermarket,Pack,38.0,15.0,2,49,70,42,55.0,Unilever Kenya,nairobi,3,35,0,0
2025-09-30,PRD009,Paracetamol 500mg x10,Analgesics,PHARMACY,Strips,44.0,17.0,3,59,83,18,895.6398784968067,Shelys Pharmaceuticals,,2,60,0,0
03/26/2026,PRD006,Salit Sugar 1kg,Sugar & Spices,Mini Supermarket,Bag ,15.0,12.0,1,0,2,135,160.0,Mumias Sugar Distributor,Kisumu,5,30,0,0
2025-02-03,PRD016,Maize Seed 2kg,Seeds,Agrovet,PACK,21.0,12.0,0,0,9,380,520.0,Kenya Seed Company,Nakurru,5,15,0,0
2025-09-09,PRD011,ORS Sachets x6,Rehydration,Pharmacy,Pack,12.0,11.0,3,0,0,35,60.0,Dawa Ltd,nairobi,2,50,0,0
2025-09-02,PRD008,Royco Mchuzi Mix 75g,Seasonings,Mini Supermarket,Pack,18.0,15.0,3,0,0,42,,Unilever Kenya,nairobi,3,35,0,0
2024-07-17,PRD004,KCC Butter 250g,DAIRY,Mini Supermarket,piece,59.0,,0,0,34,210,260.0,Brookside Dairy Ltd,kiambu,2,15,0,0
2026-02-06,PRD011,ORS Sachets x6,Rehydration,Pharmacy,Pack,22.0,18.0,2,0,2,35,60.0,   ,nairobi,2,50,0,0
2024-05-22,PRD018,Drenching Gun Dewormer,Veterinary,Agrovet,Btl,,-28.0,0,28,51,480,650.0,   ,nairobi,4,8,0,0
2024-06-15,PRD011,ORS Sachets x6,REHYDRATION,Pharmacy,Packs,38.0,11.0,3,0,24,35,60.0,Dawa Ltd,nairobi,2,50,0,1
2025-04-11,PRD015,CAN Fertiliser 50kg,FERTILISERS,Agrovet,BAG,6.0,4.0,3,0,0,3200,3900.0,MEA Fertilisers,NAIROBI,7,5,0,0
2025-12-04,PRD004,KCC Butter 250g,Dairy,Mini Supermarket,piece,-118.0,1.0,1,56,172,210,260.0,Brookside Dairy Ltd,kiambu,2,15,0,0
2024-09-21,PRD011,ORS Sachets x6,Rehydration,Pharmacy,Pack,81.0,16.0,1,47,111,35,60.0,Dawa Ltd,nairobi,2,50,0,1
2025-08-27,PRD001,Unga Jogoo 2kg,Flour & Grains,Mini Supermarket,bag,98.0,6.0,2,64,154,145,175.0,Unga Ltd Nairobi,Nairobi ,3,30,0,0
2024-10-04,PRD016,Maize Seed 2kg,Seeds,Agrovet,PACK,68.0,19.0,1,6,54,380,520.0,Kenya Seed Company,Nakurru,5,15,0,0
2024-02-17,PRD014,DAP Fertiliser 50kg,Fertilisers,Agrovet,bag,99.0,2.0,3,9,103,3800,4500.0,MEA Fertilisers,Nairob,7,5,0,1
2024-04-14,PRD013,  Malaria RDT Kit  ,Diagnostics,Pharmacy,PCS,59.0,25.0,0,0,34,120,200.0,Medipharm Ltd,Nairobi ,4,25,0,1
2025-06-30,PRD009,Paracetamol 500mg x10,Analgesics,Pharmacy,Strips,114.0,32.0,1,0,81,18,30.0,Shelys Pharmaceuticals,Nairobi ,2,60,0,0
2025-08-02,PRD012,Dettol Antiseptic 100ml,Antiseptics,Pharmacy,Bottle,,5.0,2,0,51,145,200.0,Reckitt Kenya,NAIROBI,3,20,0,1
2025-04-12,PRD004,KCC Butter 250g,Dairy,Mini Supermarket,piece,19.0,5.0,3,65,76,210,260.0,Brookside Dairy Ltd,kiambu,2,15,0,1
2024-02-04,PRD010,Amoxicillin 250mg x6,Antibiotics,Pharmacy,Strips,116.0,6.0,3,58,165,55,90.0,Cosmos Pharmaceuticals,NAIROBI,3,40,1,1
2025-02-05,PRD016,Maize Seed 2kg,Seeds,Agrovet,PACK,24.0,19.0,0,0,5,380,520.0,Kenya Seed Company,Nakurru,5,15,0,0
2025-11-10,PRD013,Malaria RDT Kit,Diagnostics,Pharmacy,PCS,10.0,1.0,0,22,31,120,200.0,Medipharm Ltd,Nairobi ,4,25,0,0
2025-04-21,PRD008,Royco Mchuzi Mix 75g,SEASONINGS,Mini Supermarket,pck,98.0,20.0,0,31,109,42,1642.0064439108123,Unilever Kenya,,3,35,0,0
2024-05-11,PRD003,Brookside Milk 500ml,Dairy,Mini Supermarkt,piece,33.0,22.0,2,49,58,55,70.0,Brookside Dairy Ltd,Kiambu ,2,40,0,1
2025-05-15,PRD002,Pembe Unga 1kg,flour & grains,Mini Supermarket,BAG,51.0,9.0,1,0,41,78,95.0,Unga Ltd Nairobi,NAIROBI,3,25,0,0
2024-03-28,PRD001,  Unga Jogoo 2kg  ,Flour & Grains,Mini Supermarket,bag,33.0,19.0,0,0,14,145,175.0,Unga Ltd Nairobi,Nairobi ,3,30,0,0
2024-11-27,PRD004,KCC Butter 250g,Dairy,Mini Supermarket,PCS,78.0,38.0,0,0,56,210,260.0,Brookside Dairy Ltd,kiambu,2,15,0,0
2026-01-29,PRD003,Brookside Milk 500ml,Dairy,Mini Supermarket,piece,88.0,7.0,3,4,82,55,70.0,Brookside Dairy Ltd,Kiambu ,2,40,0,0
2025-03-25,PRD005,Elianto Cooking Oil 1L,Oils & Fats,Mini Supermarket,btl,98.0,,3,36,102,230,280.0,Kapa Oil Refineries,Nairobi,4,20,0,0
2024-08-07,PRD017,Newcastle Vaccine 100dos,Veterinary,Agrovet ,VIAL,19.0,1.0,1,0,17,250,400.0,Interchemie Kenya,,4,10,0,0
2025-07-13,PRD006,Salit Sugar 1kg,Sugar & Spices,Mini Supermarket,Bag ,7.0,3.0,3,0,1,135,160.0,Mumias Sugar Distributor,Kisumu,5,30,0,1
2026-03-20,PRD004,KCC Butter 250g,Dairy,Mini Supermarket,piece,7.0,1.0,2,0,4,210,260.0,Brookside Dairy Ltd,kiambu,2,15,0,0
2026-01-30,PRD020,Earphones Generic,Accessories,Electronics,PCS,21.0,,2,0,16,150,300.0,,NAIROBI,2,12,0,0
2025-06-12,PRD014,DAP Fertiliser 50kg,Fertilisers,Agrovet,bag,96.0,15.0,0,0,81,3800,4500.0,MEA Fertilisers,Nairob,7,5,0,0
2025-04-02,PRD009,Paracetamol 500mg x10,Analgesics,Pharmacy,Strips,46.0,39.0,1,80,86,18,30.0,Shelys Pharmaceuticals,,2,60,0,0
2025-04-25,PRD006,Salit Sugar 1kg,Sugar & Spices,Mini Supermarket,Bag ,100.0,6.0,3,0,91,135,160.0,Mumias Sugar Distributor,Kisumu,5,30,0,0
2024-02-17,PRD018,Drenching Gun Dewormer,Veterinary,Agrovet,Bottle,95.0,40.0,3,0,52,480,650.0,Interchemie Kenya,nairobi,4,8,0,1
2025-12-16,PRD005,Elianto Cooking Oil 1L,oils & fats,Mini Supermarket,btl,6.0,3.0,2,47,48,230,280.0,Kapa Oil Refineries,Nairobi,4,20,0,0
2024-05-31,PRD012,  Dettol Antiseptic 100ml  ,Antiseptics,Pharmacy,Bottle,24.0,0.0,3,0,21,145,200.0,Reckitt Kenya,NAIROBI,3,20,0,0
2024-06-05,PRD011,ORS Sachets x6,Rehydration,Pharmacy,Pack,79.0,25.0,1,0,53,35,60.0,   ,nairobi,2,50,0,0
2026-01-31,PRD003,Brookside Milk 500ml,DAIRY,Mini Supermarket,piece,87.0,18.0,3,0,66,55,70.0,Brookside Dairy Ltd,kiambu ,2,40,0,1
2025-12-09,PRD007,  Omo Washing Powder 1kg  ,Detergents,Mini Supermarket,pack,10.0,2.0,1,3,10,295,,Bidco Africa Mombasa Rd,Nairob,3,12,0,0
2025-02-17,PRD012,Dettol Antiseptic 100ml,Antiseptics,Pharmacy,Bottle,40.0,17.0,0,0,23,145,5970.932523312044,Reckitt Kenya,NAIROBI,3,20,0,0
30-Jan-2025,PRD004,KCC Butter 250g,Dairy,mini supermarket,piece,90.0,10.0,2,0,78,210,260.0,Brookside Dairy Ltd,,2,15,0,0
2024-09-07,PRD013,Malaria RDT Kit,Diagnostics,Pharmacy,PCS,,14.0,1,6,59,120,200.0,Medipharm Ltd,Nairobi ,4,25,0,1
2025-11-08,PRD007,Omo Washing Powder 1kg,Detergents,Mini Supermarket,pack,,24.0,1,11,23,295,398.25,Bidco Africa Mombasa Rd,Nairob,3,12,0,1
07-Dec-2024,PRD001,Unga Jogoo 2kg,Flour & Grains,Mini Supermarket,bag,36.0,4.0,2,14,44,145,175.0,Unga Ltd Nairobi,Nairobi ,3,30,0,1
2024-01-08,PRD016,Maize Seed 2kg,Seeds,Agrovet,PACK,48.0,6.0,1,68,109,380,520.0,Kenya Seed Company,Nakurru,5,15,0,0
2026-01-01,PRD019,Infinix Charger 33W,Accessories,Electronics,PCS,19.0,15.0,0,0,4,380,650.0,Luthuli Ave Wholesale,NAIROBI,2,10,0,0
2024-11-05,PRD002,Pembe Unga 1kg,Flour & Grains,Mini Supermarket,BAG,91.0,35.0,1,77,132,78,95.0,Unga Ltd Nairobi,,3,25,0,0
2024-07-02,PRD008,Royco Mchuzi Mix 75g,Seasonings,MINI SUPERMARKET,Pack,118.0,1.0,2,0,115,42,55.0,Unilever Kenya,nairobi,3,35,0,0
22/06/2024,PRD008,Royco Mchuzi Mix 75g,Seasonings,Mini Supermarket,Pack,53.0,39.0,2,0,12,42,55.0,Unilever Kenya,nairobi,3,35,0,1
2024-08-12,PRD002,Pembe Unga 1kg,Flour & Grains,Mini Supermarket,BAG,103.0,31.0,3,0,69,78,95.0,Unga Ltd Nairobi,NAIROBI,3,25,0,0
2025-11-03,PRD007,Omo Washing Powder 1kg,detergents,Mini Supermarket,pack,26.0,1.0,1,0,24,295,11889.619387045108,Bidco Africa Mombasa Rd,Nairob,3,12,0,0
2025-08-26,PRD008,Royco Mchuzi Mix 75g,Seasonings,Mini Supermarket,pck,98.0,1.0,0,0,97,42,55.0,Unilever Kenya,nairobi,3,35,0,0
2025-07-19,PRD004,KCC Butter 250g,Dairy,Mini Supermarket,piece,67.0,31.0,3,0,33,210,260.0,Brookside Dairy Ltd,kiambu,2,15,0,1
2024-01-29,PRD012,Dettol Antiseptic 100ml,Antiseptics,Pharmacy,Bottle,,40.0,1,0,64,145,200.0,Reckitt Kenya,NAIROBI,3,20,0,0
2024-11-17,PRD015,CAN Fertiliser 50kg,Fertilisers,Agrovet,BAG,7.0,6.0,3,0,0,3200,3900.0,   ,NAIROBI,7,5,0,1
2026-02-18,PRD017,Newcastle Vaccine 100dos,Veterinary,Agrovet,VIAL,31.0,11.0,1,0,19,250,400.0,Interchemie Kenya,Nairob,4,10,0,0
2025-03-04,PRD018,Drenching Gun Dewormer,Veterinary,Agrovet,Bottle,39.0,31.0,1,0,7,480,650.0,Interchemie Kenya,nairobi,4,8,0,0
2024-09-26,PRD013,Malaria RDT Kit,DIAGNOSTICS,Pharmacy,PCS,107.0,27.0,2,0,78,120,200.0,Medipharm Ltd,Nairobi ,4,25,0,0
2024-08-02,PRD011,  ORS Sachets x6  ,Rehydration,Pharmacy,Pack,110.0,,0,0,88,35,60.0,Dawa Ltd,nairobi,2,50,0,0
2024-05-21,PRD013,Malaria RDT Kit,Diagnostics,pharmacy,PCS,9.0,8.0,0,0,1,120,200.0,Medipharm Ltd,nairobi ,4,25,0,0
2025-01-07,PRD008,Royco Mchuzi Mix 75g,Seasonings,Mini Supermarket,pack,16.0,13.0,2,0,1,42,,Unilever Kenya,nairobi,3,35,0,0
2024-03-19,PRD020,Earphones Generic,Accessories,Electronics,pcs,96.0,37.0,3,65,121,150,300.0,,NAIROBI,2,12,0,0
2024-04-20,PRD001,Unga Jogoo 2kg,Flour & Grains,Mini Supermarket,bag,85.0,5.0,2,0,78,145,175.0,,Nairobi ,3,30,0,1
2024-09-19,PRD012,Dettol Antiseptic 100ml,Antiseptics,Pharmacy,Bottle,8.0,0.0,1,0,7,145,200.0,Reckitt Kenya,NAIROBI,3,20,0,0
2025-10-27,PRD004,KCC Butter 250g,Dairy,Mini Supermarket,piece,,0.0,3,0,95,210,260.0,Brookside Dairy Ltd,kiambu,2,15,0,0
2025-08-23,PRD011,ORS Sachets x6,Rehydration,Pharmacy,Pack,103.0,39.0,1,7,70,35,60.0,Dawa Ltd,nairobi,2,50,0,1
2026-03-04,PRD018,Drenching Gun Dewormer,Veterinary,Agrovet,Bottle,74.0,5.0,1,0,68,480,650.0,Interchemie Kenya,nairobi,4,8,0,0
2024-09-15,PRD002,Pembe Unga 1kg,Flour & Grains,Mini Supermarket,BAG,43.0,4.0,3,0,36,78,95.0,Unga Ltd Nairobi,NAIROBI,3,25,0,1
13-05-2024,PRD010,Amoxicillin 250mg x6,Antibiotics,Pharmacy,Strips,58.0,28.0,3,32,59,55,2686.91963549042,Cosmos Pharmaceuticals,NAIROBI,3,40,0,0
2025-05-20,PRD001,Unga Jogoo 2kg,Flour & Grains,Mini Supermarket,bag,,14.0,0,0,9,145,175.0,Unga Ltd Nairobi,Nairobi ,3,30,0,0
2025-03-28,PRD011,ORS Sachets x6,Rehydration,Pharmacy,Pack,39.0,0.0,3,53,89,35,60.0,Dawa Ltd,nairobi,2,50,0,0
2026-01-30,PRD001,Unga Jogoo 2kg,Flour & Grains,Mini Supermarket,bag,56.0,23.0,1,0,32,145,175.0,Unga Ltd Nairobi,Nairobi ,3,30,0,0
2025-11-20,PRD015,CAN Fertiliser 50kg,Fertilisers,Agrovet,BAG,46.0,18.0,1,0,27,3200,3900.0,MEA Fertilisers,,7,5,0,0
"May 22, 2025",PRD019,Infinix Charger 33W,Accessories,Electronics,PCS,46.0,23.0,0,13,36,380,650.0,Luthuli Ave Wholesale,Nairobi,2,10,0,0
2025-08-16,PRD020,Earphones Generic,Accessories,Electronics,PCS,106.0,8.0,0,68,166,150,300.0,,NAIROBI,2,12,0,1
28-04-2024,PRD015,CAN Fertiliser 50kg,Fertilisers,Agrovet,BAG,,,1,42,132,3200,3900.0,MEA Fertilisers,NAIROBI,7,5,0,1
2024-12-02,PRD016,Maize Seed 2kg,Seeds,Agrovet,PACK,93.0,38.0,1,0,54,380,520.0,Kenya Seed Company,Nakurru,5,15,0,0
2026-03-27,PRD013,Malaria RDT Kit,Diagnostics,Pharmacy,PCS,42.0,37.0,1,52,56,120,200.0,Medipharm Ltd,Nairobi ,4,25,0,0
2025-02-28,PRD007,Omo Washing Powder 1kg,Detergents,Mini Supermarket,pack,69.0,21.0,2,0,46,295,398.25,Bidco Africa Mombasa Rd,Nairob,3,12,0,0
2024-05-05,PRD006,Salit Sugar 1kg,Sugar & Spices,Mini Supermarket,Bag ,63.0,16.0,1,0,46,135,160.0,,Kisumu,5,30,0,1
25-03-2026,PRD014,DAP Fertiliser 50kg,Fertilisers,AGROVET,bag,25.0,19.0,2,34,38,3800,4500.0,MEA Fertilisers,Nairob,7,5,0,0
2024-04-23,PRD004,KCC Butter 250g,Dairy,Mini Supermarket,piece,39.0,34.0,0,0,5,210,260.0,Brookside Dairy Ltd,kiambu,2,15,0,0
2024-10-14,PRD011,  ORS Sachets x6  ,Rehydration,Pharmacy,Pack,74.0,10.0,2,32,94,35,60.0,Dawa Ltd,nairobi,2,50,0,0
2025-07-22,PRD002,Pembe Unga 1kg,Flour & Grains,Mini Supermarket,BAG,87.0,35.0,2,0,50,78,95.0,Unga Ltd Nairobi,NAIROBI,3,25,0,0
2024-11-13,PRD001,  Unga Jogoo 2kg  ,Flour & Grains,Mini Supermarket,bag,6.0,3.0,1,0,2,145,175.0,Unga Ltd Nairobi,Nairobi ,3,30,0,0
2025-01-23,PRD016,  Maize Seed 2kg  ,Seeds,Agrovet,PACK,48.0,13.0,2,0,31,380,520.0,   ,Nakurru,5,15,0,0
2024-10-29,PRD013,Malaria RDT Kit,Diagnostics,Pharmacy,PCS,52.0,23.0,1,0,28,120,200.0,Medipharm Ltd,Nairobi ,4,25,0,0
2024-11-12,PRD013,Malaria RDT Kit,Diagnostics,Pharmacy,PCS,74.0,-25.0,3,27,73,120,200.0,Medipharm Ltd,nairobi ,4,25,0,0
2024-02-05,PRD005,Elianto Cooking Oil 1L,Oils & Fats,Mini Supermarket,btl,42.0,22.0,2,0,18,230,280.0,Kapa Oil Refineries,Nairobi,4,20,0,0
2024-09-22,PRD011,ORS Sachets x6,Rehydration,Pharmacy,Pack,38.0,15.0,3,0,20,35,60.0,Dawa Ltd,nairobi,2,50,0,1
04/02/2026,PRD012,Dettol Antiseptic 100ml,Antiseptics,PHARMACY,Bottle,42.0,,3,0,24,145,200.0,Reckitt Kenya,NAIROBI,3,20,0,0
2024-10-30,PRD020,Earphones Generic,Accessories,Electronics,PCS,106.0,,1,0,93,150,300.0,,NAIROBI,2,12,0,0
2026-04-13,PRD001,Unga Jogoo 2kg,Flour & Grains,Mini Supermarket,bag,58.0,,3,0,53,145,5224.565957898039,Unga Ltd Nairobi,Nairobi ,3,30,0,0
2024-09-22,PRD002,Pembe Unga 1kg,Flour & Grains,Mini Supermarket,BAG,115.0,17.0,2,0,96,78,95.0,Unga Ltd Nairobi,NAIROBI,3,25,0,1
2024-11-03,PRD016,Maize Seed 2kg,Seeds,Agrovet,PACK,115.0,25.0,1,26,115,380,520.0,Kenya Seed Company,Nakurru,5,15,0,1
2026-02-02,PRD017,Newcastle Vaccine 100dos,veterinary,Agrovet,VIAL,44.0,17.0,3,46,70,250,400.0,,Nairob,4,10,0,0
2025-11-25,PRD007,Omo Washing Powder 1kg,Detergents,Mini Supermarket,pack,118.0,39.0,2,36,121,295,398.25,Bidco Africa Mombasa Rd,Nairob,3,12,0,0
2025-02-02,PRD014,DAP Fertiliser 50kg,Fertilisers,Agrovet,bag,64.0,34.0,1,0,29,3800,4500.0,MEA Fertilisers,Nairob,7,5,0,1
12/08/2024,PRD015,CAN Fertiliser 50kg,Fertilisers,Agrovet,BAG,87.0,,2,0,80,3200,3900.0,MEA Fertilisers,NAIROBI,7,5,0,0
2025-01-26,PRD012,Dettol Antiseptic 100ml,Antiseptics,Pharmacy,BOTTLE,41.0,38.0,2,0,1,145,200.0,Reckitt Kenya,NAIROBI,3,20,1,1
2024-04-01,PRD012,Dettol Antiseptic 100ml,Antiseptics,Pharmacy,Bottle,,26.0,2,0,12,145,200.0,Reckitt Kenya,NAIROBI,3,20,0,0
2025-06-08,PRD005,Elianto Cooking Oil 1L,Oils & Fats,Mini Supermarket,btl,65.0,15.0,1,0,49,230,280.0,Kapa Oil Refineries,Nairobi,4,20,0,1
2025-12-28,PRD011,ORS Sachets x6,Rehydration,Pharmacy,pck,70.0,37.0,2,15,46,35,,Dawa Ltd,nairobi,2,50,0,1
28-Jun-2024,PRD015,CAN Fertiliser 50kg,Fertilisers,Agrovet,BAG,14.0,,3,32,35,3200,3900.0,MEA Fertilisers,NAIROBI,7,5,0,0
2025-04-07,PRD003,Brookside Milk 500ml,Dairy,Mini Supermarket,piece,8.0,3.0,2,0,3,55,70.0,Brookside Dairy Ltd,Kiambu ,2,40,0,0
2026-02-04,PRD009,  Paracetamol 500mg x10  ,Analgesics,Pharmacy,Strips,35.0,33.0,1,0,1,18,30.0,Shelys Pharmaceuticals,Nairobi ,2,60,0,0
2025-05-17,PRD014,DAP Fertiliser 50kg,Fertilisers,Agrovet,bag,99.0,3.0,0,38,134,3800,4500.0,MEA Fertilisers,Nairob,7,5,0,1
2024-08-23,PRD011,ORS Sachets x6,Rehydration,Pharamcy,Pack,39.0,32.0,3,0,4,35,60.0,Dawa Ltd,nairobi,2,50,0,0
2025-05-24,PRD001,Unga Jogoo 2kg,Flour & Grains,mini supermarket,bag,51.0,14.0,1,0,36,145,175.0,Unga Ltd Nairobi,nairobi ,3,30,0,1
28-04-2024,PRD015,CAN Fertiliser 50kg,Fertilisers,Agrovet,BAG,,,1,42,132,3200,3900.0,MEA Fertilisers,NAIROBI,7,5,0,1
2026-01-16,PRD002,Pembe Unga 1kg,Flour & Grains,Mini Supermarket,BAG,7.0,4.0,0,20,23,78,95.0,Unga Ltd Nairobi,NAIROBI,3,25,0,0
2024-06-22,PRD004,  KCC Butter 250g  ,Dairy,Mini Supermarket,piece,83.0,36.0,3,0,44,210,260.0,Brookside Dairy Ltd,kiambu,2,15,0,1
2026-04-28,PRD010,Amoxicillin 250mg x6,Antibiotics,PHARMACY,Strips,51.0,15.0,0,34,70,55,90.0,Cosmos Pharmaceuticals,NAIROBI,3,40,0,0
2024-11-29,PRD002,Pembe Unga 1kg,Flour & Grains,Mini Supermarket,BAG,104.0,11.0,3,0,90,78,95.0,Unga Ltd Nairobi,NAIROBI,3,25,0,0
2025-03-29,PRD013,Malaria RDT Kit,Diagnostics,Pharmacy,PCS,33.0,4.0,2,0,27,120,200.0,Medipharm Ltd,Nairobi ,4,25,0,1
2025-03-21,PRD001,Unga Jogoo 2kg,Flour & Grains,Mini Supermarket,bag,77.0,8.0,1,0,68,145,175.0,Unga Ltd Nairobi,Nairobi ,3,30,0,0
2025-04-16,PRD002,Pembe Unga 1kg,FLOUR & GRAINS,Mini Supermarket,BAG,9.0,8.0,2,0,0,78,95.0,Unga Ltd Nairobi,NAIROBI,3,25,0,0
2025-01-24,PRD006,Salit Sugar 1kg,Sugar & Spices,Mini Supermarket,Bag ,11.0,7.0,2,0,2,135,160.0,Mumias Sugar Distributor,Kisumu,5,30,0,0
2026-03-17,PRD015,CAN Fertiliser 50kg,Fertilisers,Agrovet,BAG,90.0,18.0,1,0,71,3200,3900.0,MEA Fertilisers,NAIROBI,7,5,0,0
2024-11-16,PRD011,ORS Sachets x6,rehydration,Pharmacy,PACK,16.0,5.0,1,10,20,35,60.0,Dawa Ltd,nairobi,2,50,0,1
2024-01-29,PRD003,Brookside Milk 500ml,Dairy,Mini Supermarket,piece,62.0,38.0,3,0,21,55,70.0,Brookside Dairy Ltd,Kiambu ,2,40,0,0
2024-01-04,PRD004,KCC Butter 250g,Dairy,Mini Supermarket,piece,115.0,7.0,1,0,107,210,260.0,Brookside Dairy Ltd,kiambu,2,15,0,0
2025-10-10,PRD001,Unga Jogoo 2kg,Flour & Grains,Mini Supermarket,bag,21.0,4.0,2,0,15,145,175.0,Unga Ltd Nairobi,Nairobi ,3,30,0,0
2024-12-19,PRD009,Paracetamol 500mg x10,Analgesics,Pharmacy,Strips,26.0,7.0,0,0,19,18,30.0,Shelys Pharmaceuticals,Nairobi ,2,60,0,0
2025-03-25,PRD001,Unga Jogoo 2kg,Flour & Grains,Mini Supermarket,bag,27.0,9.0,2,0,16,145,175.0,Unga Ltd Nairobi,Nairobi ,3,30,0,0
2025-01-05,PRD019,Infinix Charger 33W,Accessories,Electronics,PCS,,27.0,1,0,12,380,650.0,Luthuli Ave Wholesale,NAIROBI,2,10,1,1
2024-03-07,PRD011,ORS Sachets x6,Rehydration,Pharmacy,Pack,66.0,29.0,1,0,36,35,60.0,Dawa Ltd,nairobi,2,50,0,0
2026-04-01,PRD017,Newcastle Vaccine 100dos,Veterinary,Agrovet,VIAL,19.0,19.0,1,0,-17,250,,Interchemie Kenya,Nairob,4,10,0,0
2024-03-29,PRD016,Maize Seed 2kg,SEEDS,Agrovet,PACK,75.0,30.0,0,0,45,380,520.0,Kenya Seed Company,Nakurru,5,15,0,0
2025-10-13,PRD007,Omo Washing Powder 1kg,Detergents,Mini Supermarket,pack,8.0,1.0,2,0,5,295,398.25,Bidco Africa Mombasa Rd,Nairob,3,12,0,0
2026-04-29,PRD009,Paracetamol 500mg x10,Analgesics,Pharmacy,Strips,,,3,52,75,18,30.0,Shelys Pharmaceuticals,Nairobi ,2,60,0,0
2026-01-04,PRD014,DAP Fertiliser 50kg,Fertilisers,Agrovet,bag,62.0,21.0,1,17,57,3800,4500.0,MEA Fertilisers,Nairob,7,5,0,1
2025-07-20,PRD012,  Dettol Antiseptic 100ml  ,Antiseptics,Pharmacy,Bottle,112.0,,0,0,86,145,200.0,Reckitt Kenya,NAIROBI,3,20,0,1
2024-06-23,PRD013,Malaria RDT Kit,Diagnostics,Pharmacy,PCS,15.0,5.0,2,40,48,120,200.0,Medipharm Ltd,,4,25,0,1
2025-12-27,PRD018,Drenching Gun Dewormer,Veterinary,Agrovet,Bottle,65.0,13.0,0,62,114,480,650.0,Interchemie Kenya,nairobi,4,8,0,1
2025-10-14,PRD006,Salit Sugar 1kg,Sugar & Spices,Mini Supermarket,Bag ,34.0,21.0,0,0,13,135,160.0,Mumias Sugar Distributor,Kisumu,5,30,0,0
2024-08-22,PRD003,Brookside Milk 500ml,Dairy,Mini Supermarket,piece,85.0,29.0,0,0,56,55,70.0,Brookside Dairy Ltd,Kiambu ,2,40,0,0
2024-10-13,PRD013,Malaria RDT Kit,Diagnostics,Pharmacy,PCS,10.0,10.0,3,0,0,120,200.0,Medipharm Ltd,Nairobi ,4,25,0,1
05/06/2025,PRD013,Malaria RDT Kit,Diagnostics,Pharmacy,PCS,28.0,6.0,0,60,82,120,200.0,Medipharm Ltd,Nairobi ,4,25,0,0
2024-09-22,PRD014,DAP Fertiliser 50kg,Fertilisers,Agrovet,bag,92.0,29.0,0,17,80,3800,4500.0,,Nairob,7,5,0,1
2024-08-07,PRD007,Omo Washing Powder 1kg,Detergents,mini supermarket,pack,11.0,10.0,2,0,0,295,398.25,Bidco Africa Mombasa Rd,Nairob,3,12,0,0
2024-10-23,PRD003,Brookside Milk 500ml,Dairy,Mini Supermarket,PCS,53.0,20.0,0,0,33,55,70.0,Brookside Dairy Ltd,KIAMBU ,2,40,0,0
2024-01-22,PRD020,Earphones Generic,Accessories,Electronics,PCS,46.0,-13.0,3,0,30,150,300.0,,nairobi,2,12,0,0
2024-06-29,PRD004,KCC Butter 250g,Dairy,Mini Supermarket,PCS,61.0,15.0,0,12,58,210,260.0,Brookside Dairy Ltd,kiambu,2,15,0,1
2026-03-15,PRD001,Unga Jogoo 2kg,Flour & Grains,Mini Supermarket,bag,51.0,0.0,0,56,107,145,5224.565957898039,Unga Ltd Nairobi,Nairobi ,3,30,0,1
2024-12-24,PRD016,Maize Seed 2kg,Seeds,Agrovet,PACK,23.0,20.0,0,0,7,380,520.0,Kenya Seed Company,Nakurru,5,15,0,0
2025-05-30,PRD010,Amoxicillin 250mg x6,Antibiotics,Pharmacy,Strips,39.0,24.0,2,0,-5,55,90.0,Cosmos Pharmaceuticals,NAIROBI,3,40,0,0
2026-04-18,PRD017,Newcastle Vaccine 100dos,Veterinary,Agrovet,VIAL,65.0,7.0,1,23,67,250,400.0,Interchemie Kenya,,4,10,0,1
2025-01-02,PRD006,Salit Sugar 1kg,Sugar & Spices,Mini Supermarket,Bag ,16.0,7.0,1,0,8,135,160.0,Mumias Sugar Distributor,Kisumu,5,30,0,0
2025-09-30,PRD019,Infinix Charger 33W,Accessories,ELECTRONICS,PCS,42.0,,0,0,27,380,650.0,Luthuli Ave Wholesale,NAIROBI,2,10,0,0
2025-02-22,PRD004,KCC Butter 250g,Dairy,Mini Supermarket,piece,,37.0,0,0,16,210,260.0,Brookside Dairy Ltd,kiambu,2,15,0,1
2025-04-21,PRD016,Maize Seed 2kg,seeds,Agrovett,PACK,99.0,38.0,2,0,59,380,520.0,Kenya Seed Company,nakurru,5,15,0,0
2026-04-14,PRD015,CAN Fertiliser 50kg,Fertilisers,Agrovet,BAG,14.0,12.0,3,34,33,3200,3900.0,MEA Fertilisers,NAIROBI,7,5,0,0
2025-11-10,PRD020,  Earphones Generic  ,Accessories,Electronics,piece,96.0,36.0,1,15,74,150,300.0,,NAIROBI,2,12,0,0
2024-03-06,PRD018,Drenching Gun Dewormer,Veterinary,Agrovet,Bottle,77.0,2.0,0,73,148,480,650.0,Interchemie Kenya,nairobi,4,8,0,0
2025-09-13,PRD015,CAN Fertiliser 50kg,Fertilisers,Agrovet,BAG,26.0,,0,20,41,3200,3900.0,MEA Fertilisers,NAIROBI,7,5,0,1
2025-05-30,PRD004,KCC Butter 250g,Dairy,Mini Supermarket,piece,9.0,2.0,0,0,7,210,260.0,Brookside Dairy Ltd,KIAMBU,2,15,0,0
2026-04-24,PRD018,Drenching Gun Dewormer,Veterinary,Agrovet,Bottle,30.0,30.0,3,0,14,480,650.0,Interchemie Kenya,nairobi,4,8,0,0
2025-09-14,PRD004,KCC Butter 250g,Dairy,Mini Supermarket,piece,27.0,17.0,2,0,8,210,260.0,Brookside Dairy Ltd,kiambu,2,15,0,1
2025-06-15,PRD010,Amoxicillin 250mg x6,Antibiotics,Pharmacy,Strips,5.0,2.0,3,0,0,55,90.0,Cosmos Pharmaceuticals,NAIROBI,3,40,0,1
2024-10-11,PRD020,Earphones Generic,Accessories,Electronics,PCS,42.0,2.0,1,39,78,150,300.0,,NAIROBI,2,12,0,0
2025-08-22,PRD014,DAP Fertiliser 50kg,Fertilisers,Agrovet,bag,75.0,2.0,3,26,96,3800,4500.0,MEA Fertilisers,Nairob,7,5,0,0
2026-03-16,PRD017,Newcastle Vaccine 100dos,Veterinary,Agrovet,VIAL,24.0,4.0,1,0,19,250,400.0,Interchemie Kenya,Nairob,4,10,0,0
2024-05-04,PRD015,CAN Fertiliser 50kg,Fertilisers,Agrovet,BAG,51.0,12.0,2,0,37,3200,3900.0,MEA Fertilisers,NAIROBI,7,5,0,1
2025-11-24,PRD020,  Earphones Generic  ,Accessories,Electronics,PCS,45.0,17.0,0,0,28,150,300.0,,Nairobi,2,12,0,0
2024-06-30,PRD019,Infinix Charger 33W,Accessories,Electronics,PCS,102.0,40.0,0,19,81,380,650.0,Luthuli Ave Wholesale,,2,10,0,1
2024-08-06,PRD007,Omo Washing Powder 1kg,Detergents,Mini Supermarket,pack,100.0,19.0,2,60,139,295,398.25,Bidco Africa Mombasa Rd,Nairob,3,12,0,0
2024-01-22,PRD016,  Maize Seed 2kg  ,Seeds,Agrovet,PACK,22.0,14.0,1,48,74,380,520.0,Kenya Seed Company,Nakurru,5,15,0,0
2025-01-15,PRD012,  Dettol Antiseptic 100ml  ,Antiseptics,Pharmacy,Bottle,33.0,5.0,1,0,27,145,200.0,Reckitt Kenya,,3,20,0,0
2024-02-07,PRD019,Infinix Charger 33W,Accessories,Electronics,PCS,44.0,28.0,0,0,16,380,650.0,Luthuli Ave Wholesale,NAIROBI,2,10,0,0
26-Jan-2026,PRD017,Newcastle Vaccine 100dos,Veterinary,Agrovet,VIAL,46.0,10.0,0,0,36,250,400.0,Interchemie Kenya,Nairob,4,10,0,0
2026-04-06,PRD002,Pembe Unga 1kg,Flour & Grains,Mini Supermarket,BAG,38.0,29.0,1,0,8,78,95.0,Unga Ltd Nairobi,,3,25,0,0
2026-02-12,PRD010,Amoxicillin 250mg x6,ANTIBIOTICS,Pharmacy,Strips,42.0,11.0,0,0,38,55,90.0,Cosmos Pharmaceuticals,NAIROBI,3,40,0,0
2024-08-08,PRD016,Maize Seed 2kg,Seeds,Agrovet,PACK,95.0,24.0,3,0,68,380,15524.424560611316,,Nakurru,5,15,0,0
2024-07-29,PRD020,Earphones Generic,Accessories,Electronics,PCS,75.0,20.0,2,36,81,150,300.0,,NAIROBI,2,12,0,0
2025-02-08,PRD015,CAN Fertiliser 50kg,Fertilisers,Agrovet,Bag,91.0,30.0,2,0,59,3200,3900.0,MEA Fertilisers,NAIROBI,7,5,0,1
2025-10-27,PRD018,Drenching Gun Dewormer,Veterinary,Agrovet,Bottle,,24.0,2,0,43,480,650.0,Interchemie Kenya,nairobi,4,8,0,0
2026-03-14,PRD019,Infinix Charger 33W,Accessories,Electronics,PCS,100.0,6.0,3,0,91,380,650.0,,NAIROBI,2,10,0,1
2024-01-21,PRD012,Dettol Antiseptic 100ml,Antiseptics,Pharmacy,Bottle,112.0,40.0,2,0,70,145,200.0,Reckitt Kenya,NAIROBI,3,20,0,1
2026-02-09,PRD019,Infinix Charger 33W,Accessories,Electronics,PCS,,0.0,2,50,112,380,650.0,Luthuli Ave Wholesale,NAIROBI,2,10,0,0
2026-04-21,PRD012,Dettol Antiseptic 100ml,antiseptics,Pharmacy,Bottle,34.0,29.0,0,0,25,145,200.0,Reckitt Kenya,NAIROBI,3,20,0,0
2024-01-15,PRD001,Unga Jogoo 2kg,Flour & Grains,Mini Supermarket,bag,40.0,-4.0,2,0,34,145,175.0,   ,Nairobi ,3,30,0,0
2025-06-20,PRD011,ORS Sachets x6,Rehydration,Pharmacy,Pack,55.0,5.0,3,0,47,35,60.0,,nairobi,2,50,0,0
2025-03-09,PRD004,KCC Butter 250g,Dairy,mini supermarket,piece,103.0,14.0,3,0,86,210,260.0,Brookside Dairy Ltd,kiambu,2,15,0,1
2025-07-06,PRD006,Salit Sugar 1kg,Sugar & Spices,Mini Supermarket,Bag ,11.0,0.0,0,0,11,135,160.0,Mumias Sugar Distributor,Kisumu,5,30,0,1
2026-03-11,PRD013,Malaria RDT Kit,Diagnostics,Pharmacy,PCS,19.0,-4.0,0,0,15,120,200.0,Medipharm Ltd,Nairobi ,4,25,0,0
2024-03-31,PRD004,KCC Butter 250g,Dairy,Mini Supermarket,piece,18.0,2.0,0,0,16,210,,Brookside Dairy Ltd,kiambu,2,15,0,1
2025-08-11,PRD015,CAN Fertiliser 50kg,Fertilisers,Agrovet,BAG,31.0,29.0,3,0,0,3200,3900.0,MEA Fertilisers,NAIROBI,7,5,0,0
12-03-2025,PRD015,CAN Fertiliser 50kg,Fertilisers,Agrovet,BAG,29.0,8.0,2,0,19,3200,3900.0,MEA Fertilisers,NAIROBI,7,5,0,0
2025-06-11,PRD013,Malaria RDT Kit,Diagnostics,Pharmacy,PCS,85.0,27.0,2,0,56,120,200.0,Medipharm Ltd,nairobi ,4,25,0,0
2024-11-09,PRD015,CAN Fertiliser 50kg,Fertilisers,Agrovet,Bags,95.0,8.0,2,0,85,3200,3900.0,MEA Fertilisers,NAIROBI,7,5,0,1
08/07/2025,PRD011,ORS Sachets x6,Rehydration,Pharmacy,Pack,100.0,29.0,2,14,83,35,60.0,Dawa Ltd,nairobi,2,50,0,0
04/11/2024,PRD003,Brookside Milk 500ml,Dairy,Mini Supermarket,piece,18.0,10.0,2,0,6,55,70.0,Brookside Dairy Ltd,Kiambu ,2,40,0,0
2024-04-15,PRD012,  Dettol Antiseptic 100ml  ,Antiseptics,Pharmacy,btl,98.0,7.0,0,0,91,145,200.0,Reckitt Kenya,NAIROBI,3,20,0,0
"Nov 13, 2025",PRD019,Infinix Charger 33W,Accessories,Electronics,piece,43.0,5.0,0,0,38,380,19405.530700764146,   ,NAIROBI,2,10,0,0
2024-07-17,PRD019,Infinix Charger 33W,Accessories,Electronics,Pcs,-110.0,24.0,2,0,84,380,650.0,Luthuli Ave Wholesale,NAIROBI,2,10,0,0
2024-03-03,PRD001,Unga Jogoo 2kg,Flour & Grains,Mini Supermarket,bag,75.0,36.0,2,0,31,145,,Unga Ltd Nairobi,Nairobi ,3,30,0,1
07/04/2025,PRD008,Royco Mchuzi Mix 75g,Seasonings,Mini Supermarket,Pack,96.0,18.0,2,0,76,42,55.0,Unilever Kenya,nairobi,3,35,0,0
2024-07-21,PRD013,  Malaria RDT Kit  ,Diagnostics,Pharmacy,PCS,18.0,13.0,1,36,40,120,200.0,Medipharm Ltd,Nairobi ,4,25,0,1
2024-05-30,PRD020,Earphones Generic,Accessories,Electronics,PCS,62.0,,1,0,46,150,300.0,,NAIROBI,2,12,0,0
2024-07-08,PRD005,Elianto Cooking Oil 1L,Oils & Fats,Mini Supermarket,btl,94.0,14.0,1,50,129,230,280.0,Kapa Oil Refineries,Nairobi,4,20,0,0
2025-06-23,PRD015,CAN Fertiliser 50kg,Fertilisers,Agrovet,Bags,43.0,27.0,3,0,13,3200,3900.0,MEA Fertilisers,NAIROBI,7,5,0,0
2026-01-08,PRD005,Elianto Cooking Oil 1L,Oils & Fats,Mini Supermarket,btl,93.0,35.0,3,0,55,230,280.0,Kapa Oil Refineries,Nairobi,4,20,0,0
2025-01-18,PRD014,DAP Fertiliser 50kg,Fertilisers,Agrovet,Bags,93.0,0.0,2,72,163,3800,4500.0,MEA Fertilisers,Nairob,7,5,0,1
2025-02-18,PRD020,Earphones Generic,Accessories,Electronics,PCS,89.0,20.0,2,0,67,150,300.0,,NAIROBI,2,12,0,0
2024-10-13,PRD010,Amoxicillin 250mg x6,Antibiotics,pharmacy,Strips,101.0,30.0,0,68,139,55,90.0,Cosmos Pharmaceuticals,Nairobi,3,40,0,1
2025-07-27,PRD019,Infinix Charger 33W,ACCESSORIES,Electronics,PCS,54.0,35.0,2,25,42,380,650.0,Luthuli Ave Wholesale,Nairobi,2,10,1,1
2025-03-10,PRD016,Maize Seed 2kg,Seeds,Agrovet,PACK,19.0,1.0,3,0,15,380,520.0,Kenya Seed Company,,5,15,0,0
2025-07-13,PRD013,Malaria RDT Kit,Diagnostics,Pharmacy,PCS,27.0,22.0,0,0,5,120,200.0,Medipharm Ltd,Nairobi ,4,25,0,1
2025-03-07,PRD019,Infinix Charger 33W,ACCESSORIES,Electronics,PCS,106.0,25.0,1,0,80,380,19405.530700764146,Luthuli Ave Wholesale,NAIROBI,2,10,0,0
2024-07-01,PRD003,Brookside Milk 500ml,Dairy,Mini Supermarket,piece,7.0,6.0,2,0,0,55,70.0,Brookside Dairy Ltd,Kiambu ,2,40,0,0
2024-08-13,PRD019,Infinix Charger 33W,Accessories,Electronics,PCS,35.0,31.0,3,69,68,380,650.0,Luthuli Ave Wholesale,NAIROBI,2,10,0,0
2024-02-24,PRD009,Paracetamol 500mg x10,Analgesics,Pharmacy,Strips,69.0,33.0,3,0,33,18,30.0,Shelys Pharmaceuticals,Nairobi ,2,60,0,1
2025-04-14,PRD018,  Drenching Gun Dewormer  ,Veterinary,agrovet,Bottle,61.0,17.0,0,20,64,480,650.0,Interchemie Kenya,nairobi,4,8,0,0
2025-12-04,PRD009,Paracetamol 500mg x10,Analgesics,Pharmacy,Strips,19.0,2.0,2,0,15,18,30.0,Shelys Pharmaceuticals,Nairobi ,2,60,0,0
2025-01-31,PRD005,Elianto Cooking Oil 1L,OILS & FATS,Mini Sup.,btl,5.0,0.0,2,36,39,230,280.0,Kapa Oil Refineries,Nairobi,4,20,0,0
2024-08-21,PRD016,Maize Seed 2kg,Seeds,Agrovet,PACK,114.0,36.0,0,0,78,380,520.0,Kenya Seed Company,Nakurru,5,15,0,0
2025-02-03,PRD015,CAN Fertiliser 50kg,Fertilisers,Agrovet,BAG,16.0,4.0,2,0,29,3200,3900.0,MEA Fertilisers,NAIROBI,7,5,0,0
2025-10-13,PRD009,Paracetamol 500mg x10,Analgesics,Pharmacy,Strips,67.0,10.0,3,0,37,18,,Shelys Pharmaceuticals,Nairobi ,2,60,0,0
2025-05-08,PRD020,Earphones Generic,Accessories,Electronics,PCS,107.0,16.0,3,0,88,150,300.0,,NAIROBI,2,12,0,0
2025-01-21,PRD008,Royco Mchuzi Mix 75g,Seasonings,Mini Supermarket,Pack,97.0,23.0,0,0,74,42,55.0,Unilever Kenya,nairobi,3,35,0,0
2026-02-04,PRD017,Newcastle Vaccine 100dos,Veterinary,Agrovet,VIAL,118.0,11.0,0,0,107,250,11941.865046624089,Interchemie Kenya,Nairob,4,10,0,0
2024-02-29,PRD008,Royco Mchuzi Mix 75g,Seasonings,Mini Supermarket,Pack,35.0,,2,0,0,42,55.0,Unilever Kenya,nairobi,3,35,0,0
2024-04-06,PRD003,Brookside Milk 500ml,Dairy,Mini Sup.,piece,81.0,8.0,3,0,70,55,70.0,Brookside Dairy Ltd,Kiambu ,2,40,0,1
2025-10-22,PRD017,Newcastle Vaccine 100dos,Veterinary,Agrovet,VIAL,38.0,5.0,3,54,84,250,400.0,   ,Nairob,4,10,0,0
2025-12-06,PRD001,Unga Jogoo 2kg,Flour & Grains,Mini Supermarket,Bags,70.0,8.0,1,0,61,145,175.0,Unga Ltd Nairobi,Nairobi ,3,30,0,1
2025-10-12,PRD001,Unga Jogoo 2kg,Flour & Grains,Mini Supermarket,bag,57.0,35.0,1,51,72,145,175.0,Unga Ltd Nairobi,Nairobi ,3,30,0,1
2025-09-26,PRD016,Maize Seed 2kg,Seeds,Agrovet,PACK,24.0,23.0,0,65,66,380,520.0,Kenya Seed Company,Nakurru,5,15,0,0
2024-07-14,PRD001,Unga Jogoo 2kg,Flour & Grains,Mini Supermarket,bag,59.0,19.0,2,0,38,145,175.0,Unga Ltd Nairobi,Nairobi ,3,30,0,1
2025-06-07,PRD001,Unga Jogoo 2kg,Flour & Grains,Mini Supermarket,bag,120.0,30.0,2,0,88,145,175.0,Unga Ltd Nairobi,Nairobi ,3,30,0,1
2024-05-19,PRD003,Brookside Milk 500ml,dairy,Mini Supermarket,piece,116.0,33.0,1,0,82,55,70.0,Brookside Dairy Ltd,Kiambu ,2,40,0,1
2025-05-08,PRD001,Unga Jogoo 2kg,Flour & Grains,Mini Supermarket,bag,14.0,11.0,1,0,2,145,175.0,Unga Ltd Nairobi,Nairobi ,3,30,0,0
2025-01-21,PRD010,Amoxicillin 250mg x6,Antibiotics,Pharmacy,Strips,110.0,0.0,1,41,150,55,90.0,Cosmos Pharmaceuticals,NAIROBI,3,40,0,0
2024-12-16,PRD009,  Paracetamol 500mg x10  ,Analgesics,Pharmacy,Strips,99.0,23.0,2,35,109,18,,Shelys Pharmaceuticals,Nairobi ,2,60,0,0
2024-06-25,PRD018,Drenching Gun Dewormer,veterinary,Agrovet,Bottle,63.0,40.0,3,0,20,480,,Interchemie Kenya,nairobi,4,8,0,0
2024-05-11,PRD012,Dettol Antiseptic 100ml,Antiseptics,Pharmacy,Bottle,67.0,22.0,1,51,110,145,200.0,Reckitt Kenya,NAIROBI,3,20,0,1
2026-04-14,PRD018,Drenching Gun Dewormer,Veterinary,Agrovet,Bottle,42.0,34.0,2,0,6,480,650.0,Interchemie Kenya,nairobi,4,8,0,0
2024-01-02,PRD012,Dettol Antiseptic 100ml,Antiseptics,Pharmacy,Bottle,24.0,6.0,2,48,64,145,200.0,Reckitt Kenya,Nairobi,3,20,0,0
2026-03-12,PRD014,DAP Fertiliser 50kg,Fertilisers,Agrovet,bag,27.0,0.0,3,0,24,3800,4500.0,MEA Fertilisers,Nairob,7,5,0,0
2024-07-26,PRD004,KCC Butter 250g,Dairy,Mini Supermarket,piece,,20.0,0,42,113,210,260.0,   ,kiambu,2,15,0,0
2024-02-10,PRD012,Dettol Antiseptic 100ml,Antiseptics,Pharmacy,Btl,87.0,,0,42,89,145,,Reckitt Kenya,NAIROBI,3,20,0,1
2025-01-23,PRD011,ORS Sachets x6,Rehydration,Pharmacy,Pack,40.0,20.0,3,33,50,35,60.0,Dawa Ltd,nairobi,2,50,0,0
2026-02-18,PRD007,Omo Washing Powder 1kg,Detergents,Mini Supermarket,pack,104.0,15.0,3,0,86,295,398.25,Bidco Africa Mombasa Rd,Nairob,3,12,0,0
2025-07-29,PRD018,Drenching Gun Dewormer,Veterinary,Agrovet,Bottle,74.0,16.0,0,0,58,480,650.0,Interchemie Kenya,nairobi,4,8,0,0
2024-12-16,PRD017,Newcastle Vaccine 100dos,Veterinary,Agrovet,VIAL,51.0,21.0,2,1,29,250,400.0,Interchemie Kenya,Nairob,4,10,0,0
2024-09-27,PRD007,Omo Washing Powder 1kg,Detergents,Mini Supermarket,pack,54.0,30.0,2,0,22,295,398.25,Bidco Africa Mombasa Rd,Nairob,3,12,0,0
2024-03-29,PRD005,Elianto Cooking Oil 1L,oils & fats,Mini Supermarket,Btl,60.0,21.0,0,0,39,230,280.0,   ,Nairobi,4,20,0,0
02/09/2024,PRD001,  Unga Jogoo 2kg  ,FLOUR & GRAINS,Mini Supermarket,bag,37.0,2.0,0,0,45,145,175.0,Unga Ltd Nairobi,nairobi ,3,30,0,0
2024-10-27,PRD015,CAN Fertiliser 50kg,Fertilisers,Agrovet,BAG,23.0,1.0,1,0,21,3200,3900.0,,NAIROBI,7,5,0,1
2025-12-07,PRD009,Paracetamol 500mg x10,Analgesics,Pharmacy,Strips,96.0,9.0,1,0,86,18,30.0,Shelys Pharmaceuticals,Nairobi ,2,60,0,1
2025-08-26,PRD008,Royco Mchuzi Mix 75g,Seasonings,Mini Supermarket,pck,98.0,1.0,0,0,97,42,55.0,Unilever Kenya,nairobi,3,35,0,0
2024-03-21,PRD012,Dettol Antiseptic 100ml,Antiseptics,Pharmacy,Bottle,89.0,34.0,1,0,54,145,5970.932523312044,Reckitt Kenya,NAIROBI,3,20,0,0
2024-04-26,PRD004,KCC Butter 250g,Dairy,Mini Supermarket,piece,23.0,10.0,0,40,53,210,260.0,Brookside Dairy Ltd,kiambu,2,15,0,0
2025-07-09,PRD019,Infinix Charger 33W,Accessories,Electroncis,PCS,87.0,4.0,3,0,80,380,650.0,Luthuli Ave Wholesale,NAIROBI,2,10,0,0
2025-06-25,PRD010,Amoxicillin 250mg x6,Antibiotics,Pharmacy,Strips,64.0,17.0,3,0,44,55,90.0,Cosmos Pharmaceuticals,NAIROBI,3,40,0,0
2024-11-19,PRD011,ORS Sachets x6,Rehydration,Pharmacy,Pack,89.0,10.0,0,11,107,35,60.0,Dawa Ltd,nairobi,2,50,0,0
2025-09-10,PRD015,CAN Fertiliser 50kg,Fertilisers,Agrovet,BAG,91.0,34.0,2,24,79,3200,3900.0,MEA Fertilisers,NAIROBI,7,5,0,0
2024-08-02,PRD019,Infinix Charger 33W,Accessories,ELECTRONICS,PCS,77.0,19.0,3,0,55,380,650.0,Luthuli Ave Wholesale,NAIROBI,2,10,0,0
2024-08-23,PRD009,Paracetamol 500mg x10,Analgesics,Pharmacy,Strips,13.0,5.0,2,0,6,18,895.6398784968067,Shelys Pharmaceuticals,Nairobi ,2,60,0,0
2024-01-09,PRD009,Paracetamol 500mg x10,Analgesics,Pharmacy,Strips,11.0,10.0,0,0,1,18,30.0,Shelys Pharmaceuticals,Nairobi ,2,60,0,0
2025-04-07,PRD016,Maize Seed 2kg,Seeds,Agrovet,PACK,114.0,24.0,2,0,88,380,520.0,Kenya Seed Company,Nakurru,5,15,0,0
2025-11-21,PRD020,Earphones Generic,Accessories,electronics,PCS,,25.0,2,0,3,150,300.0,,NAIROBI,2,12,0,0
2025-02-22,PRD014,  DAP Fertiliser 50kg  ,Fertilisers,Agrovet,bag,20.0,16.0,0,0,4,3800,,MEA Fertilisers,Nairob,7,5,0,1
2024-03-20,PRD011,ORS Sachets x6,Rehydration,Pharmacy,Pack,100.0,13.0,0,44,131,35,60.0,Dawa Ltd,nairobi,2,50,0,0
2024-08-27,PRD004,KCC Butter 250g,Dairy,MINI SUPERMARKET,piece,98.0,,2,0,68,210,260.0,Brookside Dairy Ltd,kiambu,2,15,0,0
2025-07-24,PRD014,  DAP Fertiliser 50kg  ,Fertilisers,Agrovet,bag,58.0,5.0,3,0,50,3800,4500.0,MEA Fertilisers,Nairob,7,5,0,0
"Feb 12, 2025",PRD008,Royco Mchuzi Mix 75g,Seasonings,Mini Supermarket,Pack,66.0,8.0,2,0,56,42,,Unilever Kenya,,3,35,0,0
2024-04-10,PRD006,Salit Sugar 1kg,Sugar & Spices,Mini Supermarket,Bag ,11.0,6.0,2,0,3,135,4776.7460186496355,Mumias Sugar Distributor,Kisumu,5,30,0,0
2025-03-16,PRD009,Paracetamol 500mg x10,Analgesics,Pharmacy,Strips,15.0,13.0,0,7,9,18,30.0,Shelys Pharmaceuticals,Nairobi ,2,60,0,1
2025-11-16,PRD008,Royco Mchuzi Mix 75g,Seasonings,Mini Supermarket,Pack,105.0,29.0,2,0,74,42,55.0,Unilever Kenya,nairobi,3,35,0,1
2024-04-07,PRD009,Paracetamol 500mg x10,Analgesics,Pharmacy,Strips,36.0,19.0,0,0,14,18,30.0,Shelys Pharmaceuticals,Nairobi ,2,60,0,1
14-Jan-2025,PRD012,Dettol Antiseptic 100ml,Antiseptics,Pharmacy,Bottle,14.0,3.0,3,0,0,145,200.0,Reckitt Kenya,NAIROBI,3,20,0,0
2024-02-03,PRD004,KCC Butter 250g,Dairy,Mini Supermarket,piece,40.0,26.0,2,0,12,210,260.0,Brookside Dairy Ltd,kiambu,2,15,0,1
2025-03-22,PRD003,  Brookside Milk 500ml  ,Dairy,Mini Supermarket,piece,60.0,5.0,1,71,125,55,70.0,Brookside Dairy Ltd,Kiambu ,2,40,0,1
2025-03-22,PRD012,Dettol Antiseptic 100ml,Antiseptics,Pharmacy,Bottle,113.0,23.0,0,0,90,145,200.0,Reckitt Kenya,NAIROBI,3,20,0,1
2025-10-25,PRD017,Newcastle Vaccine 100dos,veterinary,Agrovet,VIAL,65.0,26.0,0,0,39,250,400.0,Interchemie Kenya,nairob,4,10,0,1
2025-05-26,PRD008,Royco Mchuzi Mix 75g,Seasonings,Mini Supermarket,Pack,78.0,12.0,1,0,65,42,55.0,Unilever Kenya,Nairobi,3,35,0,0
2024-01-10,PRD016,Maize Seed 2kg,Seeds,Agrovet,PACK,15.0,5.0,0,0,10,380,520.0,Kenya Seed Company,Nakurru,5,15,0,0
2026-02-22,PRD014,DAP Fertiliser 50kg,Fertilisers,Agrovet,bag,64.0,38.0,2,0,24,3800,4500.0,MEA Fertilisers,,7,5,1,1
2025-03-08,PRD004,KCC Butter 250g,Dairy,Mini Supermarket,piece,94.0,34.0,1,0,59,210,260.0,Brookside Dairy Ltd,kiambu,2,15,0,1
2024-03-16,PRD012,Dettol Antiseptic 100ml,Antiseptics,Pharmacy,Bottle,87.0,16.0,1,43,113,145,200.0,Reckitt Kenya,nairobi,3,20,0,1
2024-02-29,PRD018,Drenching Gun Dewormer,VETERINARY,AGROVET,Btl,106.0,3.0,0,0,103,480,650.0,Interchemie Kenya,nairobi,4,8,0,0
2024-02-12,PRD003,  Brookside Milk 500ml  ,Dairy,Mini Supermarket,piece,59.0,6.0,3,0,50,55,70.0,Brookside Dairy Ltd,Kiambu ,2,40,0,0
2025-05-05,PRD001,Unga Jogoo 2kg,Flour & Grains,Mini Supermarket,bag,26.0,10.0,0,74,90,145,175.0,Unga Ltd Nairobi,Nairobi ,3,30,0,0
2025-02-04,PRD015,  CAN Fertiliser 50kg  ,Fertilisers,Agrovet,BAG,68.0,8.0,1,0,59,3200,3900.0,MEA Fertilisers,NAIROBI,7,5,0,0
2025-03-14,PRD020,Earphones Generic,Accessories,Electronics,PCS,32.0,12.0,3,0,17,150,300.0,,NAIROBI,2,12,0,0
2024-03-05,PRD015,CAN Fertiliser 50kg,Fertilisers,Agrovet,BAG,86.0,35.0,2,38,87,3200,3900.0,MEA Fertilisers,NAIROBI,7,5,0,0
12-Jun-2024,PRD012,Dettol Antiseptic 100ml,Antiseptics,Pharmacy,Bottle,20.0,16.0,0,0,4,145,200.0,Reckitt Kenya,NAIROBI,3,20,0,0
2024-04-09,PRD020,Earphones Generic,Accessories,Electronics,PCS,62.0,4.0,0,0,58,150,300.0,,NAIROBI,2,12,0,0
2026-01-15,PRD009,Paracetamol 500mg x10,Analgesics,Pharmacy,Strips,,25.0,2,0,22,18,30.0,Shelys Pharmaceuticals,Nairobi ,2,60,0,0
2026-04-05,PRD001,Unga Jogoo 2kg,Flour & Grains,Mini Supermarkt,Bag,12.0,3.0,1,0,8,145,,Unga Ltd Nairobi,Nairobi ,3,30,1,1
2026-03-18,PRD018,Drenching Gun Dewormer,Veterinary,Agrovet,btl,93.0,7.0,1,0,85,480,650.0,,nairobi,4,8,0,0
2025-07-18,PRD014,DAP Fertiliser 50kg,Fertilisers,Agrovet,bag,70.0,19.0,3,0,48,3800,4500.0,MEA Fertilisers,Nairob,7,5,0,0
2024-11-24,PRD004,KCC Butter 250g,Dairy,Mini Supermarket,piece,86.0,20.0,0,0,66,210,260.0,Brookside Dairy Ltd,kiambu,2,15,0,1
2025-07-21,PRD014,DAP Fertiliser 50kg,Fertilisers,Agrovet,Bags,35.0,19.0,2,59,73,3800,4500.0,MEA Fertilisers,Nairob,7,5,0,0
02-Apr-2024,PRD007,Omo Washing Powder 1kg,Detergents,Mini Supermarket,pack,,20.0,2,19,19,295,398.25,Bidco Africa Mombasa Rd,Nairob,3,12,0,0
2025-07-04,PRD006,Salit Sugar 1kg,Sugar & Spices,Mini Supermarket,Bag ,40.0,16.0,3,0,21,135,,Mumias Sugar Distributor,Kisumu,5,30,0,0
2026-01-20,PRD001,Unga Jogoo 2kg,Flour & Grains,Mini Supermarket,bag,36.0,27.0,2,0,7,145,175.0,Unga Ltd Nairobi,Nairobi ,3,30,0,0
2024-06-09,PRD018,Drenching Gun Dewormer,Veterinary,Agrovet,Bottle,26.0,23.0,2,0,1,480,650.0,Interchemie Kenya,nairobi,4,8,0,1
2024-11-07,PRD020,Earphones Generic,Accessories,Electronics,PCS,,27.0,3,0,68,150,300.0,,NAIROBI,2,12,0,0
2026-02-19,PRD019,Infinix Charger 33W,Accessories,Electronics,piece,88.0,28.0,1,13,72,380,650.0,Luthuli Ave Wholesale,NAIROBI,2,10,0,0
2025-01-03,PRD018,Drenching Gun Dewormer,Veterinary,Agrovet,Bottle,38.0,-30.0,2,0,6,480,650.0,Interchemie Kenya,nairobi,4,8,0,0
2024-04-13,PRD020,Earphones Generic,Accessories,Electronics,piece,58.0,23.0,1,0,34,150,300.0,,NAIROBI,2,12,0,1
2026-03-11,PRD017,Newcastle Vaccine 100dos,Veterinary,Agrovet,VIAL,118.0,26.0,3,0,89,250,400.0,Interchemie Kenya,Nairob,4,10,0,0
2025-07-06,PRD010,Amoxicillin 250mg x6,ANTIBIOTICS,Pharmacy,Strips,33.0,10.0,3,78,98,55,90.0,Cosmos Pharmaceuticals,NAIROBI,3,40,1,1
2024-01-29,PRD006,Salit Sugar 1kg,Sugar & Spices,Mini Supermarkt,Bag ,81.0,36.0,2,0,43,135,160.0,   ,kisumu,5,30,0,0
2025-11-05,PRD005,Elianto Cooking Oil 1L,Oils & Fats,Mini Supermarket,btl,120.0,25.0,1,37,131,230,280.0,Kapa Oil Refineries,Nairobi,4,20,0,0
2024-03-24,PRD007,Omo Washing Powder 1kg,Detergents,Mini Supermarket,Packs,73.0,22.0,2,0,49,295,398.25,Bidco Africa Mombasa Rd,Nairob,3,12,0,1
2024-04-05,PRD017,Newcastle Vaccine 100dos,Veterinary,Agrovet,VIAL,,19.0,0,0,76,250,400.0,Interchemie Kenya,Nairob,4,10,0,0
2025-08-08,PRD019,Infinix Charger 33W,Accessories,Electronics,PCS,80.0,29.0,2,0,49,380,650.0,Luthuli Ave Wholesale,NAIROBI,2,10,0,0
2024-04-11,PRD011,ORS Sachets x6,Rehydration,pharmacy,Pack,22.0,3.0,3,0,16,35,60.0,   ,nairobi,2,50,0,0
2024-07-20,PRD007,Omo Washing Powder 1kg,Detergents,Mini Supermarket,pck,15.0,0.0,1,0,14,295,398.25,   ,nairob,3,12,0,1
2026-01-21,PRD010,Amoxicillin 250mg x6,Antibiotics,Pharmacy,Strips,49.0,11.0,3,0,24,55,90.0,Cosmos Pharmaceuticals,NAIROBI,3,40,0,0
"Feb 15, 2025",PRD017,Newcastle Vaccine 100dos,Veterinary,Agrovet,VIAL,36.0,33.0,2,0,1,250,400.0,Interchemie Kenya,Nairob,4,10,0,1
2024-04-23,PRD012,Dettol Antiseptic 100ml,Antiseptics,Pharamcy,BOTTLE,33.0,24.0,2,0,7,145,200.0,Reckitt Kenya,NAIROBI,3,20,0,0
2026-03-14,PRD012,Dettol Antiseptic 100ml,Antiseptics,Pharmcy,Bottle,75.0,37.0,0,35,73,145,200.0,Reckitt Kenya,NAIROBI,3,20,0,1
2024-02-08,PRD003,Brookside Milk 500ml,Dairy,Mini Supermarket,piece,52.0,6.0,1,0,45,55,70.0,,Kiambu ,2,40,0,0
2025-09-07,PRD014,DAP Fertiliser 50kg,Fertilisers,Agrovet,bag,101.0,14.0,0,65,152,3800,4500.0,MEA Fertilisers,Nairob,7,5,0,1
2025-09-21,PRD018,Drenching Gun Dewormer,Veterinary,Agrovet,Bottle,84.0,7.0,0,0,77,480,650.0,Interchemie Kenya,nairobi,4,8,0,1
24-Feb-2025,PRD006,Salit Sugar 1kg,Sugar & Spices,Mini Supermarket,Bag ,20.0,2.0,3,0,15,135,160.0,Mumias Sugar Distributor,Kisumu,5,30,0,0
2024-05-25,PRD001,Unga Jogoo 2kg,Flour & Grains,Mini Supermarket,bag,75.0,20.0,1,79,133,145,175.0,Unga Ltd Nairobi,Nairobi ,3,30,0,1
2025-08-22,PRD002,Pembe Unga 1kg,Flour & Grains,mini supermarket,Bag,70.0,14.0,2,0,54,78,95.0,Unga Ltd Nairobi,NAIROBI,3,25,0,0
2025-09-29,PRD010,Amoxicillin 250mg x6,Antibiotics,Pharmacy,Strips,112.0,1.0,2,19,128,55,90.0,Cosmos Pharmaceuticals,,3,40,0,0
2024-06-05,PRD004,KCC Butter 250g,Dairy,Mini Supermarket,piece,15.0,8.0,1,0,6,210,7762.212280305658,Brookside Dairy Ltd,kiambu,2,15,0,0
2024-07-25,PRD017,Newcastle Vaccine 100dos,Veterinary,Agrovet,VIAL,75.0,20.0,0,42,97,250,400.0,Interchemie Kenya,Nairob,4,10,0,0
2026-03-02,PRD004,KCC Butter 250g,Dairy,Mini Supermarket,PCS,108.0,19.0,1,0,88,210,260.0,Brookside Dairy Ltd,kiambu,2,15,0,0
2026-04-02,PRD009,Paracetamol 500mg x10,Analgesics,Pharmacy,Strips,84.0,12.0,1,20,91,18,30.0,   ,Nairobi ,2,60,0,0
2025-09-23,PRD016,Maize Seed 2kg,Seeds,Agrovet,PACK,35.0,,2,0,1,380,520.0,Kenya Seed Company,Nakurru,5,15,0,0
2025-06-16,PRD018,Drenching Gun Dewormer,Veterinary,Agrovet,Bottle,79.0,,2,0,42,480,,Interchemie Kenya,nairobi,4,8,0,0
2026-04-22,PRD005,Elianto Cooking Oil 1L,Oils & Fats,Mini Sup.,btl,104.0,36.0,3,0,65,230,280.0,Kapa Oil Refineries,Nairobi,4,20,0,0
2024-02-24,PRD006,Salit Sugar 1kg,Sugar & Spices,Mini Supermarket,Bag ,102.0,10.0,2,0,90,135,160.0,Mumias Sugar Distributor,Kisumu,5,30,0,1
2024-06-12,PRD007,Omo Washing Powder 1kg,Detergents,Mini Supermarket,pack,31.0,20.0,3,0,8,295,398.25,Bidco Africa Mombasa Rd,Nairob,3,12,0,0
28-07-2024,PRD008,  Royco Mchuzi Mix 75g  ,Seasonings,Mini Supermarket,Pack,18.0,16.0,2,39,39,42,55.0,Unilever Kenya,nairobi,3,35,0,1
2026-04-15,PRD011,ORS Sachets x6,Rehydration,Pharmacy,Pack,85.0,20.0,3,0,62,35,60.0,Dawa Ltd,nairobi,2,50,0,0
2024-03-31,PRD016,  Maize Seed 2kg  ,Seeds,Agrovet,PACK,67.0,-14.0,2,0,51,380,520.0,Kenya Seed Company,Nakurru,5,15,0,1
2024-12-12,PRD020,Earphones Generic,Accessories,Electronics,PCS,75.0,31.0,1,0,43,150,300.0,,NAIROBI,2,12,0,0
2024-11-05,PRD001,  Unga Jogoo 2kg  ,Flour & Grains,Mini Supermarket,BAG,67.0,1.0,1,49,114,145,175.0,Unga Ltd Nairobi,Nairobi ,3,30,0,0
2025-06-10,PRD011,ORS Sachets x6,Rehydration,Pharmacy,Pack,46.0,1.0,0,41,86,35,60.0,Dawa Ltd,nairobi,2,50,0,0
2024-09-08,PRD015,CAN Fertiliser 50kg,Fertilisers,Agrovet,BAG,19.0,18.0,3,0,0,3200,3900.0,MEA Fertilisers,,7,5,0,1
2024-09-15,PRD011,ORS Sachets x6,Rehydration,Pharmacy,Pack,39.0,18.0,1,0,20,35,60.0,Dawa Ltd,nairobi,2,50,0,1
2024-02-27,PRD006,Salit Sugar 1kg,Sugar & Spices,Mini Supermarket,Bag ,49.0,,0,0,34,135,160.0,Mumias Sugar Distributor,Kisumu,5,30,0,0
2024-04-09,PRD002,Pembe Unga 1kg,flour & grains,Mini Supermarket,BAG,68.0,17.0,2,0,59,78,,Unga Ltd Nairobi,NAIROBI,3,25,0,0
2025-03-21,PRD009,Paracetamol 500mg x10,Analgesics,Pharmacy,Strips,105.0,3.0,0,0,102,18,30.0,Shelys Pharmaceuticals,Nairobi ,2,60,0,0
2025-08-13,PRD020,Earphones Generic,Accessories,Electronics,PCS,101.0,19.0,3,8,87,150,300.0,,NAIROBI,2,12,0,0
2025-03-29,PRD019,Infinix Charger 33W,Accessories,Electronics,PCS,100.0,,1,0,68,380,650.0,Luthuli Ave Wholesale,NAIROBI,2,10,0,1
2024-09-17,PRD008,Royco Mchuzi Mix 75g,Seasonings,Mini Supermarket,Pack,32.0,17.0,3,0,12,42,55.0,Unilever Kenya,nairobi,3,35,0,0
2024-11-24,PRD011,ORS Sachets x6,Rehydration,Pharmacy,Pack,116.0,25.0,1,15,105,35,60.0,Dawa Ltd,,2,50,0,1
2025-12-30,PRD003,Brookside Milk 500ml,Dairy,Mini Supermarket,piece,39.0,36.0,3,0,0,55,70.0,Brookside Dairy Ltd,Kiambu ,2,40,0,0
2024-06-27,PRD011,ORS Sachets x6,Rehydration,Pharmacy,pck,87.0,24.0,3,10,70,35,60.0,Dawa Ltd,nairobi,2,50,0,0
2025-09-18,PRD001,Unga Jogoo 2kg,Flour & Grains,Mini Supermarket,bag,5.0,3.0,1,0,20,145,175.0,Unga Ltd Nairobi,Nairobi ,3,30,0,0
2025-06-15,PRD019,Infinix Charger 33W,Accessories,Electronics,PCS,81.0,18.0,1,13,75,380,650.0,Luthuli Ave Wholesale,NAIROBI,2,10,0,1
2024-03-05,PRD017,Newcastle Vaccine 100dos,Veterinary,Agrovet,VIAL,83.0,,0,0,49,250,400.0,Interchemie Kenya,Nairob,4,10,0,0
2024-01-23,PRD014,  DAP Fertiliser 50kg  ,Fertilisers,Agrovet,bag,77.0,13.0,3,0,61,3800,4500.0,MEA Fertilisers,Nairob,7,5,0,0
2025-03-25,PRD014,DAP Fertiliser 50kg,Fertilisers,Agrovett,bag,48.0,18.0,0,0,30,3800,4500.0,MEA Fertilisers,Nairob,7,5,0,0
2024-03-03,PRD015,CAN Fertiliser 50kg,Fertilisers,Agrovet,bag,,30.0,3,0,64,3200,3900.0,MEA Fertilisers,NAIROBI,7,5,0,1
2025-07-04,PRD005,Elianto Cooking Oil 1L,Oils & Fats,Mini Supermarket,bottle,,15.0,1,0,53,230,280.0,Kapa Oil Refineries,Nairobi,4,20,0,0
2025-08-21,PRD017,Newcastle Vaccine 100dos,Veterinary,Agrovet,VIAL,118.0,15.0,3,0,100,250,400.0,Interchemie Kenya,Nairob,4,10,0,0
2026-03-12,PRD003,Brookside Milk 500ml,Dairy,Mini Supermarket,piece,17.0,15.0,1,0,1,55,70.0,Brookside Dairy Ltd,Kiambu ,2,40,0,0
2026-02-07,PRD019,Infinix Charger 33W,Accessories,Electronics,PCS,82.0,40.0,0,0,59,380,19405.530700764146,Luthuli Ave Wholesale,NAIROBI,2,10,0,1
2024-10-01,PRD018,Drenching Gun Dewormer,Veterinary,Agrovet,Bottle,6.0,1.0,0,0,5,480,650.0,Interchemie Kenya,nairobi,4,8,0,0
2025-05-27,PRD012,Dettol Antiseptic 100ml,Antiseptics,Pharmacy,Bottle,95.0,11.0,2,0,82,145,200.0,Reckitt Kenya,NAIROBI,3,20,0,0
2025-10-12,PRD014,DAP Fertiliser 50kg,Fertilisers,Agrovet,bag,49.0,23.0,2,0,24,3800,4500.0,MEA Fertilisers,Nairob,7,5,0,1
2024-08-13,PRD004,KCC Butter 250g,Dairy,Mini Supermarket,piece,27.0,17.0,0,0,10,210,260.0,Brookside Dairy Ltd,kiambu,2,15,0,0
2025-01-31,PRD012,Dettol Antiseptic 100ml,Antiseptics,Pharmacy,bottle,41.0,37.0,0,39,53,145,200.0,Reckitt Kenya,NAIROBI,3,20,0,0
2025-10-31,PRD011,ORS Sachets x6,Rehydration,Pharmacy,Pack,33.0,12.0,0,0,21,35,60.0,Dawa Ltd,nairobi,2,50,0,0
2024-11-08,PRD019,Infinix Charger 33W,Accessories,Electronics,PCS,102.0,35.0,0,0,67,380,650.0,Luthuli Ave Wholesale,NAIROBI,2,10,0,0
2024-03-11,PRD002,  Pembe Unga 1kg  ,Flour & Grains,Mini Supermarket,BAG,29.0,0.0,3,0,26,78,95.0,Unga Ltd Nairobi,nairobi,3,25,0,0
2024-01-25,PRD020,Earphones Generic,Accessories,Electronics,PCS,81.0,17.0,0,0,66,150,300.0,,NAIROBI,2,12,0,0
2025-06-02,PRD011,ORS Sachets x6,Rehydration,Pharmacy,Pack,110.0,22.0,1,0,87,35,60.0,Dawa Ltd,Nairobi,2,50,0,0
03-Apr-2025,PRD001,Unga Jogoo 2kg,Flour & Grains,Mini Supermarket,bag,63.0,23.0,1,25,64,145,175.0,Unga Ltd Nairobi,Nairobi ,3,30,0,0
2024-03-23,PRD012,Dettol Antiseptic 100ml,ANTISEPTICS,Pharmacy,Bottle,104.0,3.0,1,0,100,145,200.0,Reckitt Kenya,NAIROBI,3,20,0,1
2024-03-16,PRD008,Royco Mchuzi Mix 75g,Seasonings,Mini Supermarket,Pack,106.0,18.0,1,51,138,42,55.0,Unilever Kenya,nairobi,3,35,0,1
2024-10-16,PRD013,Malaria RDT Kit,Diagnostics,Pharmacy,PCS,111.0,39.0,2,0,70,120,,Medipharm Ltd,,4,25,0,0
2025-04-03,PRD005,Elianto Cooking Oil 1L,Oils & Fats,Mini Supermarket,btl,69.0,7.0,2,0,60,230,280.0,Kapa Oil Refineries,Nairobi,4,20,0,0
2026-03-08,PRD015,CAN Fertiliser 50kg,Fertilisers,Agrovet,BAG,71.0,9.0,3,11,70,3200,3900.0,MEA Fertilisers,NAIROBI,7,5,0,1
2024-04-16,PRD013,Malaria RDT Kit,Diagnostics,PHARMACY,PCS,115.0,18.0,2,0,86,120,200.0,Medipharm Ltd,Nairobi ,4,25,0,0
2026-01-11,PRD007,Omo Washing Powder 1kg,Detergents,Mini Supermarket,pack,74.0,12.0,1,0,61,295,398.25,Bidco Africa Mombasa Rd,Nairob,3,12,0,1
2024-06-21,PRD007,Omo Washing Powder 1kg,Detergents,Mini Supermarket,pack,49.0,38.0,1,0,10,295,398.25,Bidco Africa Mombasa Rd,Nairob,3,12,0,0
2024-01-14,PRD015,CAN Fertiliser 50kg,Fertilisers,Agrovet,BAG,9.0,7.0,1,58,59,3200,3900.0,MEA Fertilisers,NAIROBI,7,5,0,1
2026-01-23,PRD012,Dettol Antiseptic 100ml,Antiseptics,Pharmacy,Bottle,78.0,6.0,1,0,71,145,200.0,Reckitt Kenya,NAIROBI,3,20,0,0
"Nov 11, 2025",PRD015,CAN Fertiliser 50kg,Fertilisers,Agrovet,BAG,,0.0,0,0,20,3200,3900.0,MEA Fertilisers,NAIROBI,7,5,0,0
2024-05-24,PRD005,Elianto Cooking Oil 1L,Oils & Fats,Mini Supermarket,btl,101.0,26.0,0,0,75,230,280.0,Kapa Oil Refineries,Nairobi,4,20,0,0
2025-11-07,PRD002,Pembe Unga 1kg,Flour & Grains,Mini Supermarket,BAG,,16.0,3,68,87,78,95.0,Unga Ltd Nairobi,NAIROBI,3,25,0,0
2025-08-31,PRD016,Maize Seed 2kg,Seeds,Agrovet,PACK,22.0,1.0,0,0,21,380,520.0,Kenya Seed Company,Nakurru,5,15,1,1
19-07-2025,PRD007,Omo Washing Powder 1kg,Detergents,Mini Supermarket,pack,56.0,27.0,1,0,18,295,398.25,Bidco Africa Mombasa Rd,Nairob,3,12,0,1
2024-03-20,PRD016,Maize Seed 2kg,Seeds,Agrovet,PACK,13.0,7.0,0,0,6,380,520.0,Kenya Seed Company,Nakurru,5,15,0,0
2025-06-23,PRD006,Salit Sugar 1kg,Sugar & Spices,Mini Supermarket,Bag ,43.0,21.0,3,0,19,135,160.0,,Kisumu,5,30,0,0
07/31/2025,PRD019,Infinix Charger 33W,Accessories,Electronics,PCS,72.0,38.0,0,0,34,380,650.0,Luthuli Ave Wholesale,NAIROBI,2,10,0,0
2024-04-09,PRD009,Paracetamol 500mg x10,Analgesics,Pharmacy,Strips,48.0,35.0,1,0,12,18,30.0,Shelys Pharmaceuticals,Nairobi ,2,60,0,0
2024-04-06,PRD008,Royco Mchuzi Mix 75g,Seasonings,Mini Supermarket,Pack,67.0,26.0,3,0,44,42,55.0,Unilever Kenya,,3,35,0,1
15-Jan-2025,PRD013,Malaria RDT Kit,Diagnostics,pharmacy,PCS,86.0,28.0,1,1,58,120,200.0,,Nairobi ,4,25,0,0
2024-02-03,PRD001,Unga Jogoo 2kg,Flour & Grains,Mini Supermarket,bag,43.0,37.0,3,0,3,145,,Unga Ltd Nairobi,Nairobi ,3,30,0,1
2025-07-30,PRD017,Newcastle Vaccine 100dos,Veterinary,Agrovet,VIAL,88.0,21.0,3,0,64,250,400.0,Interchemie Kenya,Nairob,4,10,0,0
"Apr 13, 2026",PRD007,Omo Washing Powder 1kg,Detergents,Mini Supermarket,pack,61.0,1.0,0,0,60,295,398.25,Bidco Africa Mombasa Rd,Nairob,3,12,0,0
07/19/2024,PRD001,Unga Jogoo 2kg,Flour & Grains,Mini Supermarket,bag,54.0,32.0,1,0,21,145,175.0,   ,Nairobi ,3,30,0,0
2025-04-12,PRD014,DAP Fertiliser 50kg,Fertilisers,Agrovet,Bag,102.0,14.0,1,0,87,3800,4500.0,MEA Fertilisers,Nairob,7,5,0,1
2025-03-07,PRD011,ORS Sachets x6,Rehydration,Pharmacy,Pack,34.0,15.0,0,0,19,35,60.0,Dawa Ltd,nairobi,2,50,0,0
2025-01-25,PRD009,Paracetamol 500mg x10,Analgesics,Pharmacy,Strips,68.0,33.0,3,6,38,18,30.0,Shelys Pharmaceuticals,Nairobi ,2,60,0,1
2026-04-26,PRD015,CAN Fertiliser 50kg,Fertilisers,Agrovet,BAG,22.0,0.0,1,0,21,3200,3900.0,MEA Fertilisers,NAIROBI,7,5,0,1
2024-08-26,PRD011,ORS Sachets x6,Rehydration,Pharmacy,Pack,56.0,31.0,1,0,24,35,60.0,Dawa Ltd,nairobi,2,50,0,0
2024-01-13,PRD013,Malaria RDT Kit,Diagnostics,Pharmacy,piece,37.0,3.0,0,0,34,120,200.0,Medipharm Ltd,NAIROBI ,4,25,0,1
2024-09-05,PRD017,Newcastle Vaccine 100dos,Veterinary,Agrovet,VIAL,19.0,12.0,2,0,5,250,400.0,Interchemie Kenya,Nairob,4,10,0,0
2025-11-20,PRD002,Pembe Unga 1kg,Flour & Grains,Mini Supermarket,BAG,64.0,4.0,3,0,57,78,95.0,Unga Ltd Nairobi,NAIROBI,3,25,0,0
2025-07-11,PRD020,Earphones Generic,Accessories,Electronics,PCS,105.0,11.0,2,0,92,150,300.0,,NAIROBI,2,12,0,0
01/31/2026,PRD007,Omo Washing Powder 1kg,Detergents,Mini Supermarket,pack,-54.0,19.0,2,0,33,295,398.25,Bidco Africa Mombasa Rd,Nairob,3,12,0,1
2025-04-17,PRD020,Earphones Generic,Accessories,Electronics,PCS,48.0,29.0,3,0,16,150,300.0,,NAIROBI,2,12,0,0
2025-04-24,PRD009,Paracetamol 500mg x10,Analgesics,Pharmacy,Strips,,33.0,1,1,64,18,30.0,Shelys Pharmaceuticals,Nairobi ,2,60,0,0
08/09/2024,PRD019,Infinix Charger 33W,Accessories,Electronics,PCS,72.0,6.0,3,0,63,380,650.0,Luthuli Ave Wholesale,NAIROBI,2,10,0,0
2024-09-23,PRD012,Dettol Antiseptic 100ml,Antiseptics,Pharmacy,Bottle,84.0,24.0,2,0,58,145,200.0,Reckitt Kenya,NAIROBI,3,20,0,0
2025-01-28,PRD010,  Amoxicillin 250mg x6  ,Antibiotics,pharmacy,Strips,99.0,21.0,3,0,75,55,90.0,Cosmos Pharmaceuticals,NAIROBI,3,40,0,0
2025-01-13,PRD014,DAP Fertiliser 50kg,Fertilisers,Agrovet,bag,112.0,35.0,1,0,76,3800,4500.0,MEA Fertilisers,Nairob,7,5,0,0
2026-04-28,PRD015,CAN Fertiliser 50kg,Fertilisers,Agrovet,Bag,40.0,1.0,1,0,38,3200,3900.0,MEA Fertilisers,NAIROBI,7,5,0,0
2024-07-13,PRD006,Salit Sugar 1kg,Sugar & Spices,Mini Supermarket,Bag ,25.0,0.0,2,0,23,135,160.0,Mumias Sugar Distributor,Kisumu,5,30,0,1
2025-12-10,PRD010,Amoxicillin 250mg x6,Antibiotics,Pharmacy,Strips,117.0,,3,50,162,55,90.0,Cosmos Pharmaceuticals,NAIROBI,3,40,0,0
2024-03-09,PRD004,  KCC Butter 250g  ,Dairy,Mini Supermarket,piece,51.0,9.0,1,0,41,210,260.0,Brookside Dairy Ltd,KIAMBU,2,15,0,1
2025-03-14,PRD005,Elianto Cooking Oil 1L,Oils & Fats,Mini Supermarket,btl,72.0,12.0,0,0,60,230,280.0,Kapa Oil Refineries,Nairobi,4,20,0,0
2025-05-19,PRD003,Brookside Milk 500ml,Dairy,MINI SUPERMARKET,piece,53.0,17.0,1,0,35,55,70.0,Brookside Dairy Ltd,Kiambu ,2,40,0,0
30-Sep-2025,PRD004,KCC Butter 250g,Dairy,Mini Supermarket,piece,88.0,23.0,1,0,64,210,260.0,Brookside Dairy Ltd,Kiambu,2,15,0,0
2025-12-23,PRD020,Earphones Generic,Accessories,Electronics,PCS,114.0,31.0,3,0,80,150,300.0,,NAIROBI,2,12,0,0
2025-07-18,PRD013,Malaria RDT Kit,Diagnostics,Pharmacy,PCS,24.0,3.0,2,0,19,120,200.0,Medipharm Ltd,Nairobi ,4,25,0,0
2025-08-14,PRD011,ORS Sachets x6,Rehydration,Pharmacy,Pack,32.0,4.0,1,0,27,35,60.0,Dawa Ltd,nairobi,2,50,0,0
2024-05-18,PRD006,Salit Sugar 1kg,Sugar & Spices,Mini Supermarket,Bag ,39.0,5.0,2,0,32,135,160.0,Mumias Sugar Distributor,Kisumu,5,30,0,1
2025-09-28,PRD020,Earphones Generic,Accessories,Electronics,PCS,103.0,30.0,3,0,70,150,300.0,,NAIROBI,2,12,1,1
2025-12-13,PRD007,Omo Washing Powder 1kg,Detergents,mini supermarket,pack,51.0,34.0,1,33,49,295,398.25,Bidco Africa Mombasa Rd,Nairob,3,12,0,1
2025-12-01,PRD016,Maize Seed 2kg,Seeds,Agrovet,PACK,36.0,0.0,1,0,35,380,520.0,Kenya Seed Company,Nakurru,5,15,0,0
2024-08-16,PRD001,Unga Jogoo 2kg,Flour & Grains,Mini Sup.,bag,83.0,24.0,1,62,120,145,175.0,Unga Ltd Nairobi,Nairobi ,3,30,0,0
2025-09-25,PRD001,Unga Jogoo 2kg,Flour & Grains,Mini Supermarket,bag,21.0,20.0,0,0,1,145,175.0,Unga Ltd Nairobi,Nairobi ,3,30,0,0
2025-02-20,PRD008,Royco Mchuzi Mix 75g,Seasonings,Mini Sup.,Pack,10.0,,1,33,34,42,55.0,Unilever Kenya,Nairobi,3,35,0,0
11-Apr-2025,PRD008,Royco Mchuzi Mix 75g,Seasonings,Mini Supermarket,Pack,37.0,26.0,2,0,9,42,55.0,,nairobi,3,35,0,0
"Jun 22, 2024",PRD002,Pembe Unga 1kg,FLOUR & GRAINS,Mini Supermarket,BAG,104.0,18.0,2,0,84,78,95.0,Unga Ltd Nairobi,NAIROBI,3,25,0,1
2025-12-29,PRD014,DAP Fertiliser 50kg,Fertilisers,Agrovet,bag,43.0,36.0,3,0,4,3800,134345.981774521,MEA Fertilisers,Nairob,7,5,0,0
2025-04-16,PRD013,Malaria RDT Kit,Diagnostics,Pharmacy,PCS,,25.0,3,0,31,120,200.0,Medipharm Ltd,Nairobi ,4,25,0,0
2025-11-16,PRD010,  Amoxicillin 250mg x6  ,Antibiotics,Pharmacy,Strips,105.0,4.0,0,0,101,55,90.0,Cosmos Pharmaceuticals,nairobi,3,40,0,1
2024-08-01,PRD013,Malaria RDT Kit,Diagnostics,Pharmacy,PCS,77.0,21.0,1,9,64,120,200.0,Medipharm Ltd,Nairobi ,4,25,0,0
2025-12-16,PRD010,Amoxicillin 250mg x6,Antibiotics,Pharmacy,Strips,118.0,-19.0,1,0,98,55,90.0,Cosmos Pharmaceuticals,NAIROBI,3,40,0,0
2025-04-19,PRD014,DAP Fertiliser 50kg,Fertilisers,Agrovet,bag,30.0,9.0,1,0,20,3800,4500.0,MEA Fertilisers,Nairob,7,5,0,1
2025-05-11,PRD012,  Dettol Antiseptic 100ml  ,Antiseptics,Pharmacy,Bottle,14.0,9.0,0,0,22,145,200.0,Reckitt Kenya,NAIROBI,3,20,0,1
2024-10-16,PRD014,DAP Fertiliser 50kg,Fertilisers,Agrovet,bag,77.0,,2,15,86,3800,4500.0,MEA Fertilisers,Nairob,7,5,0,0
2025-10-30,PRD020,Earphones Generic,Accessories,Electronics,PCS,38.0,20.0,2,0,16,150,300.0,,NAIROBI,2,12,0,0
2026-01-23,PRD007,Omo Washing Powder 1kg,Detergents,Mini Supermarket,pack,78.0,39.0,3,0,36,295,398.25,Bidco Africa Mombasa Rd,Nairob,3,12,0,0
2024-06-26,PRD016,Maize Seed 2kg,Seeds,Agrovet,PACK,61.0,-19.0,2,0,45,380,520.0,Kenya Seed Company,Nakurru,5,15,0,0
2025-06-07,PRD014,DAP Fertiliser 50kg,Fertilisers,Agrovet,bag,46.0,40.0,1,0,5,3800,4500.0,MEA Fertilisers,Nairob,7,5,0,1
2024-01-01,PRD012,Dettol Antiseptic 100ml,Antiseptics,Pharmacy,Bottle,9.0,0.0,0,64,73,145,200.0,Reckitt Kenya,NAIROBI,3,20,0,0
2025-06-01,PRD005,Elianto Cooking Oil 1L,Oils & Fats,Mini Supermarket,btl,106.0,14.0,1,10,101,230,280.0,Kapa Oil Refineries,Nairobi,4,20,0,1
2025-07-12,PRD001,Unga Jogoo 2kg,Flour & Grains,Mini Supermarket,bag,119.0,3.0,3,6,119,145,175.0,Unga Ltd Nairobi,Nairobi ,3,30,0,1
2024-08-28,PRD004,KCC Butter 250g,Dairy,Mini Supermarket,piece,116.0,33.0,2,75,156,210,260.0,Brookside Dairy Ltd,kiambu,2,15,0,0
2024-08-29,PRD004,KCC Butter 250g,Dairy,Mini Supermarket,piece,58.0,11.0,3,0,44,210,260.0,Brookside Dairy Ltd,kiambu,2,15,0,0
2025-12-30,PRD018,Drenching Gun Dewormer,Veterinary,Agrovet,Bottle,64.0,,0,72,108,480,650.0,Interchemie Kenya,nairobi,4,8,0,0
2024-08-07,PRD009,Paracetamol 500mg x10,Analgesics,Pharmacy,Strips,97.0,40.0,1,44,100,18,30.0,Shelys Pharmaceuticals,Nairobi ,2,60,0,0
2024-04-07,PRD010,  Amoxicillin 250mg x6  ,Antibiotics,Pharmacy,Strips,49.0,39.0,3,17,24,55,90.0,Cosmos Pharmaceuticals,NAIROBI,3,40,0,1
2025-05-22,PRD005,Elianto Cooking Oil 1L,Oils & Fats,Mini Supermarket,btl,73.0,1.0,1,0,71,230,280.0,Kapa Oil Refineries,Nairobi,4,20,0,0
2024-12-01,PRD003,Brookside Milk 500ml,Dairy,Mini Supermarket,piece,112.0,10.0,0,60,162,55,70.0,Brookside Dairy Ltd,Kiambu ,2,40,0,1
2024-08-12,PRD009,Paracetamol 500mg x10,Analgesics,Pharmacy,Strips,24.0,20.0,0,0,4,18,30.0,Shelys Pharmaceuticals,Nairobi ,2,60,0,0
2025-02-24,PRD019,Infinix Charger 33W,Accessories,Electronics,PCS,103.0,12.0,1,0,90,380,650.0,Luthuli Ave Wholesale,NAIROBI,2,10,0,0
2025-09-24,PRD007,Omo Washing Powder 1kg,Detergents,Mini Supermarket,pack,99.0,17.0,2,0,80,295,398.25,Bidco Africa Mombasa Rd,Nairob,3,12,0,0
2025-05-14,PRD013,Malaria RDT Kit,Diagnostics,Pharmacy,PCS,48.0,29.0,3,0,16,120,200.0,,Nairobi ,4,25,0,0
2024-04-26,PRD015,CAN Fertiliser 50kg,Fertilisers,Agrovet,BAG,86.0,36.0,0,0,54,3200,3900.0,MEA Fertilisers,NAIROBI,7,5,0,0
2026-02-18,PRD001,Unga Jogoo 2kg,Flour & Grains,Mini Supermarket,bag,56.0,28.0,1,19,46,145,175.0,Unga Ltd Nairobi,Nairobi ,3,30,0,0
2024-01-06,PRD015,CAN Fertiliser 50kg,Fertilisers,Agrovett,BAG,75.0,10.0,2,0,63,3200,3900.0,MEA Fertilisers,NAIROBI,7,5,0,1
2024-11-26,PRD014,DAP Fertiliser 50kg,Fertilisers,Agrovet,bag,111.0,35.0,3,57,130,3800,4500.0,MEA Fertilisers,Nairob,7,5,0,0
2024-11-09,PRD017,Newcastle Vaccine 100dos,Veterinary,Agrovet,VIAL,53.0,21.0,3,0,29,250,400.0,Interchemie Kenya,Nairob,4,10,0,1
2024-04-20,PRD005,Elianto Cooking Oil 1L,Oils & Fats,Mini Supermarket,btl,27.0,0.0,3,0,24,230,280.0,Kapa Oil Refineries,Nairobi,4,20,0,1
2025-10-23,PRD006,Salit Sugar 1kg,Sugar & Spices,Mini Supermarket,bag,47.0,24.0,2,58,79,135,160.0,Mumias Sugar Distributor,Kisumu,5,30,0,0
2024-11-25,PRD008,Royco Mchuzi Mix 75g,Seasonings,Mini Supermarket,Pack,29.0,22.0,1,0,6,42,55.0,Unilever Kenya,nairobi,3,35,0,0
2024-05-29,PRD003,Brookside Milk 500ml,Dairy,Mini Supermarket,piece,101.0,37.0,1,0,63,55,70.0,Brookside Dairy Ltd,Kiambu ,2,40,0,0
2024-03-24,PRD015,CAN Fertiliser 50kg,Fertilisers,Agrovet,BAG,53.0,38.0,0,0,15,3200,3900.0,MEA Fertilisers,NAIROBI,7,5,0,1
2025-05-10,PRD001,  Unga Jogoo 2kg  ,Flour & Grains,Mini Supermarket,bag,96.0,38.0,3,0,55,145,5224.565957898039,Unga Ltd Nairobi,Nairobi ,3,30,0,1
2024-03-23,PRD015,CAN Fertiliser 50kg,Fertilisers,Agrovet,BAG,40.0,,1,0,36,3200,3900.0,MEA Fertilisers,NAIROBI,7,5,0,1
2025-07-03,PRD013,Malaria RDT Kit,Diagnostics,Pharmacy,PCS,-16.0,15.0,2,0,0,120,200.0,Medipharm Ltd,Nairobi ,4,25,0,0
2024-04-05,PRD019,  Infinix Charger 33W  ,Accessories,Electronics,PCS,83.0,25.0,0,0,58,380,650.0,Luthuli Ave Wholesale,NAIROBI,2,10,0,0
"Aug 10, 2025",PRD003,Brookside Milk 500ml,Dairy,Mini Supermarket,piece,100.0,25.0,0,13,88,55,70.0,Brookside Dairy Ltd,Kiambu ,2,40,0,1
2026-04-23,PRD005,Elianto Cooking Oil 1L,Oils & Fats,MINI SUPERMARKET,btl,34.0,32.0,2,0,0,230,280.0,Kapa Oil Refineries,NAIROBI,4,20,0,0
2024-10-28,PRD005,Elianto Cooking Oil 1L,Oils & Fats,Mini Supermarket,btl,36.0,11.0,1,33,57,230,280.0,Kapa Oil Refineries,Nairobi,4,20,0,0
2025-06-20,PRD013,Malaria RDT Kit,Diagnostics,Pharmacy,PCS,78.0,8.0,1,0,69,120,200.0,Medipharm Ltd,Nairobi ,4,25,0,0
2024-09-18,PRD004,KCC Butter 250g,Dairy,Mini Supermarket,piece,105.0,15.0,2,0,88,210,260.0,Brookside Dairy Ltd,kiambu,2,15,0,0
11-May-2024,PRD010,Amoxicillin 250mg x6,Antibiotics,Pharmacy,Strips,92.0,8.0,2,0,82,55,90.0,,nairobi,3,40,0,1
2025-10-15,PRD001,  Unga Jogoo 2kg  ,Flour & Grains,Mini Supermarket,bag,60.0,9.0,0,0,51,145,175.0,Unga Ltd Nairobi,,3,30,0,0
2026-02-18,PRD014,DAP Fertiliser 50kg,Fertilisers,Agrovet,BAG,18.0,17.0,0,39,40,3800,4500.0,MEA Fertilisers,Nairob,7,5,0,0
2025-09-21,PRD020,Earphones Generic,Accessories,Electronics,Pcs,42.0,29.0,0,0,13,150,300.0,,NAIROBI,2,12,0,1
2024-03-17,PRD018,Drenching Gun Dewormer,Veterinary,Agrovet,Bottle,,15.0,3,0,36,480,650.0,Interchemie Kenya,nairobi,4,8,0,1
2024-08-20,PRD009,Paracetamol 500mg x10,Analgesics,Pharmacy,Strips,12.0,4.0,1,59,66,18,30.0,Shelys Pharmaceuticals,Nairobi ,2,60,0,0
2024-11-30,PRD016,Maize Seed 2kg,Seeds,Agrovet,PACK,99.0,0.0,2,0,97,380,520.0,Kenya Seed Company,Nakurru,5,15,0,1
2024-02-24,PRD018,Drenching Gun Dewormer,Veterinary,Agrovett,Bottle,109.0,28.0,2,0,79,480,650.0,,nairobi,4,8,0,1
2024-12-17,PRD016,Maize Seed 2kg,Seeds,Agrovet,pack,21.0,20.0,0,24,25,380,520.0,,Nakurru,5,15,0,0
2024-06-26,PRD015,  CAN Fertiliser 50kg  ,Fertilisers,Agrovet,Bag,106.0,,2,71,175,3200,3900.0,MEA Fertilisers,NAIROBI,7,5,0,0
2025-03-11,PRD011,ORS Sachets x6,Rehydration,Pharmacy,Pack,52.0,36.0,1,66,81,35,,Dawa Ltd,nairobi,2,50,0,0
2025-02-07,PRD006,Salit Sugar 1kg,Sugar & Spices,Mini Supermarket,Bag ,64.0,29.0,2,20,53,135,160.0,Mumias Sugar Distributor,kisumu,5,30,0,0
2025-02-03,PRD007,Omo Washing Powder 1kg,Detergents,Mini Supermarket,pack,88.0,6.0,2,0,80,295,398.25,Bidco Africa Mombasa Rd,Nairob,3,12,0,0
2025-12-17,PRD009,Paracetamol 500mg x10,Analgesics,Pharmacy,Strips,68.0,33.0,2,0,33,18,30.0,Shelys Pharmaceuticals,Nairobi ,2,60,0,0
2024-06-07,PRD006,Salit Sugar 1kg,Sugar & Spices,Mini Supermarket,Bag ,116.0,22.0,3,0,91,135,,Mumias Sugar Distributor,Kisumu,5,30,0,0
2025-03-09,PRD012,Dettol Antiseptic 100ml,Antiseptics,Pharmacy,Bottle,97.0,,1,63,123,145,200.0,Reckitt Kenya,NAIROBI,3,20,0,1
2024-12-20,PRD005,Elianto Cooking Oil 1L,Oils & Fats,Mini Supermarket,btl,87.0,15.0,1,0,71,230,280.0,Kapa Oil Refineries,Nairobi,4,20,0,0
2024-09-14,PRD008,  Royco Mchuzi Mix 75g  ,Seasonings,Mini Supermarket,Packs,39.0,34.0,3,0,2,42,,Unilever Kenya,nairobi,3,35,0,1
2024-04-09,PRD003,Brookside Milk 500ml,Dairy,Mini Supermarket,PCS,100.0,17.0,2,0,81,55,,Brookside Dairy Ltd,Kiambu ,2,40,0,0
2025-06-26,PRD019,Infinix Charger 33W,Accessories,Electronics,PCS,10.0,4.0,2,0,4,380,650.0,Luthuli Ave Wholesale,NAIROBI,2,10,0,0
2024-09-18,PRD008,Royco Mchuzi Mix 75g,Seasonings,Mini Supermarket,Pack,37.0,19.0,0,0,18,42,55.0,Unilever Kenya,nairobi,3,35,0,0
2025-12-21,PRD012,Dettol Antiseptic 100ml,Antiseptics,Pharmacy,Bottle,103.0,28.0,1,0,74,145,200.0,Reckitt Kenya,NAIROBI,3,20,0,1
2024-12-08,PRD002,Pembe Unga 1kg,Flour & Grains,Mini Supermarket,Bag,53.0,6.0,0,39,86,78,95.0,Unga Ltd Nairobi,nairobi,3,25,0,1
2024-01-12,PRD013,Malaria RDT Kit,Diagnostics,Pharmacy,PCS,74.0,19.0,0,0,55,120,200.0,Medipharm Ltd,Nairobi ,4,25,0,0
2025-07-16,PRD001,Unga Jogoo 2kg,Flour & Grains,Mini Supermarket,bag,-102.0,32.0,0,0,70,145,175.0,Unga Ltd Nairobi,Nairobi ,3,30,0,0
2026-02-15,PRD004,KCC Butter 250g,Dairy,Mini Supermarket,piece,80.0,32.0,0,0,48,210,260.0,Brookside Dairy Ltd,kiambu,2,15,0,1
2026-01-31,PRD020,Earphones Generic,Accessories,Electronics,PCS,47.0,15.0,1,0,31,150,300.0,,NAIROBI,2,12,0,1
2024-11-29,PRD008,Royco Mchuzi Mix 75g,Seasonings,Mini Supermarket,Pack,113.0,14.0,0,0,99,42,1642.0064439108123,Unilever Kenya,nairobi,3,35,0,0
2024-03-30,PRD003,Brookside Milk 500ml,Dairy,Mini Supermarket,piece,77.0,24.0,2,0,51,55,70.0,Brookside Dairy Ltd,Kiambu ,2,40,0,1
2025-04-29,PRD020,Earphones Generic,Accessories,Electronics,PCS,101.0,9.0,3,0,89,150,300.0,,NAIROBI,2,12,0,0
23-Jul-2025,PRD008,Royco Mchuzi Mix 75g,Seasonings,Mini Supermarket,Pack,64.0,,2,0,37,42,55.0,Unilever Kenya,nairobi,3,35,0,0
2024-07-13,PRD014,DAP Fertiliser 50kg,Fertilisers,Agrovet,bag,50.0,40.0,2,64,72,3800,4500.0,MEA Fertilisers,Nairob,7,5,0,1
2025-12-11,PRD019,Infinix Charger 33W,Accessories,Electronics,PCS,20.0,2.0,2,0,16,380,650.0,   ,,2,10,0,0
2025-09-25,PRD015,CAN Fertiliser 50kg,Fertilisers,Agrovet,BAG,47.0,1.0,1,0,45,3200,3900.0,MEA Fertilisers,NAIROBI,7,5,0,0
2026-02-01,PRD015,CAN Fertiliser 50kg,Fertilisers,Agrovet,BAG,15.0,4.0,2,0,9,3200,3900.0,MEA Fertilisers,Nairobi,7,5,0,1
2024-07-22,PRD020,Earphones Generic,Accessories,Electroncis,PCS,16.0,9.0,2,0,5,150,300.0,,NAIROBI,2,12,0,0
2024-02-24,PRD010,Amoxicillin 250mg x6,Antibiotics,Pharmacy,Strips,70.0,9.0,3,28,86,55,90.0,Cosmos Pharmaceuticals,NAIROBI,3,40,0,1
2024-10-01,PRD013,Malaria RDT Kit,Diagnostics,Pharmcy,PCS,-93.0,25.0,2,17,83,120,200.0,,NAIROBI ,4,25,0,0
2025-09-22,PRD001,Unga Jogoo 2kg,FLOUR & GRAINS,Mini Supermarket,bag,41.0,5.0,0,0,36,145,175.0,Unga Ltd Nairobi,Nairobi ,3,30,0,0
2025-05-12,PRD012,Dettol Antiseptic 100ml,ANTISEPTICS,PHARMACY,Bottle,101.0,6.0,2,77,177,145,200.0,Reckitt Kenya,NAIROBI,3,20,0,0
2025-04-22,PRD014,DAP Fertiliser 50kg,Fertilisers,Agrovet,bag,110.0,10.0,3,66,163,3800,4500.0,MEA Fertilisers,Nairob,7,5,0,0
2025-06-08,PRD006,Salit Sugar 1kg,Sugar & Spices,Mini Supermarket,Bag ,118.0,1.0,2,0,115,135,160.0,Mumias Sugar Distributor,Kisumu,5,30,1,1
18/05/2025,PRD006,Salit Sugar 1kg,Sugar & Spices,Mini Supermarket,Bag ,119.0,14.0,2,26,129,135,160.0,Mumias Sugar Distributor,Kisumu,5,30,0,1
07/21/2025,PRD020,Earphones Generic,Accessories,Electronics,pcs,24.0,22.0,1,7,8,150,300.0,,NAIROBI,2,12,0,0
2024-10-28,PRD011,ORS Sachets x6,Rehydration,Pharmacy,Pack,108.0,24.0,1,0,83,35,60.0,Dawa Ltd,nairobi,2,50,0,0
"Dec 28, 2024",PRD012,Dettol Antiseptic 100ml,Antiseptics,Pharmacy,Bottle,94.0,6.0,0,0,80,145,200.0,Reckitt Kenya,NAIROBI,3,20,0,1
2025-01-09,PRD020,Earphones Generic,Accessories,Electronics,Pcs,94.0,34.0,1,0,59,150,300.0,,NAIROBI,2,12,0,0
2025-02-08,PRD009,Paracetamol 500mg x10,Analgesics,Pharmcy,Strips,111.0,25.0,0,20,106,18,30.0,Shelys Pharmaceuticals,Nairobi ,2,60,0,1
2025-10-14,PRD002,Pembe Unga 1kg,Flour & Grains,Mini Supermarket,BAG,31.0,7.0,0,0,24,78,95.0,Unga Ltd Nairobi,Nairobi,3,25,0,0
2024-09-25,PRD005,Elianto Cooking Oil 1L,Oils & Fats,Mini Supermarket,btl,31.0,18.0,1,0,12,230,280.0,Kapa Oil Refineries,Nairobi,4,20,0,0
2025-01-04,PRD001,Unga Jogoo 2kg,Flour & Grains,Mini Supermarket,bag,57.0,-39.0,1,0,18,145,175.0,Unga Ltd Nairobi,Nairobi ,3,30,0,1
2025-07-13,PRD005,Elianto Cooking Oil 1L,Oils & Fats,Mini Supermarket,btl,57.0,10.0,3,4,48,230,280.0,Kapa Oil Refineries,Nairobi,4,20,0,1
2025-12-14,PRD019,Infinix Charger 33W,Accessories,Electronics,PCS,54.0,38.0,3,0,13,380,650.0,Luthuli Ave Wholesale,Nairobi,2,10,1,1
2025-10-09,PRD004,KCC Butter 250g,Dairy,Mini Supermarket,piece,66.0,14.0,3,0,49,210,260.0,Brookside Dairy Ltd,kiambu,2,15,0,0
2024-12-30,PRD017,Newcastle Vaccine 100dos,veterinary,Agrovet,VIAL,21.0,6.0,3,0,12,250,400.0,Interchemie Kenya,Nairob,4,10,0,0
09-Nov-2025,PRD011,ORS Sachets x6,Rehydration,Pharmacy,Pack,106.0,6.0,1,0,99,35,60.0,Dawa Ltd,nairobi,2,50,0,1
2025-09-23,PRD010,Amoxicillin 250mg x6,Antibiotics,Pharmacy,Strips,118.0,8.0,2,0,108,55,90.0,Cosmos Pharmaceuticals,NAIROBI,3,40,0,0
2024-01-02,PRD003,Brookside Milk 500ml,Dairy,Mini Supermarket,Pcs,53.0,5.0,2,0,46,55,70.0,Brookside Dairy Ltd,Kiambu ,2,40,0,0
2025-06-14,PRD007,  Omo Washing Powder 1kg  ,Detergents,Mini Supermarket,pack,79.0,23.0,1,0,55,295,398.25,Bidco Africa Mombasa Rd,Nairob,3,12,0,1
2024-03-02,PRD016,Maize Seed 2kg,Seeds,Agrovet,Packs,20.0,8.0,2,0,10,380,520.0,Kenya Seed Company,Nakurru,5,15,0,1
2024-05-09,PRD009,Paracetamol 500mg x10,Analgesics,Pharmacy,Strips,77.0,29.0,1,0,47,18,30.0,Shelys Pharmaceuticals,Nairobi ,2,60,0,0
2025-07-13,PRD016,Maize Seed 2kg,Seeds,Agrovet,pack,62.0,37.0,1,0,24,380,520.0,Kenya Seed Company,Nakurru,5,15,0,1
11/01/2025,PRD005,Elianto Cooking Oil 1L,Oils & Fats,Mini Sup.,BOTTLE,102.0,20.0,0,0,82,230,280.0,Kapa Oil Refineries,Nairobi,4,20,0,1
"Jul 28, 2025",PRD020,Earphones Generic,Accessories,Electronics,pcs,35.0,4.0,2,0,29,150,300.0,,NAIROBI,2,12,0,0
2026-01-15,PRD011,ORS Sachets x6,Rehydration,Pharmacy,Pack,74.0,26.0,3,0,45,35,60.0,Dawa Ltd,nairobi,2,50,0,0
2025-08-01,PRD014,DAP Fertiliser 50kg,Fertilisers,Agrovet,bag,15.0,7.0,0,0,8,3800,4500.0,MEA Fertilisers,Nairob,7,5,0,0
2026-02-23,PRD019,Infinix Charger 33W,Accessories,Electroncis,PCS,18.0,18.0,0,0,0,380,650.0,Luthuli Ave Wholesale,NAIROBI,2,10,0,0
2025-03-26,PRD019,Infinix Charger 33W,Accessories,Electronics,PCS,49.0,29.0,1,0,19,380,650.0,Luthuli Ave Wholesale,NAIROBI,2,10,0,0
2025-12-24,PRD011,ORS Sachets x6,Rehydration,Pharmacy,Pack,23.0,,0,0,18,35,60.0,Dawa Ltd,nairobi,2,50,0,0
2024-05-06,PRD009,Paracetamol 500mg x10,Analgesics,Pharmacy,Strips,48.0,17.0,2,0,29,18,30.0,Shelys Pharmaceuticals,nairobi ,2,60,0,0
2024-03-09,PRD001,Unga Jogoo 2kg,Flour & Grains,Mini Supermarket,bag,51.0,2.0,3,71,117,145,175.0,Unga Ltd Nairobi,,3,30,0,1
2025-09-28,PRD018,Drenching Gun Dewormer,Veterinary,Agrovet,Bottle,20.0,20.0,3,58,55,480,650.0,Interchemie Kenya,Nairobi,4,8,0,1
2025-03-01,PRD005,Elianto Cooking Oil 1L,Oils & Fats,Mini Supermarket,Btl,30.0,20.0,0,0,10,230,280.0,Kapa Oil Refineries,Nairobi,4,20,0,1
2024-08-08,PRD017,Newcastle Vaccine 100dos,Veterinary,Agrovet,VIAL,88.0,17.0,2,0,69,250,400.0,Interchemie Kenya,Nairob,4,10,0,0
2024-02-13,PRD009,Paracetamol 500mg x10,Analgesics,Pharmacy,Strips,19.0,17.0,1,0,1,18,30.0,Shelys Pharmaceuticals,Nairobi ,2,60,0,0
2025-12-23,PRD004,KCC Butter 250g,Dairy,Mini Supermarket,piece,102.0,16.0,2,0,84,210,260.0,Brookside Dairy Ltd,kiambu,2,15,0,0
2024-09-08,PRD009,  Paracetamol 500mg x10  ,Analgesics,Pharmacy,Strips,12.0,6.0,2,0,4,18,30.0,Shelys Pharmaceuticals,Nairobi ,2,60,0,1
10/20/2025,PRD006,Salit Sugar 1kg,Sugar & Spices,Mini Supermarket,Bag ,,22.0,1,0,39,135,160.0,Mumias Sugar Distributor,Kisumu,5,30,0,0
2026-01-06,PRD011,ORS Sachets x6,Rehydration,Pharmacy,Pack,35.0,1.0,1,0,31,35,60.0,   ,nairobi,2,50,0,0
2024-12-18,PRD003,Brookside Milk 500ml,Dairy,Mini Supermarket,piece,55.0,,0,65,89,55,70.0,Brookside Dairy Ltd,Kiambu ,2,40,0,0
2025-07-03,PRD016,Maize Seed 2kg,Seeds,Agrovet,PACK,77.0,,2,0,63,380,520.0,Kenya Seed Company,,5,15,0,0
2025-01-28,PRD009,Paracetamol 500mg x10,Analgesics,Pharmacy,Strips,,6.0,0,0,97,18,30.0,Shelys Pharmaceuticals,Nairobi ,2,60,0,0
2024-09-18,PRD017,Newcastle Vaccine 100dos,Veterinary,Agrovet,VIAL,54.0,0.0,3,0,51,250,400.0,Interchemie Kenya,Nairob,4,10,0,0
2024-12-25,PRD019,Infinix Charger 33W,Accessories,Electronics,piece,33.0,6.0,2,0,25,380,650.0,Luthuli Ave Wholesale,NAIROBI,2,10,0,0
2025-02-27,PRD001,Unga Jogoo 2kg,Flour & Grains,Mini Supermarket,bag,-96.0,7.0,3,0,86,145,175.0,Unga Ltd Nairobi,Nairobi ,3,30,0,0
2024-12-30,PRD016,Maize Seed 2kg,Seeds,Agrovet,PACK,64.0,30.0,2,0,32,380,520.0,Kenya Seed Company,Nakurru,5,15,0,0
2026-02-24,PRD013,Malaria RDT Kit,diagnostics,Pharmacy,PCS,97.0,33.0,1,0,63,120,200.0,Medipharm Ltd,Nairobi ,4,25,0,0
2026-01-23,PRD017,Newcastle Vaccine 100dos,Veterinary,Agrovet,VIAL,33.0,17.0,3,0,13,250,400.0,Interchemie Kenya,Nairob,4,10,0,0
2025-01-04,PRD014,DAP Fertiliser 50kg,Fertilisers,Agrovet,bag,117.0,2.0,0,0,115,3800,4500.0,MEA Fertilisers,Nairob,7,5,0,1
2024-06-26,PRD005,Elianto Cooking Oil 1L,Oils & Fats,Mini Supermarket,btl,49.0,30.0,1,0,18,230,280.0,Kapa Oil Refineries,Nairobi,4,20,0,0
2026-04-16,PRD009,Paracetamol 500mg x10,Analgesics,Pharmacy,Strips,15.0,14.0,2,0,0,18,30.0,Shelys Pharmaceuticals,Nairobi ,2,60,0,0
2024-10-19,PRD008,Royco Mchuzi Mix 75g,Seasonings,Mini Supermarket,Pack,102.0,17.0,2,78,161,42,55.0,Unilever Kenya,nairobi,3,35,0,1
2025-07-13,PRD012,Dettol Antiseptic 100ml,Antiseptics,Pharmacy,Bottle,74.0,25.0,3,0,46,145,200.0,Reckitt Kenya,,3,20,0,1
2024-08-19,PRD011,ORS Sachets x6,Rehydration,Pharmacy,Pack,100.0,20.0,1,0,97,35,60.0,Dawa Ltd,Nairobi,2,50,0,0
2024-07-13,PRD015,CAN Fertiliser 50kg,Fertilisers,Agrovet,BAG,44.0,21.0,3,0,20,3200,3900.0,MEA Fertilisers,NAIROBI,7,5,0,1
2024-03-17,PRD020,Earphones Generic,Accessories,Electroncis,PCS,92.0,32.0,2,0,58,150,300.0,,NAIROBI,2,12,0,1
2024-10-09,PRD012,Dettol Antiseptic 100ml,Antiseptics,Pharmacy,Bottle,62.0,19.0,0,0,43,145,200.0,Reckitt Kenya,NAIROBI,3,20,0,0
2024-09-27,PRD011,ORS Sachets x6,Rehydration,Pharmacy,Pack,60.0,5.0,3,0,52,35,60.0,Dawa Ltd,nairobi,2,50,0,0
2025-02-01,PRD012,Dettol Antiseptic 100ml,Antiseptics,Pharmacy,Bottle,65.0,22.0,1,0,42,145,200.0,,NAIROBI,3,20,0,1
"Jan 21, 2026",PRD016,Maize Seed 2kg,Seeds,Agrovet,PACK,102.0,1.0,3,0,98,380,520.0,,Nakurru,5,15,0,0
2025-09-23,PRD003,Brookside Milk 500ml,Dairy,Mini Supermarket,piece,,27.0,3,41,119,55,70.0,Brookside Dairy Ltd,Kiambu ,2,40,0,0
2024-02-27,PRD003,Brookside Milk 500ml,Dairy,Mini Supermarket,pcs,99.0,21.0,1,69,146,55,70.0,Brookside Dairy Ltd,Kiambu ,2,40,0,0
2025-06-26,PRD018,Drenching Gun Dewormer,VETERINARY,Agrovet,Bottle,99.0,38.0,0,0,43,480,650.0,Interchemie Kenya,,4,8,0,0
2025-04-24,PRD011,ORS Sachets x6,rehydration,Pharmacy,Pack,74.0,23.0,0,0,51,35,,   ,nairobi,2,50,0,0
24-Dec-2024,PRD017,Newcastle Vaccine 100dos,Veterinary,Agrovett,VIAL,44.0,,3,7,27,250,400.0,Interchemie Kenya,Nairob,4,10,0,0
2025-10-21,PRD017,Newcastle Vaccine 100dos,Veterinary,Agrovet,VIAL,38.0,34.0,0,0,4,250,400.0,,Nairob,4,10,0,0
25-03-2026,PRD005,Elianto Cooking Oil 1L,Oils & Fats,Mini Supermarket,btl,-88.0,31.0,3,0,54,230,280.0,,nairobi,4,20,0,0
2025-12-22,PRD008,Royco Mchuzi Mix 75g,Seasonings,Mini Supermarket,Pack,75.0,29.0,0,0,46,42,55.0,Unilever Kenya,Nairobi,3,35,0,0
2026-03-03,PRD016,  Maize Seed 2kg  ,Seeds,Agrovet,PACK,62.0,20.0,3,0,39,380,520.0,Kenya Seed Company,Nakurru,5,15,0,0
2025-04-02,PRD011,ORS Sachets x6,Rehydration,Pharmacy,Pack,-69.0,5.0,3,0,61,35,60.0,Dawa Ltd,nairobi,2,50,0,0
2024-01-30,PRD010,Amoxicillin 250mg x6,Antibiotics,Pharmcy,Strips,8.0,1.0,1,0,6,55,90.0,Cosmos Pharmaceuticals,NAIROBI,3,40,0,0
2024-04-19,PRD005,  Elianto Cooking Oil 1L  ,Oils & Fats,Mini Supermarket,btl,64.0,16.0,0,38,86,230,280.0,Kapa Oil Refineries,Nairobi,4,20,0,0
29-Aug-2024,PRD003,Brookside Milk 500ml,Dairy,Mini Supermarket,piece,42.0,35.0,3,38,42,55,70.0,Brookside Dairy Ltd,Kiambu ,2,40,0,0
2024-09-28,PRD002,Pembe Unga 1kg,Flour & Grains,Mini Sup.,BAG,57.0,6.0,3,0,48,78,95.0,Unga Ltd Nairobi,NAIROBI,3,25,0,1
2025-02-11,PRD003,Brookside Milk 500ml,Dairy,Mini Supermarket,piece,,5.0,1,0,71,55,70.0,Brookside Dairy Ltd,Kiambu ,2,40,0,0
2026-01-28,PRD008,Royco Mchuzi Mix 75g,Seasonings,Mini Supermarket,Pack,10.0,10.0,2,0,0,42,55.0,   ,nairobi,3,35,0,0
2026-03-14,PRD010,Amoxicillin 250mg x6,Antibiotics,Pharmacy,Strips,65.0,7.0,1,63,120,55,90.0,Cosmos Pharmaceuticals,Nairobi,3,40,0,1
2024-03-15,PRD001,Unga Jogoo 2kg,Flour & Grains,Mini Supermarket,bag,116.0,18.0,0,72,170,145,175.0,Unga Ltd Nairobi,Nairobi ,3,30,0,0
2026-03-05,PRD019,Infinix Charger 33W,Accessories,Electronics,PCS,9.0,8.0,2,0,0,380,19405.530700764146,Luthuli Ave Wholesale,NAIROBI,2,10,0,0
2025-11-11,PRD002,Pembe Unga 1kg,Flour & Grains,Mini Supermarket,BAG,15.0,1.0,3,0,11,78,95.0,   ,,3,25,0,0
"Dec 15, 2025",PRD009,Paracetamol 500mg x10,Analgesics,Pharmacy,Strips,84.0,19.0,0,0,65,18,30.0,Shelys Pharmaceuticals,Nairobi ,2,60,0,0
2026-04-20,PRD008,Royco Mchuzi Mix 75g,Seasonings,mini supermarket,Pack,70.0,39.0,0,0,31,42,55.0,Unilever Kenya,nairobi,3,35,0,0
2025-03-07,PRD009,Paracetamol 500mg x10,Analgesics,Pharmacy,Strips,114.0,19.0,2,0,93,18,30.0,Shelys Pharmaceuticals,Nairobi ,2,60,0,0
2025-09-17,PRD013,Malaria RDT Kit,Diagnostics,Pharmacy,PCS,49.0,28.0,3,0,18,120,200.0,Medipharm Ltd,NAIROBI ,4,25,0,0
2024-02-02,PRD006,Salit Sugar 1kg,Sugar & Spices,Mini Supermarket,Bag ,64.0,7.0,1,0,56,135,160.0,Mumias Sugar Distributor,,5,30,0,0
2025-03-02,PRD011,ORS Sachets x6,Rehydration,Pharmacy,Pack,62.0,20.0,1,0,37,35,60.0,Dawa Ltd,NAIROBI,2,50,0,1
2024-11-15,PRD001,Unga Jogoo 2kg,Flour & Grains,Mini Supermarket,bag,5.0,0.0,3,24,26,145,175.0,Unga Ltd Nairobi,Nairobi ,3,30,0,0
2025-05-31,PRD007,Omo Washing Powder 1kg,detergents,Mini Supermarket,pack,115.0,4.0,0,0,127,295,398.25,Bidco Africa Mombasa Rd,Nairob,3,12,0,1
2025-07-26,PRD009,Paracetamol 500mg x10,Analgesics,Pharmacy,Strips,72.0,14.0,0,57,115,18,30.0,Shelys Pharmaceuticals,Nairobi ,2,60,0,1
2025-08-15,PRD016,Maize Seed 2kg,Seeds,Agrovet,PACK,107.0,1.0,1,0,105,380,520.0,Kenya Seed Company,,5,15,0,0
2024-01-25,PRD012,Dettol Antiseptic 100ml,Antiseptics,pharmacy,Bottle,88.0,17.0,3,0,55,145,200.0,,NAIROBI,3,20,0,0
2024-01-03,PRD006,Salit Sugar 1kg,SUGAR & SPICES,Mini Supermarket,Bag,,37.0,3,0,19,135,160.0,Mumias Sugar Distributor,Kisumu,5,30,0,0
2024-12-21,PRD003,Brookside Milk 500ml,Dairy,Mini Supermarket,piece,27.0,8.0,0,0,11,55,70.0,Brookside Dairy Ltd,Kiambu ,2,40,0,1
19/09/2024,PRD001,Unga Jogoo 2kg,Flour & Grains,Mini Supermarket,bag,40.0,5.0,3,0,32,145,175.0,Unga Ltd Nairobi,nairobi ,3,30,0,0
2024-07-25,PRD005,Elianto Cooking Oil 1L,Oils & Fats,Mini Supermarket,btl,66.0,30.0,0,0,41,230,280.0,,Nairobi,4,20,0,0
26/09/2025,PRD001,Unga Jogoo 2kg,Flour & Grains,Mini Supermarket,bag,,28.0,2,0,56,145,175.0,Unga Ltd Nairobi,Nairobi ,3,30,0,0
2025-01-15,PRD014,DAP Fertiliser 50kg,Fertilisers,Agrovet,bag,19.0,6.0,0,0,13,3800,4500.0,MEA Fertilisers,Nairob,7,5,0,0
2024-04-08,PRD011,ORS Sachets x6,Rehydration,Pharmacy,Pack,22.0,13.0,0,0,9,35,60.0,Dawa Ltd,nairobi,2,50,0,0
2025-07-03,PRD008,Royco Mchuzi Mix 75g,Seasonings,Mini Supermarket,Pack,34.0,20.0,2,0,12,42,55.0,Unilever Kenya,nairobi,3,35,0,0
2024-11-29,PRD007,Omo Washing Powder 1kg,Detergents,Mini Supermarket,pack,44.0,32.0,0,0,12,295,398.25,Bidco Africa Mombasa Rd,Nairob,3,12,0,0
2024-08-01,PRD005,Elianto Cooking Oil 1L,Oils & Fats,Mini Supermarket,btl,89.0,9.0,3,0,77,230,280.0,Kapa Oil Refineries,Nairobi,4,20,0,0
08/16/2025,PRD017,Newcastle Vaccine 100dos,Veterinary,Agrovet,VIAL,114.0,7.0,3,0,104,250,400.0,Interchemie Kenya,Nairob,4,10,0,1
2024-07-26,PRD008,Royco Mchuzi Mix 75g,Seasonings,Mini Supermarkt,Pack,100.0,3.0,2,0,95,42,55.0,Unilever Kenya,nairobi,3,35,0,0
2025-03-30,PRD015,CAN Fertiliser 50kg,Fertilisers,Agrovet,BAG,89.0,36.0,0,0,53,3200,3900.0,MEA Fertilisers,,7,5,0,1
2024-09-14,PRD004,KCC Butter 250g,Dairy,Mini Supermarket,piece,98.0,40.0,0,0,58,210,260.0,Brookside Dairy Ltd,kiambu,2,15,0,1
2024-12-12,PRD007,Omo Washing Powder 1kg,Detergents,Mini Supermarket,Packs,5.0,2.0,1,36,38,295,398.25,Bidco Africa Mombasa Rd,Nairob,3,12,0,0
2025-04-21,PRD018,Drenching Gun Dewormer,Veterinary,Agrovet,Bottle,107.0,32.0,2,0,73,480,650.0,Interchemie Kenya,nairobi,4,8,0,0
2025-08-18,PRD020,Earphones Generic,Accessories,Electronics,PCS,46.0,29.0,1,0,16,150,300.0,,NAIROBI,2,12,0,0
2025-12-28,PRD002,Pembe Unga 1kg,Flour & Grains,Mini Supermarket,BAG,73.0,39.0,3,0,31,78,95.0,Unga Ltd Nairobi,NAIROBI,3,25,0,1
2024-10-01,PRD009,Paracetamol 500mg x10,Analgesics,Pharmacy,Strips,114.0,34.0,1,59,138,18,30.0,Shelys Pharmaceuticals,Nairobi ,2,60,0,0
2024-09-07,PRD017,Newcastle Vaccine 100dos,Veterinary,Agrovet,VIAL,101.0,25.0,2,0,74,250,400.0,Interchemie Kenya,Nairob,4,10,0,1
2026-04-24,PRD006,Salit Sugar 1kg,Sugar & Spices,Mini Supermarket,Bag ,120.0,32.0,0,0,88,135,160.0,Mumias Sugar Distributor,Kisumu,5,30,0,0
2026-03-23,PRD010,Amoxicillin 250mg x6,Antibiotics,Pharmacy,Strips,31.0,-25.0,3,0,3,55,90.0,Cosmos Pharmaceuticals,NAIROBI,3,40,0,0
2024-12-16,PRD008,Royco Mchuzi Mix 75g,SEASONINGS,Mini Supermarket,Pack,92.0,35.0,1,0,56,42,55.0,Unilever Kenya,nairobi,3,35,0,0
2024-05-23,PRD012,Dettol Antiseptic 100ml,Antiseptics,Pharmacy,Btl,32.0,29.0,1,0,2,145,200.0,Reckitt Kenya,NAIROBI,3,20,0,0
2025-06-23,PRD019,Infinix Charger 33W,Accessories,Electronics,PCS,80.0,,2,0,39,380,650.0,Luthuli Ave Wholesale,NAIROBI,2,10,0,0
2025-02-26,PRD019,Infinix Charger 33W,Accessories,Electronics,PCS,78.0,39.0,2,36,73,380,650.0,Luthuli Ave Wholesale,NAIROBI,2,10,0,0
2025-06-18,PRD005,Elianto Cooking Oil 1L,Oils & Fats,Mini Supermarket,btl,96.0,3.0,2,0,91,230,280.0,Kapa Oil Refineries,Nairobi,4,20,0,0
2025-10-31,PRD003,Brookside Milk 500ml,Dairy,Mini Supermarket,piece,8.0,7.0,2,0,0,55,70.0,   ,Kiambu ,2,40,0,0
2025-03-24,PRD014,DAP Fertiliser 50kg,Fertilisers,Agrovet,bag,43.0,27.0,2,0,14,3800,4500.0,MEA Fertilisers,Nairob,7,5,0,0
2025-07-15,PRD013,Malaria RDT Kit,Diagnostics,Pharmacy,PCS,-26.0,0.0,0,71,97,120,200.0,Medipharm Ltd,Nairobi ,4,25,0,0
2026-04-06,PRD012,Dettol Antiseptic 100ml,Antiseptics,Pharmacy,Bottle,37.0,20.0,0,0,17,145,200.0,Reckitt Kenya,NAIROBI,3,20,0,0
2024-08-22,PRD020,Earphones Generic,Accessories,Electronics,PCS,83.0,34.0,1,0,48,150,300.0,,NAIROBI,2,12,0,0
2025-12-31,PRD017,Newcastle Vaccine 100dos,VETERINARY,Agrovet,VIAL,36.0,16.0,2,0,35,250,400.0,Interchemie Kenya,Nairob,4,10,0,0
09/01/2025,PRD016,Maize Seed 2kg,Seeds,Agrovet,PACK,32.0,22.0,1,0,9,380,520.0,Kenya Seed Company,Nakurru,5,15,0,0
2024-08-22,PRD005,Elianto Cooking Oil 1L,Oils & Fats,Mini Supermarket,btl,15.0,10.0,0,0,5,230,280.0,Kapa Oil Refineries,Nairobi,4,20,0,0
2024-08-29,PRD019,Infinix Charger 33W,Accessories,Electronics,PCS,24.0,8.0,2,0,14,380,650.0,Luthuli Ave Wholesale,NAIROBI,2,10,0,0
2026-04-15,PRD018,Drenching Gun Dewormer,Veterinary,Agrovet,Bottle,59.0,3.0,2,0,54,480,650.0,Interchemie Kenya,nairobi,4,8,0,0
2024-12-03,PRD005,Elianto Cooking Oil 1L,Oils & Fats,Mini Supermarket,bottle,93.0,11.0,0,0,82,230,280.0,   ,Nairobi,4,20,0,0
2025-09-13,PRD009,Paracetamol 500mg x10,Analgesics,Pharmacy,Strips,86.0,5.0,3,0,78,18,30.0,Shelys Pharmaceuticals,nairobi ,2,60,0,1
2024-08-26,PRD004,KCC Butter 250g,Dairy,Mini Supermarket,piece,23.0,11.0,3,0,9,210,260.0,Brookside Dairy Ltd,kiambu,2,15,0,0
2025-06-15,PRD020,Earphones Generic,Accessories,Electronics,PCS,114.0,1.0,0,0,113,150,300.0,,NAIROBI,2,12,0,1
2024-03-05,PRD014,  DAP Fertiliser 50kg  ,Fertilisers,Agrovet,bag,95.0,14.0,2,0,60,3800,4500.0,MEA Fertilisers,Nairob,7,5,0,0
2024-04-23,PRD003,Brookside Milk 500ml,Dairy,Mini Supermarket,piece,49.0,36.0,2,0,-9,55,70.0,Brookside Dairy Ltd,Kiambu ,2,40,0,0
2025-04-08,PRD020,Earphones Generic,Accessories,Electronics,PCS,6.0,5.0,0,0,1,150,300.0,,NAIROBI,2,12,0,0
2025-02-26,PRD010,Amoxicillin 250mg x6,Antibiotics,Pharmacy,Strips,17.0,7.0,2,0,8,55,90.0,Cosmos Pharmaceuticals,NAIROBI,3,40,0,0
2024-11-19,PRD008,Royco Mchuzi Mix 75g,Seasonings,Mini Supermarket,Pack,87.0,,2,0,76,42,55.0,Unilever Kenya,nairobi,3,35,0,0
2025-12-24,PRD013,Malaria RDT Kit,Diagnostics,Pharmacy,PCS,90.0,40.0,1,45,94,120,200.0,Medipharm Ltd,Nairobi ,4,25,0,0
2025-05-15,PRD005,Elianto Cooking Oil 1L,Oils & Fats,Mini Supermarket,btl,66.0,37.0,0,0,29,230,280.0,Kapa Oil Refineries,Nairobi,4,20,0,0
2024-02-21,PRD012,Dettol Antiseptic 100ml,Antiseptics,Pharmacy,Bottle,114.0,38.0,1,0,75,145,200.0,Reckitt Kenya,NAIROBI,3,20,0,0
2025-11-04,PRD001,Unga Jogoo 2kg,Flour & Grains,Mini Supermarket,bag,93.0,14.0,2,0,77,145,175.0,Unga Ltd Nairobi,,3,30,0,0
2025-07-04,PRD012,Dettol Antiseptic 100ml,Antiseptics,Pharmacy,Bottle,79.0,33.0,1,37,82,145,200.0,Reckitt Kenya,NAIROBI,3,20,0,0
2025-04-26,PRD004,KCC Butter 250g,Dairy,Mini Supermarket,piece,106.0,12.0,1,4,97,210,260.0,Brookside Dairy Ltd,kiambu,2,15,0,1
2024-12-30,PRD012,Dettol Antiseptic 100ml,Antiseptics,Pharmacy,Bottle,92.0,29.0,2,0,61,145,200.0,Reckitt Kenya,NAIROBI,3,20,0,0
2025-04-17,PRD006,Salit Sugar 1kg,Sugar & Spices,Mini Supermarket,Bag ,99.0,,0,0,95,135,160.0,Mumias Sugar Distributor,Kisumu,5,30,0,0
2024-05-11,PRD005,Elianto Cooking Oil 1L,Oils & Fats,Mini Supermarket,btl,43.0,18.0,3,0,22,230,,Kapa Oil Refineries,NAIROBI,4,20,0,1
2024-12-15,PRD015,CAN Fertiliser 50kg,Fertilisers,Agrovet,BAG,5.0,0.0,2,60,63,3200,3900.0,MEA Fertilisers,NAIROBI,7,5,0,1
2026-01-22,PRD019,Infinix Charger 33W,Accessories,Electronics,PCS,61.0,26.0,0,0,35,380,650.0,Luthuli Ave Wholesale,NAIROBI,2,10,0,0
2025-02-27,PRD019,Infinix Charger 33W,Accessories,Electronics,PCS,119.0,34.0,1,3,87,380,,   ,NAIROBI,2,10,0,0
2024-08-10,PRD011,ORS Sachets x6,rehydration,Pharmacy,Pack,94.0,11.0,2,0,81,35,60.0,Dawa Ltd,nairobi,2,50,0,1
2026-03-04,PRD002,Pembe Unga 1kg,flour & grains,Mini Supermarket,BAG,103.0,18.0,0,50,135,78,95.0,Unga Ltd Nairobi,NAIROBI,3,25,0,0
"Jan 29, 2025",PRD020,Earphones Generic,Accessories,Electronics,PCS,117.0,40.0,3,0,74,150,300.0,,NAIROBI,2,12,0,0
2024-02-29,PRD014,DAP Fertiliser 50kg,Fertilisers,Agrovet,bag,46.0,6.0,0,0,40,3800,4500.0,MEA Fertilisers,nairob,7,5,0,0
2024-07-18,PRD006,Salit Sugar 1kg,Sugar & Spices,Mini Supermarket,Bag ,10.0,8.0,3,0,0,135,160.0,Mumias Sugar Distributor,Kisumu,5,30,0,0
2025-02-08,PRD002,Pembe Unga 1kg,Flour & Grains,Mini Supermarket,BAG,58.0,4.0,0,0,54,78,95.0,,NAIROBI,3,25,0,1
2025-01-23,PRD003,Brookside Milk 500ml,Dairy,Mini Supermarket,piece,44.0,29.0,1,0,14,55,,   ,Kiambu ,2,40,0,0
2024-08-15,PRD017,Newcastle Vaccine 100dos,Veterinary,Agrovet,VIAL,92.0,36.0,1,0,55,250,400.0,Interchemie Kenya,Nairob,4,10,0,0
2024-08-25,PRD001,Unga Jogoo 2kg,Flour & Grains,Mini Supermarket,bag,61.0,1.0,2,2,60,145,175.0,Unga Ltd Nairobi,Nairobi ,3,30,0,1
2024-04-15,PRD008,Royco Mchuzi Mix 75g,Seasonings,Mini Supermarket,Pack,78.0,40.0,0,0,38,42,55.0,Unilever Kenya,nairobi,3,35,0,0
2024-12-07,PRD020,  Earphones Generic  ,Accessories,Electronics,PCS,45.0,27.0,3,77,92,150,300.0,,NAIROBI,2,12,0,1
2024-01-17,PRD006,Salit Sugar 1kg,Sugar & Spices,Mini Supermarket,Bag ,97.0,19.0,2,0,76,135,160.0,Mumias Sugar Distributor,Kisumu,5,30,0,0
2025-01-15,PRD006,Salit Sugar 1kg,Sugar & Spices,Mini Supermarket,Bag ,20.0,6.0,0,0,14,135,4776.7460186496355,Mumias Sugar Distributor,Kisumu,5,30,0,0
2024-05-12,PRD017,Newcastle Vaccine 100dos,Veterinary,Agrovet,VIAL,53.0,,2,0,11,250,400.0,Interchemie Kenya,Nairob,4,10,0,1
2024-11-16,PRD010,Amoxicillin 250mg x6,Antibiotics,Pharmacy,Strips,-43.0,18.0,3,0,22,55,90.0,,NAIROBI,3,40,0,1
06/29/2024,PRD017,Newcastle Vaccine 100dos,Veterinary,Agrovet,VIAL,71.0,13.0,3,0,55,250,400.0,Interchemie Kenya,Nairob,4,10,0,1
2025-08-03,PRD011,  ORS Sachets x6  ,Rehydration,Pharmacy,Pack,71.0,,1,0,53,35,60.0,Dawa Ltd,nairobi,2,50,0,1
2025-02-05,PRD004,KCC Butter 250g,Dairy,Mini Supermarket,piece,36.0,13.0,0,0,23,210,260.0,Brookside Dairy Ltd,kiambu,2,15,0,0
2024-06-09,PRD009,Paracetamol 500mg x10,Analgesics,Pharmacy,Strips,7.0,3.0,0,75,79,18,30.0,Shelys Pharmaceuticals,Nairobi ,2,60,0,1
2025-09-28,PRD015,CAN Fertiliser 50kg,Fertilisers,Agrovet,BAG,63.0,11.0,1,0,51,3200,3900.0,,NAIROBI,7,5,0,1
2026-03-17,PRD020,Earphones Generic,Accessories,Electronics,PCS,91.0,35.0,2,0,54,150,,,NAIROBI,2,12,0,0
2024-11-20,PRD017,Newcastle Vaccine 100dos,Veterinary,Agrovet,VIAL,71.0,12.0,3,54,110,250,400.0,Interchemie Kenya,Nairob,4,10,0,0
2024-06-27,PRD018,Drenching Gun Dewormer,veterinary,Agrovet,Bottle,59.0,40.0,1,0,18,480,650.0,Interchemie Kenya,nairobi,4,8,0,0
2025-12-23,PRD006,Salit Sugar 1kg,Sugar & Spices,Mini Supermarket,Bag ,,10.0,1,0,97,135,160.0,Mumias Sugar Distributor,Kisumu,5,30,0,0
2024-06-12,PRD001,Unga Jogoo 2kg,Flour & Grains,Mini Supermarket,bag,,13.0,2,0,9,145,175.0,Unga Ltd Nairobi,Nairobi ,3,30,0,0
2025-01-09,PRD010,Amoxicillin 250mg x6,Antibiotics,Pharmacy,Strips,69.0,7.0,3,0,59,55,90.0,Cosmos Pharmaceuticals,NAIROBI,3,40,0,0
2025-07-09,PRD007,Omo Washing Powder 1kg,Detergents,Mini Supermarket,pack,,7.0,3,0,2,295,398.25,Bidco Africa Mombasa Rd,Nairob,3,12,0,0
2024-11-03,PRD009,Paracetamol 500mg x10,Analgesics,Pharmacy,Strips,94.0,26.0,1,0,67,18,30.0,Shelys Pharmaceuticals,Nairobi ,2,60,0,1
2025-03-20,PRD007,Omo Washing Powder 1kg,Detergents,Mini Supermarket,pck,102.0,32.0,0,0,70,295,398.25,Bidco Africa Mombasa Rd,NAIROB,3,12,0,0
2025-04-01,PRD004,KCC Butter 250g,Dairy,Mini Supermarket,piece,103.0,25.0,3,0,75,210,260.0,Brookside Dairy Ltd,kiambu,2,15,0,0
2024-08-13,PRD010,Amoxicillin 250mg x6,Antibiotics,Pharmacy,Strips,87.0,19.0,3,0,65,55,90.0,Cosmos Pharmaceuticals,NAIROBI,3,40,0,0
2024-12-16,PRD010,Amoxicillin 250mg x6,Antibiotics,Pharmacy,Strips,60.0,11.0,2,0,47,55,90.0,Cosmos Pharmaceuticals,NAIROBI,3,40,0,0
2025-03-18,PRD012,Dettol Antiseptic 100ml,Antiseptics,Pharmacy,Bottle,38.0,28.0,2,45,53,145,200.0,Reckitt Kenya,NAIROBI,3,20,0,0
2025-08-02,PRD016,Maize Seed 2kg,Seeds,Agrovet,PACK,11.0,2.0,0,75,84,380,520.0,Kenya Seed Company,Nakurru,5,15,0,1
2024-09-12,PRD007,Omo Washing Powder 1kg,Detergents,Mini Supermarket,pack,31.0,21.0,3,0,7,295,398.25,Bidco Africa Mombasa Rd,Nairob,3,12,0,0
2024-04-10,PRD012,Dettol Antiseptic 100ml,ANTISEPTICS,Pharmacy,Bottle,7.0,1.0,1,0,5,145,200.0,   ,NAIROBI,3,20,0,0
2024-07-14,PRD004,KCC Butter 250g,Dairy,Mini Supermarket,piece,91.0,39.0,1,0,51,210,260.0,Brookside Dairy Ltd,Kiambu,2,15,0,1
2025-10-07,PRD006,Salit Sugar 1kg,Sugar & Spices,Mini Supermarket,Bag ,17.0,2.0,2,71,84,135,160.0,Mumias Sugar Distributor,Kisumu,5,30,0,0
2024-04-15,PRD005,Elianto Cooking Oil 1L,OILS & FATS,Mini Supermarket,Btl,119.0,36.0,0,65,148,230,280.0,Kapa Oil Refineries,Nairobi,4,20,0,0
2025-06-06,PRD002,Pembe Unga 1kg,FLOUR & GRAINS,Mini Supermarket,BAG,114.0,10.0,3,0,101,78,95.0,Unga Ltd Nairobi,NAIROBI,3,25,0,0
2026-02-08,PRD013,Malaria RDT Kit,Diagnostics,Pharmacy,PCS,25.0,16.0,3,0,6,120,200.0,Medipharm Ltd,Nairobi ,4,25,0,1
2024-09-14,PRD014,  DAP Fertiliser 50kg  ,Fertilisers,Agrovet,bag,37.0,32.0,3,0,2,3800,4500.0,MEA Fertilisers,Nairob,7,5,0,1
2024-07-03,PRD010,Amoxicillin 250mg x6,ANTIBIOTICS,Pharmacy,Strips,,24.0,3,0,51,55,90.0,Cosmos Pharmaceuticals,,3,40,0,0
2024-03-04,PRD013,Malaria RDT Kit,Diagnostics,Pharmacy,PCS,92.0,33.0,2,70,127,120,200.0,Medipharm Ltd,Nairobi ,4,25,0,0
2025-07-22,PRD006,Salit Sugar 1kg,Sugar & Spices,Mini Supermarket,Bag ,23.0,3.0,3,9,26,135,160.0,Mumias Sugar Distributor,Kisumu,5,30,0,0
2025-07-01,PRD009,Paracetamol 500mg x10,Analgesics,Pharmacy,Strips,55.0,28.0,1,0,26,18,30.0,Shelys Pharmaceuticals,Nairobi ,2,60,0,0
2025-02-07,PRD016,  Maize Seed 2kg  ,Seeds,Agrovet,PACK,89.0,19.0,3,61,128,380,520.0,Kenya Seed Company,nakurru,5,15,0,0
2025-11-03,PRD014,DAP Fertiliser 50kg,Fertilisers,Agrovet,bag,105.0,0.0,2,0,103,3800,4500.0,MEA Fertilisers,Nairob,7,5,0,0
2025-03-02,PRD004,KCC Butter 250g,DAIRY,Mini Supermarket,piece,67.0,40.0,3,0,24,210,260.0,Brookside Dairy Ltd,kiambu,2,15,0,1
2024-11-06,PRD020,Earphones Generic,Accessories,Electronics,PCS,44.0,37.0,1,0,6,150,300.0,,,2,12,0,0
2025-03-01,PRD001,Unga Jogoo 2kg,Flour & Grains,Mini Supermarket,bag,91.0,12.0,2,0,77,145,175.0,Unga Ltd Nairobi,Nairobi ,3,30,0,1
2025-12-26,PRD011,ORS Sachets x6,Rehydration,Pharmacy,Pack,39.0,1.0,0,0,38,35,60.0,,nairobi,2,50,0,0
2025-10-05,PRD012,Dettol Antiseptic 100ml,Antiseptics,PHARMACY,Bottle,25.0,3.0,3,0,19,145,200.0,Reckitt Kenya,NAIROBI,3,20,0,1
2026-04-29,PRD012,Dettol Antiseptic 100ml,Antiseptics,Pharmacy,Bottle,55.0,-4.0,3,0,48,145,200.0,Reckitt Kenya,Nairobi,3,20,0,0
2025-08-11,PRD005,Elianto Cooking Oil 1L,Oils & Fats,Mini Supermarkt,btl,118.0,15.0,2,43,144,230,280.0,Kapa Oil Refineries,Nairobi,4,20,0,0
11-Mar-2025,PRD004,KCC Butter 250g,Dairy,Mini Supermarket,piece,44.0,12.0,1,0,31,210,260.0,Brookside Dairy Ltd,kiambu,2,15,0,0
2025-01-29,PRD005,Elianto Cooking Oil 1L,Oils & Fats,Mini Supermarket,btl,36.0,36.0,3,0,0,230,280.0,Kapa Oil Refineries,Nairobi,4,20,0,0
2025-06-18,PRD020,Earphones Generic,Accessories,Electronics,PCS,74.0,10.0,2,0,62,150,300.0,,NAIROBI,2,12,0,0
2025-07-22,PRD005,Elianto Cooking Oil 1L,OILS & FATS,Mini Supermarket,btl,96.0,30.0,3,0,63,230,280.0,Kapa Oil Refineries,Nairobi,4,20,0,0
2025-08-05,PRD001,Unga Jogoo 2kg,Flour & Grains,Mini Supermarket,bag,78.0,-11.0,0,0,67,145,175.0,Unga Ltd Nairobi,Nairobi ,3,30,0,0
2025-02-18,PRD014,DAP Fertiliser 50kg,fertilisers,Agrovet,bag,48.0,36.0,3,35,44,3800,4500.0,MEA Fertilisers,nairob,7,5,0,0
03/08/2026,PRD019,Infinix Charger 33W,Accessories,ELECTRONICS,PCS,99.0,40.0,3,11,66,380,650.0,Luthuli Ave Wholesale,NAIROBI,2,10,0,1
2024-07-09,PRD003,Brookside Milk 500ml,Dairy,Mini Supermarket,piece,78.0,,0,0,73,55,70.0,Brookside Dairy Ltd,KIAMBU ,2,40,0,0
2026-01-14,PRD003,Brookside Milk 500ml,Dairy,Mini Sup.,piece,97.0,18.0,1,48,126,55,70.0,Brookside Dairy Ltd,Kiambu ,2,40,0,0
2024-05-15,PRD004,KCC Butter 250g,Dairy,Mini Supermarket,piece,111.0,33.0,1,0,77,210,260.0,Brookside Dairy Ltd,kiambu,2,15,0,0
2026-02-03,PRD009,Paracetamol 500mg x10,Analgesics,Pharmacy,Strips,43.0,36.0,3,37,41,18,30.0,Shelys Pharmaceuticals,Nairobi ,2,60,0,0
2025-06-03,PRD020,Earphones Generic,accessories,Electronics,PCS,98.0,3.0,3,57,149,150,300.0,,NAIROBI,2,12,0,0
2026-03-25,PRD020,Earphones Generic,Accessories,Electronics,PCS,18.0,,3,0,13,150,300.0,,NAIROBI,2,12,0,0
2024-08-03,PRD018,Drenching Gun Dewormer,Veterinary,Agrovet,Bottle,63.0,32.0,3,0,28,480,650.0,   ,nairobi,4,8,0,1
2024-02-01,PRD010,Amoxicillin 250mg x6,Antibiotics,Pharmacy,Strips,56.0,32.0,0,0,24,55,90.0,Cosmos Pharmaceuticals,NAIROBI,3,40,0,0
2025-09-14,PRD008,Royco Mchuzi Mix 75g,Seasonings,Mini Supermarket,Pack,20.0,14.0,3,0,3,42,55.0,Unilever Kenya,nairobi,3,35,0,1
2024-03-29,PRD015,CAN Fertiliser 50kg,Fertilisers,Agrovet,BAG,10.0,3.0,1,0,6,3200,3900.0,MEA Fertilisers,Nairobi,7,5,0,0
12/19/2025,PRD003,Brookside Milk 500ml,Dairy,Mini Supermarket,piece,116.0,1.0,3,0,112,55,70.0,Brookside Dairy Ltd,Kiambu ,2,40,0,0
"Apr 18, 2024",PRD015,CAN Fertiliser 50kg,Fertilisers,Agrovet,BAG,12.0,6.0,1,33,38,3200,3900.0,MEA Fertilisers,NAIROBI,7,5,0,0
2025-02-11,PRD001,Unga Jogoo 2kg,Flour & Grains,Mini Supermarket,bag,11.0,9.0,2,37,37,145,175.0,Unga Ltd Nairobi,Nairobi ,3,30,0,0
2025-07-03,PRD020,Earphones Generic,Accessories,Electronics,PCS,39.0,17.0,2,0,20,150,300.0,,NAIROBI,2,12,0,0
2024-07-05,PRD005,Elianto Cooking Oil 1L,Oils & Fats,Mini Supermarket,btl,78.0,22.0,3,0,53,230,280.0,Kapa Oil Refineries,Nairobi,4,20,0,0
2026-01-03,PRD005,Elianto Cooking Oil 1L,Oils & Fats,Mini Supermarket,btl,7.0,4.0,1,0,2,230,280.0,Kapa Oil Refineries,Nairobi,4,20,0,1
2025-01-27,PRD019,Infinix Charger 33W,Accessories,Electronics,PCS,67.0,15.0,3,2,68,380,650.0,Luthuli Ave Wholesale,NAIROBI,2,10,0,0
2024-07-08,PRD003,Brookside Milk 500ml,Dairy,Mini Sup.,piece,105.0,25.0,1,10,89,55,70.0,Brookside Dairy Ltd,Kiambu ,2,40,0,0
2025-02-16,PRD009,Paracetamol 500mg x10,Analgesics,PHARMACY,Strips,,34.0,0,0,26,18,30.0,Shelys Pharmaceuticals,Nairobi ,2,60,1,1
2024-04-01,PRD015,  CAN Fertiliser 50kg  ,Fertilisers,Agrovet,Bag,47.0,28.0,2,0,17,3200,3900.0,MEA Fertilisers,NAIROBI,7,5,0,0
2025-06-22,PRD016,Maize Seed 2kg,Seeds,Agrovet,PACK,-101.0,25.0,2,0,74,380,520.0,Kenya Seed Company,Nakurru,5,15,0,1
2025-05-03,PRD016,Maize Seed 2kg,Seeds,Agrovet,PACK,49.0,28.0,3,0,18,380,520.0,Kenya Seed Company,Nakurru,5,15,0,1
2026-02-07,PRD017,Newcastle Vaccine 100dos,Veterinary,Agrovet,VIAL,120.0,39.0,3,0,78,250,400.0,Interchemie Kenya,Nairob,4,10,0,1
2025-04-04,PRD012,Dettol Antiseptic 100ml,Antiseptics,Pharmacy,Bottle,14.0,,3,0,0,145,200.0,Reckitt Kenya,NAIROBI,3,20,0,0
2024-08-13,PRD017,Newcastle Vaccine 100dos,Veterinary,Agrovet,VIAL,22.0,1.0,1,75,95,250,400.0,Interchemie Kenya,Nairob,4,10,0,0
2024-03-01,PRD018,  Drenching Gun Dewormer  ,Veterinary,Agrovet,Bottle,82.0,9.0,3,0,70,480,650.0,Interchemie Kenya,nairobi,4,8,0,0
2025-10-07,PRD002,  Pembe Unga 1kg  ,Flour & Grains,Mini Supermarket,Bags,92.0,25.0,1,0,66,78,95.0,Unga Ltd Nairobi,,3,25,0,0
23-Sep-2025,PRD020,Earphones Generic,Accessories,Electronics,PCS,62.0,34.0,3,0,25,150,300.0,,NAIROBI,2,12,0,0
2025-03-27,PRD017,Newcastle Vaccine 100dos,Veterinary,Agrovet,VIAL,100.0,19.0,3,0,78,250,400.0,Interchemie Kenya,Nairob,4,10,0,0
2024-10-31,PRD013,Malaria RDT Kit,Diagnostics,Pharmacy,PCS,105.0,30.0,0,49,124,120,,,Nairobi ,4,25,0,0
2024-06-19,PRD007,Omo Washing Powder 1kg,Detergents,Mini Supermarket,pack,78.0,14.0,0,0,64,295,398.25,Bidco Africa Mombasa Rd,Nairob,3,12,0,0
2024-02-29,PRD007,Omo Washing Powder 1kg,Detergents,Mini Supermarket,pack,23.0,19.0,3,8,9,295,398.25,Bidco Africa Mombasa Rd,Nairob,3,12,0,0
2026-03-06,PRD008,Royco Mchuzi Mix 75g,Seasonings,Mini Supermarket,Pack,,26.0,0,0,66,42,55.0,Unilever Kenya,nairobi,3,35,0,0
2025-09-11,PRD002,Pembe Unga 1kg,Flour & Grains,Mini Supermarket,BAG,30.0,14.0,1,16,31,78,,Unga Ltd Nairobi,NAIROBI,3,25,0,0
2025-09-12,PRD016,Maize Seed 2kg,Seeds,Agrovett,PACK,119.0,34.0,2,0,83,380,520.0,Kenya Seed Company,Nakurru,5,15,0,0
22/12/2024,PRD002,Pembe Unga 1kg,Flour & Grains,Mini Supermarket,BAG,60.0,23.0,1,0,36,78,95.0,Unga Ltd Nairobi,NAIROBI,3,25,1,1
2024-06-02,PRD017,Newcastle Vaccine 100dos,Veterinary,Agrovett,VIAL,53.0,25.0,0,0,28,250,400.0,Interchemie Kenya,Nairob,4,10,0,1
2026-03-09,PRD015,CAN Fertiliser 50kg,Fertilisers,Agrovet,BAG,90.0,11.0,3,0,76,3200,3900.0,MEA Fertilisers,NAIROBI,7,5,0,0
2026-04-15,PRD004,KCC Butter 250g,Dairy,Mini Supermarket,pcs,5.0,4.0,2,43,42,210,260.0,,kiambu,2,15,0,0
2024-04-30,PRD010,Amoxicillin 250mg x6,Antibiotics,PHARMACY,Strips,80.0,14.0,0,0,52,55,90.0,,NAIROBI,3,40,0,0
2024-01-03,PRD001,Unga Jogoo 2kg,Flour & Grains,Mini Supermarket,bag,32.0,20.0,1,0,11,145,175.0,Unga Ltd Nairobi,Nairobi ,3,30,0,0
2024-07-27,PRD010,Amoxicillin 250mg x6,Antibiotics,Pharmacy,Strips,104.0,12.0,0,0,92,55,,Cosmos Pharmaceuticals,NAIROBI,3,40,0,1
2025-02-18,PRD005,Elianto Cooking Oil 1L,Oils & Fats,Mini Supermarket,btl,61.0,29.0,0,0,32,230,280.0,Kapa Oil Refineries,Nairobi,4,20,0,0
2025-12-06,PRD007,Omo Washing Powder 1kg,Detergents,Mini Supermarket,pack,32.0,18.0,1,0,13,295,398.25,Bidco Africa Mombasa Rd,nairob,3,12,0,1
2024-05-13,PRD005,Elianto Cooking Oil 1L,Oils & Fats,Mini Supermarket,btl,89.0,-6.0,0,14,97,230,280.0,Kapa Oil Refineries,Nairobi,4,20,0,0
2024-04-07,PRD015,CAN Fertiliser 50kg,Fertilisers,Agrovet,BAG,74.0,23.0,0,0,51,3200,3900.0,MEA Fertilisers,NAIROBI,7,5,0,1
2024-08-20,PRD002,Pembe Unga 1kg,Flour & Grains,Mini Supermarket,bag,30.0,10.0,1,72,91,78,,Unga Ltd Nairobi,Nairobi,3,25,0,0
2026-01-09,PRD017,Newcastle Vaccine 100dos,Veterinary,Agrovet,VIAL,80.0,39.0,2,0,39,250,400.0,Interchemie Kenya,Nairob,4,10,0,0
2025-10-10,PRD004,KCC Butter 250g,Dairy,Mini Supermarket,piece,120.0,6.0,2,0,112,210,260.0,Brookside Dairy Ltd,kiambu,2,15,0,0
"Dec 10, 2024",PRD018,Drenching Gun Dewormer,Veterinary,Agrovet,Bottle,98.0,,3,0,87,480,650.0,Interchemie Kenya,nairobi,4,8,0,0
2025-03-23,PRD010,Amoxicillin 250mg x6,Antibiotics,Pharmacy,Strips,83.0,38.0,3,0,42,55,90.0,Cosmos Pharmaceuticals,NAIROBI,3,40,0,1
2024-06-08,PRD019,Infinix Charger 33W,Accessories,Electronics,PCS,32.0,9.0,1,77,81,380,650.0,Luthuli Ave Wholesale,nairobi,2,10,0,1
2025-03-23,PRD008,Royco Mchuzi Mix 75g,Seasonings,Mini Supermarket,Pack,48.0,24.0,1,0,23,42,55.0,Unilever Kenya,nairobi,3,35,0,1
2024-02-03,PRD018,  Drenching Gun Dewormer  ,Veterinary,Agrovet,Bottle,65.0,24.0,3,0,38,480,650.0,Interchemie Kenya,nairobi,4,8,0,1
19/02/2025,PRD014,DAP Fertiliser 50kg,Fertilisers,Agrovet,bag,61.0,11.0,2,0,48,3800,4500.0,MEA Fertilisers,Nairob,7,5,0,0
2025-03-29,PRD016,Maize Seed 2kg,Seeds,Agrovet,Pack,49.0,28.0,1,0,20,380,520.0,Kenya Seed Company,Nakurru,5,15,0,1
2025-04-07,PRD010,Amoxicillin 250mg x6,Antibiotics,Pharmacy,Strips,38.0,23.0,3,0,12,55,90.0,Cosmos Pharmaceuticals,nairobi,3,40,0,0
2025-04-17,PRD010,Amoxicillin 250mg x6,Antibiotics,Pharmacy,Strips,104.0,7.0,1,0,96,55,90.0,Cosmos Pharmaceuticals,NAIROBI,3,40,0,0
2024-02-13,PRD012,Dettol Antiseptic 100ml,antiseptics,Pharmacy,Btl,23.0,2.0,1,0,20,145,200.0,Reckitt Kenya,nairobi,3,20,0,0
2025-04-30,PRD003,Brookside Milk 500ml,Dairy,Mini Supermarket,piece,95.0,35.0,2,78,136,55,70.0,Brookside Dairy Ltd,Kiambu ,2,40,0,0
2025-04-10,PRD012,Dettol Antiseptic 100ml,Antiseptics,Pharmacy,Bottle,69.0,4.0,2,0,63,145,200.0,Reckitt Kenya,NAIROBI,3,20,0,0
2026-01-28,PRD013,Malaria RDT Kit,Diagnostics,Pharmacy,PCS,116.0,38.0,2,0,76,120,200.0,Medipharm Ltd,Nairobi ,4,25,0,0
2024-01-22,PRD001,Unga Jogoo 2kg,Flour & Grains,Mini Supermarket,bag,102.0,24.0,2,0,76,145,175.0,Unga Ltd Nairobi,Nairobi ,3,30,0,0
2025-12-24,PRD019,Infinix Charger 33W,Accessories,Electronics,PCS,101.0,38.0,2,0,61,380,,Luthuli Ave Wholesale,nairobi,2,10,0,0
2025-07-31,PRD009,  Paracetamol 500mg x10  ,Analgesics,Pharmacy,Strips,43.0,26.0,0,36,53,18,30.0,Shelys Pharmaceuticals,Nairobi ,2,60,0,0
2025-10-14,PRD016,Maize Seed 2kg,Seeds,Agrovet,PACK,15.0,6.0,0,0,9,380,520.0,,Nakurru,5,15,0,0
2026-04-26,PRD003,Brookside Milk 500ml,Dairy,Mini Supermarket,piece,58.0,34.0,0,0,24,55,70.0,Brookside Dairy Ltd,Kiambu ,2,40,0,1
"Apr 19, 2024",PRD018,Drenching Gun Dewormer,veterinary,Agrovet,Bottle,62.0,29.0,2,0,31,480,650.0,,nairobi,4,8,0,0
2024-11-07,PRD019,Infinix Charger 33W,Accessories,Electronics,PCS,10.0,1.0,2,0,7,380,650.0,Luthuli Ave Wholesale,NAIROBI,2,10,0,0
2024-05-01,PRD011,ORS Sachets x6,Rehydration,Pharmacy,Packs,38.0,20.0,0,71,83,35,60.0,Dawa Ltd,nairobi,2,50,0,0
2024-09-24,PRD011,ORS Sachets x6,Rehydration,Pharmacy,Pack,24.0,17.0,3,19,23,35,60.0,Dawa Ltd,nairobi,2,50,0,0
2024-12-03,PRD007,Omo Washing Powder 1kg,Detergents,Mini Supermarket,Pack,43.0,36.0,1,8,14,295,398.25,Bidco Africa Mombasa Rd,Nairob,3,12,0,0
2025-10-27,PRD003,Brookside Milk 500ml,Dairy,Mini Supermarket,Pcs,79.0,25.0,3,0,51,55,70.0,Brookside Dairy Ltd,Kiambu ,2,40,0,0
2025-09-03,PRD004,KCC Butter 250g,Dairy,Mini Supermarket,piece,62.0,1.0,0,0,61,210,260.0,Brookside Dairy Ltd,kiambu,2,15,0,0
2024-08-06,PRD004,KCC Butter 250g,dairy,Mini Supermarkt,piece,40.0,16.0,0,0,24,210,260.0,,kiambu,2,15,0,0
2025-04-30,PRD008,  Royco Mchuzi Mix 75g  ,seasonings,Mini Supermarket,Pack,36.0,22.0,0,35,49,42,55.0,Unilever Kenya,nairobi,3,35,0,0
2024-12-13,PRD018,Drenching Gun Dewormer,veterinary,Agrovet,Bottle,42.0,18.0,3,54,75,480,650.0,Interchemie Kenya,nairobi,4,8,0,0
2024-01-22,PRD013,  Malaria RDT Kit  ,Diagnostics,Pharmacy,pcs,111.0,26.0,2,0,83,120,200.0,Medipharm Ltd,Nairobi ,4,25,0,0
2026-02-03,PRD019,Infinix Charger 33W,Accessories,Electronics,PCS,113.0,29.0,0,0,84,380,650.0,Luthuli Ave Wholesale,NAIROBI,2,10,0,0
2026-04-02,PRD019,Infinix Charger 33W,Accessories,Electronics,PCS,101.0,17.0,0,74,158,380,650.0,Luthuli Ave Wholesale,NAIROBI,2,10,0,0
2024-01-01,PRD007,  Omo Washing Powder 1kg  ,Detergents,Mini Supermarket,pack,8.0,4.0,1,13,16,295,398.25,Bidco Africa Mombasa Rd,Nairob,3,12,0,0
27-Sep-2025,PRD018,Drenching Gun Dewormer,Veterinary,Agrovet,Bottle,23.0,,0,0,3,480,650.0,Interchemie Kenya,nairobi,4,8,0,1
2024-10-13,PRD002,Pembe Unga 1kg,FLOUR & GRAINS,Mini Supermarket,BAG,24.0,23.0,2,79,78,78,95.0,Unga Ltd Nairobi,NAIROBI,3,25,0,1
2025-12-11,PRD011,ORS Sachets x6,Rehydration,Pharmacy,Pack,54.0,8.0,3,0,43,35,1791.2797569936133,Dawa Ltd,nairobi,2,50,0,0
2024-04-01,PRD005,Elianto Cooking Oil 1L,Oils & Fats,Mini Supermarket,btl,110.0,38.0,1,0,71,230,280.0,Kapa Oil Refineries,Nairobi,4,20,0,0
2024-04-14,PRD010,Amoxicillin 250mg x6,Antibiotics,Pharmacy,Strips,31.0,9.0,2,0,20,55,90.0,Cosmos Pharmaceuticals,NAIROBI,3,40,0,1
2024-09-18,PRD005,Elianto Cooking Oil 1L,Oils & Fats,Mini Supermarket,btl,101.0,15.0,2,20,104,230,280.0,Kapa Oil Refineries,Nairobi,4,20,0,0
2026-04-26,PRD006,Salit Sugar 1kg,Sugar & Spices,Mini Supermarket,Bag ,37.0,21.0,3,0,13,135,160.0,Mumias Sugar Distributor,Kisumu,5,30,1,1
2025-01-31,PRD017,Newcastle Vaccine 100dos,Veterinary,Agrovet,VIAL,105.0,32.0,1,0,72,250,400.0,Interchemie Kenya,nairob,4,10,0,0
2026-01-12,PRD005,Elianto Cooking Oil 1L,Oils & Fats,Mini Supermarket,btl,118.0,25.0,2,0,91,230,280.0,Kapa Oil Refineries,Nairobi,4,20,0,0
2024-12-22,PRD004,KCC Butter 250g,Dairy,Mini Supermarket,piece,-77.0,31.0,1,0,45,210,260.0,Brookside Dairy Ltd,kiambu,2,15,1,1
2024-02-12,PRD013,Malaria RDT Kit,Diagnostics,Pharmacy,PCS,10.0,10.0,2,0,0,120,200.0,Medipharm Ltd,Nairobi ,4,25,0,0
2025-10-13,PRD012,Dettol Antiseptic 100ml,Antiseptics,Pharmacy,Bottle,90.0,23.0,3,75,139,145,200.0,Reckitt Kenya,NAIROBI,3,20,0,0
2025-07-23,PRD017,Newcastle Vaccine 100dos,Veterinary,Agrovet,VIAL,119.0,30.0,0,0,89,250,400.0,Interchemie Kenya,Nairob,4,10,0,0
2025-12-08,PRD005,Elianto Cooking Oil 1L,Oils & Fats,Mini Supermarket,btl,33.0,8.0,0,0,25,230,280.0,Kapa Oil Refineries,Nairobi,4,20,0,0
2024-10-11,PRD002,Pembe Unga 1kg,Flour & Grains,Mini Supermarket,BAG,98.0,26.0,1,16,87,78,95.0,Unga Ltd Nairobi,NAIROBI,3,25,0,0
04-12-2025,PRD008,Royco Mchuzi Mix 75g,Seasonings,Mini Supermarket,Pack,17.0,5.0,0,0,12,42,,Unilever Kenya,nairobi,3,35,0,0
2025-02-11,PRD005,Elianto Cooking Oil 1L,Oils & Fats,Mini Supermarket,Btl,59.0,40.0,3,0,16,230,280.0,Kapa Oil Refineries,Nairobi,4,20,0,0
2025-10-17,PRD007,Omo Washing Powder 1kg,Detergents,Mini Supermarket,pack,110.0,,2,0,72,295,11889.619387045108,Bidco Africa Mombasa Rd,Nairob,3,12,0,0
2024-05-05,PRD008,Royco Mchuzi Mix 75g,Seasonings,Mini Supermarket,Pack,89.0,23.0,2,0,64,42,55.0,Unilever Kenya,nairobi,3,35,0,1
2024-03-15,PRD004,KCC Butter 250g,Dairy,Mini Supermarket,piece,82.0,6.0,2,0,74,210,260.0,Brookside Dairy Ltd,kiambu,2,15,0,0
2026-02-13,PRD008,Royco Mchuzi Mix 75g,Seasonings,Mini Supermarket,Pack,6.0,2.0,1,0,3,42,55.0,,nairobi,3,35,0,0
2024-12-09,PRD016,Maize Seed 2kg,Seeds,Agrovet,PACK,36.0,26.0,3,45,57,380,520.0,Kenya Seed Company,Nakurru,5,15,0,0
2024-01-29,PRD016,Maize Seed 2kg,SEEDS,Agrovet,PACK,34.0,18.0,2,0,32,380,520.0,Kenya Seed Company,nakurru,5,15,0,0
2024-03-31,PRD010,Amoxicillin 250mg x6,Antibiotics,Pharmacy,Strips,15.0,7.0,1,0,7,55,90.0,Cosmos Pharmaceuticals,NAIROBI,3,40,0,1
2025-03-19,PRD011,ORS Sachets x6,Rehydration,Pharmacy,pack,9.0,1.0,1,0,7,35,60.0,Dawa Ltd,,2,50,0,0
2024-09-02,PRD012,Dettol Antiseptic 100ml,Antiseptics,Pharmacy,Bottle,101.0,27.0,0,4,78,145,200.0,Reckitt Kenya,nairobi,3,20,0,0
2025-08-28,PRD003,Brookside Milk 500ml,DAIRY,Mini Supermarket,piece,108.0,6.0,0,76,178,55,70.0,Brookside Dairy Ltd,kiambu ,2,40,0,0
2024-10-13,PRD020,Earphones Generic,Accessories,Electronics,PCS,115.0,10.0,0,0,105,150,300.0,,NAIROBI,2,12,0,1
2025-05-12,PRD010,Amoxicillin 250mg x6,Antibiotics,Pharmacy,Strips,72.0,,0,0,72,55,90.0,Cosmos Pharmaceuticals,,3,40,0,0
2024-01-17,PRD005,Elianto Cooking Oil 1L,Oils & Fats,Mini Supermarket,btl,46.0,,2,0,19,230,280.0,Kapa Oil Refineries,Nairobi,4,20,0,0
"Oct 28, 2025",PRD002,Pembe Unga 1kg,Flour & Grains,Mini Supermarket,BAG,46.0,21.0,2,0,23,78,95.0,Unga Ltd Nairobi,NAIROBI,3,25,0,0
2026-01-22,PRD003,Brookside Milk 500ml,Dairy,Mini Supermarket,piece,58.0,37.0,1,0,20,55,70.0,Brookside Dairy Ltd,Kiambu ,2,40,0,0
2025-01-12,PRD007,Omo Washing Powder 1kg,Detergents,Mini Supermarket,pack,27.0,12.0,2,0,13,295,398.25,Bidco Africa Mombasa Rd,NAIROB,3,12,0,1
2024-01-04,PRD014,DAP Fertiliser 50kg,Fertilisers,Agrovet,bag,81.0,29.0,2,0,50,3800,4500.0,MEA Fertilisers,Nairob,7,5,0,0
22-11-2025,PRD010,Amoxicillin 250mg x6,Antibiotics,Pharmacy,Strips,39.0,34.0,3,54,56,55,90.0,Cosmos Pharmaceuticals,NAIROBI,3,40,0,1
2024-03-03,PRD014,DAP Fertiliser 50kg,Fertilisers,Agrovet,bag,21.0,19.0,0,50,52,3800,4500.0,MEA Fertilisers,Nairob,7,5,0,1
2024-02-24,PRD013,Malaria RDT Kit,Diagnostics,Pharmacy,Pcs,109.0,-12.0,1,0,96,120,200.0,Medipharm Ltd,Nairobi ,4,25,0,1
2025-10-01,PRD006,Salit Sugar 1kg,Sugar & Spices,Mini Sup.,Bag ,76.0,33.0,1,3,45,135,160.0,Mumias Sugar Distributor,Kisumu,5,30,0,0
2026-03-02,PRD015,CAN Fertiliser 50kg,Fertilisers,Agrovet,BAG,118.0,6.0,1,0,111,3200,3900.0,MEA Fertilisers,NAIROBI,7,5,0,0
2024-11-24,PRD018,Drenching Gun Dewormer,Veterinary,Agrovet,Bottle,45.0,15.0,2,0,28,480,650.0,Interchemie Kenya,,4,8,0,1
2025-08-22,PRD001,Unga Jogoo 2kg,Flour & Grains,Mini Supermarket,bag,72.0,,3,0,60,145,175.0,Unga Ltd Nairobi,,3,30,0,0
"Dec 31, 2025",PRD019,Infinix Charger 33W,Accessories,Electronics,PCS,101.0,16.0,2,0,83,380,650.0,Luthuli Ave Wholesale,NAIROBI,2,10,0,0
2025-11-17,PRD009,Paracetamol 500mg x10,Analgesics,Pharmacy,Strips,60.0,17.0,1,77,119,18,30.0,Shelys Pharmaceuticals,,2,60,0,0
2024-07-02,PRD002,Pembe Unga 1kg,Flour & Grains,Mini Supermarket,bag,63.0,0.0,3,0,60,78,95.0,Unga Ltd Nairobi,NAIROBI,3,25,0,0
15-Jun-2024,PRD015,CAN Fertiliser 50kg,Fertilisers,Agrovet,BAG,71.0,0.0,0,0,71,3200,3900.0,MEA Fertilisers,NAIROBI,7,5,0,1
2025-03-28,PRD017,Newcastle Vaccine 100dos,Veterinary,Agrovet,VIAL,82.0,,1,0,56,250,400.0,Interchemie Kenya,Nairob,4,10,0,0
2024-01-03,PRD007,Omo Washing Powder 1kg,Detergents,Mini Supermarket,pack,26.0,17.0,1,48,56,295,398.25,Bidco Africa Mombasa Rd,Nairob,3,12,0,0
2024-02-01,PRD005,Elianto Cooking Oil 1L,OILS & FATS,Mini Supermarket,btl,102.0,3.0,1,0,98,230,,Kapa Oil Refineries,Nairobi,4,20,0,0
2024-01-06,PRD008,Royco Mchuzi Mix 75g,Seasonings,Mini Supermarket,Pack,73.0,8.0,1,0,64,42,55.0,Unilever Kenya,nairobi,3,35,0,1
2026-01-11,PRD011,  ORS Sachets x6  ,Rehydration,Pharmacy,Pack,69.0,22.0,0,0,47,35,60.0,Dawa Ltd,nairobi,2,50,0,1
2024-03-07,PRD020,Earphones Generic,Accessories,Electronics,PCS,64.0,7.0,2,0,55,150,300.0,,NAIROBI,2,12,0,0
2024-03-31,PRD005,Elianto Cooking Oil 1L,Oils & Fats,Mini Supermarket,btl,102.0,17.0,0,23,108,230,280.0,Kapa Oil Refineries,Nairobi,4,20,0,1
2024-06-14,PRD001,Unga Jogoo 2kg,Flour & Grains,Mini Supermarket,bag,56.0,39.0,2,0,15,145,175.0,Unga Ltd Nairobi,Nairobi ,3,30,0,0
2025-01-24,PRD012,Dettol Antiseptic 100ml,antiseptics,Pharmacy,Bottle,72.0,28.0,2,0,42,145,200.0,,NAIROBI,3,20,0,0
2025-02-02,PRD017,Newcastle Vaccine 100dos,Veterinary,Agrovet,VIAL,30.0,9.0,2,72,91,250,400.0,Interchemie Kenya,Nairob,4,10,0,1
2024-04-08,PRD007,Omo Washing Powder 1kg,Detergents,Mini Supermarket,pack,,8.0,1,41,147,295,398.25,Bidco Africa Mombasa Rd,Nairob,3,12,0,0
2024-08-12,PRD002,Pembe Unga 1kg,Flour & Grains,Mini Supermarket,BAG,103.0,31.0,3,0,69,78,95.0,Unga Ltd Nairobi,NAIROBI,3,25,0,0
2024-02-20,PRD013,  Malaria RDT Kit  ,Diagnostics,Pharmacy,PCS,112.0,21.0,0,0,91,120,200.0,Medipharm Ltd,Nairobi ,4,25,0,0
2024-01-03,PRD003,Brookside Milk 500ml,Dairy,Mini Supermarket,piece,55.0,29.0,1,0,25,55,70.0,Brookside Dairy Ltd,Kiambu ,2,40,0,0
2025-01-05,PRD005,Elianto Cooking Oil 1L,Oils & Fats,Mini Supermarket,btl,63.0,2.0,1,0,60,230,280.0,Kapa Oil Refineries,Nairobi,4,20,0,1
2025-12-25,PRD003,Brookside Milk 500ml,Dairy,MINI SUPERMARKET,piece,5.0,3.0,2,71,71,55,70.0,Brookside Dairy Ltd,Kiambu ,2,40,0,0
2025-07-20,PRD002,Pembe Unga 1kg,Flour & Grains,Mini Supermarket,BAG,114.0,5.0,0,1,103,78,95.0,Unga Ltd Nairobi,NAIROBI,3,25,0,1
2024-09-26,PRD011,ORS Sachets x6,Rehydration,pharmacy,Pack,63.0,40.0,2,0,21,35,60.0,Dawa Ltd,nairobi,2,50,0,0
2026-01-17,PRD006,Salit Sugar 1kg,Sugar & Spices,Mini Supermarket,Bag ,30.0,3.0,0,55,82,135,160.0,Mumias Sugar Distributor,Kisumu,5,30,0,1
2024-11-30,PRD011,ORS Sachets x6,Rehydration,Pharmacy,Pack,101.0,37.0,0,0,64,35,60.0,Dawa Ltd,nairobi,2,50,0,1
2025-12-06,PRD003,Brookside Milk 500ml,Dairy,Mini Supermarket,piece,47.0,19.0,0,0,28,55,70.0,Brookside Dairy Ltd,Kiambu ,2,40,0,1
2024-08-22,PRD010,Amoxicillin 250mg x6,Antibiotics,Pharmacy,Strips,27.0,20.0,0,0,7,55,90.0,Cosmos Pharmaceuticals,NAIROBI,3,40,0,0
2024-03-24,PRD018,Drenching Gun Dewormer,Veterinary,Agrovet,Bottle,15.0,14.0,2,24,23,480,19405.530700764146,,nairobi,4,8,1,1
2024-12-21,PRD008,Royco Mchuzi Mix 75g,Seasonings,Mini Supermarket,Pack,86.0,38.0,1,0,47,42,55.0,Unilever Kenya,nairobi,3,35,0,1
2026-01-19,PRD004,KCC Butter 250g,Dairy,Mini Supermarket,piece,118.0,40.0,3,58,133,210,260.0,   ,kiambu,2,15,0,0
2024-12-27,PRD006,Salit Sugar 1kg,Sugar & Spices,Mini Supermarket,Bags,57.0,38.0,2,31,48,135,160.0,Mumias Sugar Distributor,Kisumu,5,30,0,0
2025-12-28,PRD004,KCC Butter 250g,Dairy,Mini Supermarkt,piece,86.0,,2,0,55,210,260.0,Brookside Dairy Ltd,kiambu,2,15,0,1
2026-03-23,PRD013,Malaria RDT Kit,Diagnostics,Pharmacy,PCS,55.0,33.0,3,0,19,120,200.0,Medipharm Ltd,,4,25,0,0
2025-12-06,PRD004,KCC Butter 250g,Dairy,MINI SUPERMARKET,piece,66.0,10.0,0,70,126,210,260.0,Brookside Dairy Ltd,kiambu,2,15,0,1
2026-02-14,PRD002,Pembe Unga 1kg,Flour & Grains,Mini Supermarket,BAG,20.0,14.0,2,0,4,78,95.0,Unga Ltd Nairobi,NAIROBI,3,25,0,1
2025-11-20,PRD005,Elianto Cooking Oil 1L,Oils & Fats,Mini Supermarket,btl,57.0,22.0,1,0,34,230,280.0,Kapa Oil Refineries,Nairobi,4,20,0,0
2025-04-27,PRD013,Malaria RDT Kit,Diagnostics,Pharmacy,PCS,84.0,16.0,3,35,100,120,200.0,Medipharm Ltd,Nairobi ,4,25,0,1
2025-07-04,PRD003,Brookside Milk 500ml,Dairy,Mini Supermarket,PCS,93.0,18.0,1,0,74,55,70.0,Brookside Dairy Ltd,Kiambu ,2,40,0,0
2024-08-19,PRD005,Elianto Cooking Oil 1L,Oils & Fats,Mini Supermarket,BOTTLE,10.0,1.0,0,0,9,230,280.0,Kapa Oil Refineries,,4,20,0,0
2025-05-17,PRD013,Malaria RDT Kit,Diagnostics,Pharmacy,PCS,72.0,,2,0,59,120,200.0,Medipharm Ltd,Nairobi ,4,25,0,1
2024-03-30,PRD007,Omo Washing Powder 1kg,Detergents,Mini Supermarket,pack,49.0,3.0,0,0,46,295,398.25,Bidco Africa Mombasa Rd,Nairob,3,12,0,1
2024-11-01,PRD017,  Newcastle Vaccine 100dos  ,Veterinary,Agrovet,VIAL,64.0,27.0,3,0,34,250,400.0,,,4,10,0,0
2026-01-09,PRD014,DAP Fertiliser 50kg,Fertilisers,Agrovet,bag,9.0,3.0,1,0,5,3800,4500.0,MEA Fertilisers,Nairob,7,5,0,0
"Jan 29, 2025",PRD019,Infinix Charger 33W,Accessories,Electronics,PCS,117.0,33.0,1,0,83,380,650.0,Luthuli Ave Wholesale,NAIROBI,2,10,0,0
2026-04-16,PRD007,Omo Washing Powder 1kg,Detergents,Mini Supermarket,PACK,117.0,5.0,2,0,110,295,398.25,Bidco Africa Mombasa Rd,,3,12,0,0
2024-03-14,PRD010,Amoxicillin 250mg x6,Antibiotics,pharmacy,Strips,22.0,0.0,1,0,21,55,90.0,Cosmos Pharmaceuticals,NAIROBI,3,40,0,0
2024-10-03,PRD016,Maize Seed 2kg,Seeds,Agrovet,PACK,118.0,30.0,0,0,88,380,520.0,Kenya Seed Company,Nakurru,5,15,0,0
2025-05-28,PRD012,Dettol Antiseptic 100ml,Antiseptics,Pharmacy,Bottle,26.0,24.0,0,0,2,145,200.0,Reckitt Kenya,NAIROBI,3,20,0,0
2025-01-02,PRD015,CAN Fertiliser 50kg,Fertilisers,Agrovet,BAG,21.0,10.0,2,0,9,3200,3900.0,MEA Fertilisers,NAIROBI,7,5,0,0
2025-02-07,PRD019,  Infinix Charger 33W  ,Accessories,ELECTRONICS,PCS,114.0,8.0,2,0,104,380,650.0,Luthuli Ave Wholesale,NAIROBI,2,10,0,0
2024-01-11,PRD002,Pembe Unga 1kg,Flour & Grains,Mini Supermarket,BAG,58.0,,2,0,19,78,95.0,Unga Ltd Nairobi,NAIROBI,3,25,0,0
2024-07-26,PRD001,Unga Jogoo 2kg,Flour & Grains,Mini Supermarket,bag,40.0,1.0,2,0,37,145,5224.565957898039,Unga Ltd Nairobi,Nairobi ,3,30,0,0
2025-04-15,PRD019,Infinix Charger 33W,Accessories,Electronics,PCS,41.0,7.0,3,9,40,380,650.0,Luthuli Ave Wholesale,NAIROBI,2,10,0,0
2024-04-26,PRD003,Brookside Milk 500ml,Dairy,mini supermarket,piece,38.0,13.0,1,0,24,55,70.0,Brookside Dairy Ltd,Kiambu ,2,40,0,0
"Aug 31, 2025",PRD015,CAN Fertiliser 50kg,Fertilisers,Agrovet,BAG,100.0,2.0,2,0,96,3200,3900.0,MEA Fertilisers,Nairobi,7,5,0,1
2025-02-20,PRD017,Newcastle Vaccine 100dos,VETERINARY,Agrovet,VIAL,14.0,8.0,3,9,12,250,400.0,Interchemie Kenya,Nairob,4,10,0,0
11/14/2025,PRD014,DAP Fertiliser 50kg,Fertilisers,Agrovet,bag,65.0,2.0,0,0,63,3800,4500.0,MEA Fertilisers,Nairob,7,5,0,0
2024-11-15,PRD012,Dettol Antiseptic 100ml,Antiseptics,Pharmacy,Bottle,42.0,12.0,1,0,29,145,200.0,Reckitt Kenya,NAIROBI,3,20,0,0
2024-06-21,PRD001,  Unga Jogoo 2kg  ,Flour & Grains,Mini Supermarket,bag,85.0,6.0,3,0,76,145,175.0,Unga Ltd Nairobi,Nairobi ,3,30,0,0
2024-02-09,PRD006,Salit Sugar 1kg,Sugar & Spices,Mini Supermarket,Bag ,118.0,34.0,1,0,83,135,160.0,Mumias Sugar Distributor,Kisumu,5,30,0,0
2024-04-14,PRD005,Elianto Cooking Oil 1L,Oils & Fats,Mini Supermarket,bottle,99.0,11.0,0,17,105,230,280.0,Kapa Oil Refineries,Nairobi,4,20,0,1
2025-06-14,PRD019,Infinix Charger 33W,Accessories,Electronics,pcs,100.0,39.0,2,0,59,380,650.0,Luthuli Ave Wholesale,NAIROBI,2,10,0,1
2025-08-28,PRD018,Drenching Gun Dewormer,Veterinary,Agrovet,Bottle,37.0,37.0,2,0,0,480,650.0,Interchemie Kenya,nairobi,4,8,0,0
2024-03-08,PRD010,Amoxicillin 250mg x6,Antibiotics,Pharmacy,Strips,68.0,,3,0,33,55,90.0,Cosmos Pharmaceuticals,NAIROBI,3,40,0,0
2025-01-14,PRD010,Amoxicillin 250mg x6,Antibiotics,Pharmacy,Strips,119.0,11.0,0,46,154,55,90.0,Cosmos Pharmaceuticals,NAIROBI,3,40,0,0
2026-02-11,PRD019,Infinix Charger 33W,Accessories,Electronics,PCS,101.0,27.0,0,0,74,380,650.0,Luthuli Ave Wholesale,NAIROBI,2,10,0,0
25/10/2025,PRD015,CAN Fertiliser 50kg,Fertilisers,Agrovet,BAG,101.0,33.0,3,0,65,3200,3900.0,MEA Fertilisers,NAIROBI,7,5,0,1
2025-06-16,PRD006,Salit Sugar 1kg,Sugar & Spices,Mini Supermarket,Bag ,32.0,4.0,3,0,25,135,160.0,Mumias Sugar Distributor,Kisumu,5,30,0,0
2025-05-23,PRD001,  Unga Jogoo 2kg  ,Flour & Grains,Mini Supermarket,Bags,5.0,,0,0,2,145,175.0,Unga Ltd Nairobi,Nairobi ,3,30,0,0
2024-05-20,PRD008,Royco Mchuzi Mix 75g,Seasonings,Mini Supermarket,PACK,47.0,17.0,0,0,30,42,55.0,Unilever Kenya,nairobi,3,35,0,0
2025-09-07,PRD004,KCC Butter 250g,DAIRY,Mini Supermarket,piece,56.0,34.0,1,39,60,210,260.0,Brookside Dairy Ltd,kiambu,2,15,0,1
2025-12-24,PRD014,DAP Fertiliser 50kg,Fertilisers,Agrovet,bag,-24.0,11.0,1,0,12,3800,4500.0,MEA Fertilisers,Nairob,7,5,0,0
2024-09-16,PRD017,Newcastle Vaccine 100dos,Veterinary,Agrovet,VIAL,45.0,21.0,3,0,21,250,400.0,Interchemie Kenya,Nairob,4,10,0,0
2025-09-18,PRD011,ORS Sachets x6,Rehydration,Pharmacy,Pack,77.0,2.0,0,0,75,35,60.0,Dawa Ltd,nairobi,2,50,0,0
2024-11-01,PRD008,Royco Mchuzi Mix 75g,Seasonings,Mini Sup.,Pack,68.0,20.0,2,0,46,42,55.0,Unilever Kenya,nairobi,3,35,0,0
2024-12-19,PRD008,Royco Mchuzi Mix 75g,Seasonings,Mini Supermarket,Pack,80.0,0.0,3,0,77,42,55.0,Unilever Kenya,nairobi,3,35,0,0
2026-04-07,PRD006,Salit Sugar 1kg,Sugar & Spices,Mini Supermarket,Bag ,118.0,33.0,2,0,83,135,160.0,Mumias Sugar Distributor,Kisumu,5,30,0,0
03/20/2024,PRD014,DAP Fertiliser 50kg,Fertilisers,Agrovet,bag,94.0,4.0,0,0,90,3800,4500.0,   ,Nairob,7,5,0,0
2025-08-31,PRD001,Unga Jogoo 2kg,Flour & Grains,Mini Supermarket,bag,82.0,38.0,1,57,100,145,175.0,Unga Ltd Nairobi,Nairobi ,3,30,0,1
2025-01-13,PRD001,Unga Jogoo 2kg,Flour & Grains,Mini Supermarket,bag,108.0,24.0,2,0,82,145,175.0,Unga Ltd Nairobi,Nairobi ,3,30,0,0
2024-06-24,PRD018,Drenching Gun Dewormer,Veterinary,Agrovet,Bottle,31.0,10.0,3,8,26,480,650.0,Interchemie Kenya,nairobi,4,8,0,0
2024-06-18,PRD012,Dettol Antiseptic 100ml,Antiseptics,Pharmacy,Bottle,6.0,0.0,1,0,5,145,,Reckitt Kenya,NAIROBI,3,20,0,0
2025-06-02,PRD009,Paracetamol 500mg x10,Analgesics,Pharmacy,Strips,94.0,4.0,1,41,130,18,30.0,,Nairobi ,2,60,0,0
2025-08-28,PRD008,Royco Mchuzi Mix 75g,Seasonings,Mini Supermarket,Pack,63.0,33.0,3,0,10,42,55.0,Unilever Kenya,nairobi,3,35,0,0
2025-06-13,PRD012,Dettol Antiseptic 100ml,Antiseptics,Pharmacy,Bottle,75.0,5.0,1,0,69,145,200.0,Reckitt Kenya,NAIROBI,3,20,0,0
2024-08-11,PRD001,Unga Jogoo 2kg,Flour & Grains,Mini Supermarket,BAG,74.0,27.0,1,0,46,145,175.0,Unga Ltd Nairobi,Nairobi ,3,30,0,1
2025-02-07,PRD008,Royco Mchuzi Mix 75g,Seasonings,Mini Supermarket,Pack,,32.0,1,0,17,42,55.0,Unilever Kenya,nairobi,3,35,0,0
2025-11-12,PRD006,Salit Sugar 1kg,Sugar & Spices,Mini Supermarket,Bag ,9.0,0.0,1,0,8,135,160.0,Mumias Sugar Distributor,Kisumu,5,30,0,0
2025-05-08,PRD005,Elianto Cooking Oil 1L,Oils & Fats,Mini Supermarket,btl,95.0,30.0,2,77,140,230,280.0,Kapa Oil Refineries,Nairobi,4,20,0,0
2024-03-31,PRD009,Paracetamol 500mg x10,Analgesics,Pharmacy,Strips,105.0,40.0,1,0,64,18,30.0,Shelys Pharmaceuticals,Nairobi ,2,60,0,1
2025-03-12,PRD020,Earphones Generic,Accessories,Electronics,PCS,47.0,6.0,0,0,41,150,300.0,,NAIROBI,2,12,0,0
2024-04-23,PRD010,Amoxicillin 250mg x6,Antibiotics,Pharmacy,Strips,113.0,11.0,1,40,141,55,90.0,Cosmos Pharmaceuticals,NAIROBI,3,40,0,0
"Jan 13, 2025",PRD002,Pembe Unga 1kg,Flour & Grains,Mini Supermarket,BAG,21.0,14.0,2,28,33,78,95.0,Unga Ltd Nairobi,NAIROBI,3,25,0,0
2024-06-15,PRD018,Drenching Gun Dewormer,Veterinary,Agrovet,Bottle,29.0,14.0,3,0,12,480,650.0,Interchemie Kenya,nairobi,4,8,0,1
2026-04-19,PRD012,Dettol Antiseptic 100ml,Antiseptics,Pharmacy,btl,10.0,6.0,3,0,1,145,200.0,Reckitt Kenya,,3,20,0,1
2025-02-03,PRD017,Newcastle Vaccine 100dos,Veterinary,Agrovet,VIAL,79.0,32.0,2,69,114,250,400.0,Interchemie Kenya,Nairob,4,10,0,0
2026-04-24,PRD012,Dettol Antiseptic 100ml,Antiseptics,Pharmacy,Bottle,24.0,13.0,2,6,15,145,200.0,Reckitt Kenya,NAIROBI,3,20,0,0
2026-02-21,PRD018,Drenching Gun Dewormer,Veterinary,Agrovet,Bottle,16.0,12.0,0,23,27,480,650.0,Interchemie Kenya,nairobi,4,8,0,1
"Mar 23, 2025",PRD018,Drenching Gun Dewormer,Veterinary,Agrovet,Bottle,35.0,23.0,2,0,10,480,650.0,Interchemie Kenya,nairobi,4,8,0,1
2024-04-28,PRD016,Maize Seed 2kg,Seeds,Agrovet,PACK,7.0,5.0,2,0,0,380,520.0,Kenya Seed Company,Nakurru,5,15,1,1
03/11/2025,PRD010,Amoxicillin 250mg x6,Antibiotics,Pharmacy,Strips,27.0,,2,0,7,55,,Cosmos Pharmaceuticals,NAIROBI,3,40,0,0
2026-04-23,PRD015,CAN Fertiliser 50kg,Fertilisers,Agrovet,BAG,93.0,4.0,3,0,86,3200,3900.0,MEA Fertilisers,NAIROBI,7,5,0,0
2026-04-25,PRD019,Infinix Charger 33W,Accessories,Electronics,PCS,81.0,26.0,1,0,54,380,650.0,,NAIROBI,2,10,0,1
2024-07-26,PRD012,Dettol Antiseptic 100ml,Antiseptics,Pharmacy,Bottle,85.0,34.0,1,0,50,145,200.0,Reckitt Kenya,NAIROBI,3,20,0,0
23/01/2026,PRD001,Unga Jogoo 2kg,Flour & Grains,Mini Supermarkt,bag,31.0,19.0,1,0,11,145,175.0,Unga Ltd Nairobi,Nairobi ,3,30,0,0
2025-12-27,PRD016,Maize Seed 2kg,Seeds,Agrovet,PACK,17.0,4.0,0,9,22,380,520.0,Kenya Seed Company,Nakurru,5,15,0,1
2024-04-05,PRD007,  Omo Washing Powder 1kg  ,Detergents,Mini Supermarket,pack,28.0,11.0,1,0,16,295,398.25,Bidco Africa Mombasa Rd,Nairob,3,12,0,0
2025-11-17,PRD018,Drenching Gun Dewormer,Veterinary,Agrovet,Bottle,108.0,16.0,2,0,90,480,,Interchemie Kenya,NAIROBI,4,8,0,0
2024-02-19,PRD007,Omo Washing Powder 1kg,Detergents,Mini Supermarket,pack,78.0,12.0,2,0,64,295,398.25,Bidco Africa Mombasa Rd,nairob,3,12,0,0
09/08/2025,PRD009,Paracetamol 500mg x10,Analgesics,Pharmacy,Strips,61.0,26.0,1,47,81,18,30.0,Shelys Pharmaceuticals,Nairobi ,2,60,0,0
2025-02-10,PRD013,Malaria RDT Kit,Diagnostics,Pharmacy,PCS,78.0,30.0,2,0,46,120,200.0,Medipharm Ltd,nairobi ,4,25,0,0
2024-10-21,PRD007,Omo Washing Powder 1kg,Detergents,Mini Supermarket,pack,73.0,28.0,2,24,67,295,,Bidco Africa Mombasa Rd,Nairob,3,12,0,0
2024-07-24,PRD009,Paracetamol 500mg x10,Analgesics,Pharmacy,Strips,58.0,26.0,0,0,32,18,30.0,Shelys Pharmaceuticals,Nairobi ,2,60,0,0
2026-01-10,PRD006,Salit Sugar 1kg,Sugar & Spices,Mini Supermarket,bag,42.0,9.0,1,22,54,135,160.0,Mumias Sugar Distributor,Kisumu,5,30,0,1
2026-03-17,PRD001,Unga Jogoo 2kg,Flour & Grains,Mini Supermarket,bag,5.0,1.0,2,0,2,145,175.0,Unga Ltd Nairobi,Nairobi ,3,30,0,0
2025-12-28,PRD016,Maize Seed 2kg,SEEDS,Agrovet,PACK,34.0,5.0,1,49,77,380,520.0,Kenya Seed Company,Nakurru,5,15,0,1
2024-09-19,PRD012,Dettol Antiseptic 100ml,Antiseptics,Pharmacy,Bottle,8.0,0.0,1,0,7,145,200.0,Reckitt Kenya,NAIROBI,3,20,0,0
2024-01-11,PRD019,Infinix Charger 33W,Accessories,Electronics,PCS,79.0,38.0,0,0,41,380,650.0,Luthuli Ave Wholesale,NAIROBI,2,10,0,0
2026-01-24,PRD004,KCC Butter 250g,Dairy,Mini Supermarket,piece,92.0,31.0,2,0,59,210,260.0,,kiambu,2,15,0,1
2025-12-19,PRD001,Unga Jogoo 2kg,FLOUR & GRAINS,Mini Supermarket,bag,117.0,9.0,1,0,107,145,175.0,Unga Ltd Nairobi,Nairobi ,3,30,0,0
2024-01-25,PRD001,Unga Jogoo 2kg,Flour & Grains,Mini Supermarket,bag,29.0,2.0,1,0,26,145,175.0,Unga Ltd Nairobi,Nairobi ,3,30,0,0
2024-03-08,PRD004,KCC Butter 250g,Dairy,MINI SUPERMARKET,piece,109.0,20.0,2,20,107,210,260.0,Brookside Dairy Ltd,kiambu,2,15,0,0
2025-03-18,PRD019,Infinix Charger 33W,Accessories,Electronics,PCS,112.0,12.0,1,0,99,380,650.0,Luthuli Ave Wholesale,NAIROBI,2,10,0,0
2024-04-02,PRD018,  Drenching Gun Dewormer  ,Veterinary,Agrovet,Bottle,116.0,26.0,0,0,90,480,650.0,Interchemie Kenya,nairobi,4,8,0,0
2025-03-21,PRD017,Newcastle Vaccine 100dos,Veterinary,Agrovet,VIAL,70.0,10.0,2,0,58,250,,Interchemie Kenya,Nairob,4,10,0,0
2024-08-28,PRD005,  Elianto Cooking Oil 1L  ,Oils & Fats,Mini Supermarket,bottle,51.0,25.0,1,0,25,230,8359.305532636863,Kapa Oil Refineries,Nairobi,4,20,0,0
2025-03-18,PRD002,Pembe Unga 1kg,Flour & Grains,Mini Supermarket,BAG,71.0,28.0,1,74,116,78,95.0,,NAIROBI,3,25,0,0
2024-07-09,PRD007,Omo Washing Powder 1kg,Detergents,Mini Supermarket,pack,59.0,23.0,2,44,78,295,398.25,Bidco Africa Mombasa Rd,Nairob,3,12,0,0
2025-12-27,PRD013,Malaria RDT Kit,Diagnostics,Pharmacy,PCS,68.0,22.0,1,0,45,120,200.0,Medipharm Ltd,Nairobi ,4,25,0,1
2025-10-07,PRD013,Malaria RDT Kit,Diagnostics,Pharmacy,PCS,7.0,3.0,2,0,2,120,200.0,Medipharm Ltd,Nairobi ,4,25,0,0
2025-12-11,PRD001,Unga Jogoo 2kg,Flour & Grains,Mini Supermarket,bag,49.0,0.0,2,0,38,145,175.0,Unga Ltd Nairobi,Nairobi ,3,30,0,0
2026-04-13,PRD019,Infinix Charger 33W,Accessories,Electronics,PCS,89.0,24.0,2,0,63,380,650.0,Luthuli Ave Wholesale,NAIROBI,2,10,0,0
2024-12-28,PRD016,Maize Seed 2kg,Seeds,Agrovet,PACK,111.0,35.0,3,28,101,380,520.0,Kenya Seed Company,Nakurru,5,15,0,1
2025-10-31,PRD007,Omo Washing Powder 1kg,Detergents,Mini Supermarket,pck,,24.0,3,0,1,295,398.25,Bidco Africa Mombasa Rd,Nairob,3,12,0,0
2025-11-29,PRD003,Brookside Milk 500ml,DAIRY,Mini Supermarket,piece,7.0,0.0,3,0,4,55,70.0,,Kiambu ,2,40,0,1
2025-07-25,PRD017,Newcastle Vaccine 100dos,Veterinary,Agrovet,VIAL,,26.0,3,0,70,250,400.0,Interchemie Kenya,Nairob,4,10,0,0
2025-09-26,PRD020,  Earphones Generic  ,Accessories,electronics,PCS,,10.0,2,0,87,150,300.0,,NAIROBI,2,12,0,0
2025-02-17,PRD014,DAP Fertiliser 50kg,Fertilisers,Agrovet,bag,105.0,3.0,0,0,102,3800,4500.0,MEA Fertilisers,Nairob,7,5,0,0
2024-01-02,PRD018,Drenching Gun Dewormer,Veterinary,Agrovet,Bottle,15.0,7.0,0,0,8,480,650.0,Interchemie Kenya,nairobi,4,8,0,0
17-Jan-2026,PRD005,Elianto Cooking Oil 1L,Oils & Fats,Mini Supermarket,Btl,73.0,13.0,0,0,60,230,280.0,Kapa Oil Refineries,Nairobi,4,20,0,1
2024-02-17,PRD009,Paracetamol 500mg x10,Analgesics,Pharmacy,Strips,115.0,20.0,3,0,92,18,30.0,Shelys Pharmaceuticals,nairobi ,2,60,0,1
2024-08-24,PRD020,Earphones Generic,Accessories,Electronics,PCS,,4.0,1,0,88,150,300.0,,NAIROBI,2,12,0,1
2024-01-23,PRD012,Dettol Antiseptic 100ml,Antiseptics,Pharmacy,Bottle,103.0,23.0,1,0,79,145,200.0,Reckitt Kenya,NAIROBI,3,20,0,0
2025-07-18,PRD018,Drenching Gun Dewormer,Veterinary,Agrovet,Bottle,60.0,30.0,2,0,28,480,650.0,Interchemie Kenya,nairobi,4,8,0,0
2026-03-19,PRD006,Salit Sugar 1kg,Sugar & Spices,Mini Supermarket,Bag,74.0,18.0,0,1,57,135,160.0,Mumias Sugar Distributor,Kisumu,5,30,0,0
2025-09-12,PRD010,Amoxicillin 250mg x6,Antibiotics,Pharmacy,Strips,111.0,6.0,3,0,102,55,90.0,Cosmos Pharmaceuticals,NAIROBI,3,40,0,0
2024-03-11,PRD010,Amoxicillin 250mg x6,Antibiotics,Pharmacy,Strips,24.0,13.0,1,0,10,55,90.0,Cosmos Pharmaceuticals,NAIROBI,3,40,0,0
2026-03-24,PRD018,Drenching Gun Dewormer,Veterinary,Agrovet,Bottle,49.0,1.0,1,0,47,480,650.0,Interchemie Kenya,nairobi,4,8,0,0
2024-04-30,PRD004,KCC Butter 250g,Dairy,Mini Supermarket,piece,108.0,-34.0,3,0,71,210,,Brookside Dairy Ltd,kiambu,2,15,0,0
2025-01-08,PRD007,Omo Washing Powder 1kg,Detergents,Mini Supermarket,pack,83.0,9.0,2,0,72,295,398.25,Bidco Africa Mombasa Rd,NAIROB,3,12,0,0
2025-02-13,PRD015,CAN Fertiliser 50kg,Fertilisers,Agrovet,BAG,75.0,8.0,0,0,67,3200,3900.0,MEA Fertilisers,NAIROBI,7,5,0,0
2024-10-01,PRD007,Omo Washing Powder 1kg,Detergents,Mini Supermarket,Pack,120.0,9.0,3,0,108,295,398.25,Bidco Africa Mombasa Rd,Nairob,3,12,0,0
2024-06-11,PRD002,Pembe Unga 1kg,Flour & Grains,mini supermarket,BAG,94.0,33.0,3,61,119,78,95.0,Unga Ltd Nairobi,NAIROBI,3,25,0,0
2024-12-14,PRD019,Infinix Charger 33W,Accessories,Electronics,PCS,53.0,26.0,2,0,25,380,19405.530700764146,Luthuli Ave Wholesale,nairobi,2,10,0,1
2026-04-05,PRD007,Omo Washing Powder 1kg,Detergents,Mini Supermarket,pack,93.0,14.0,2,0,77,295,11889.619387045108,Bidco Africa Mombasa Rd,Nairob,3,12,0,1
2024-11-17,PRD004,KCC Butter 250g,Dairy,Mini Supermarket,piece,43.0,38.0,1,0,4,210,260.0,Brookside Dairy Ltd,kiambu,2,15,0,1
2024-10-03,PRD020,Earphones Generic,Accessories,Electronics,PCS,97.0,24.0,3,0,70,150,,,NAIROBI,2,12,0,0
2026-03-24,PRD010,  Amoxicillin 250mg x6  ,Antibiotics,Pharmacy,Strips,37.0,0.0,2,41,76,55,90.0,Cosmos Pharmaceuticals,NAIROBI,3,40,0,0
2026-03-04,PRD011,ORS Sachets x6,Rehydration,Pharmacy,Pack,88.0,14.0,3,0,71,35,60.0,Dawa Ltd,nairobi,2,50,0,0
2025-12-10,PRD005,Elianto Cooking Oil 1L,Oils & Fats,Mini Supermarket,btl,20.0,13.0,3,7,11,230,280.0,Kapa Oil Refineries,Nairobi,4,20,0,0
2025-06-23,PRD018,Drenching Gun Dewormer,Veterinary,Agrovet,btl,50.0,25.0,0,0,25,480,650.0,Interchemie Kenya,nairobi,4,8,0,0
2024-07-01,PRD014,DAP Fertiliser 50kg,Fertilisers,Agrovet,bag,21.0,15.0,1,0,5,3800,4500.0,MEA Fertilisers,Nairob,7,5,0,0
2024-11-08,PRD014,DAP Fertiliser 50kg,Fertilisers,Agrovet,bag,14.0,12.0,0,0,2,3800,4500.0,MEA Fertilisers,Nairob,7,5,0,0
2025-07-29,PRD017,Newcastle Vaccine 100dos,Veterinary,Agrovet,VIAL,84.0,5.0,0,43,122,250,400.0,   ,Nairob,4,10,0,0
2025-05-02,PRD004,KCC Butter 250g,Dairy,Mini Supermarket,piece,116.0,24.0,0,0,92,210,260.0,Brookside Dairy Ltd,kiambu,2,15,0,0
2024-01-19,PRD013,Malaria RDT Kit,Diagnostics,Pharmacy,PCS,83.0,4.0,3,0,76,120,200.0,Medipharm Ltd,Nairobi ,4,25,0,0
2024-04-19,PRD010,Amoxicillin 250mg x6,Antibiotics,Pharmacy,Strips,39.0,14.0,0,0,25,55,90.0,Cosmos Pharmaceuticals,NAIROBI,3,40,0,0
2026-02-12,PRD014,DAP Fertiliser 50kg,Fertilisers,Agrovet,bag,88.0,24.0,3,31,92,3800,4500.0,MEA Fertilisers,Nairob,7,5,0,0
2025-07-26,PRD020,  Earphones Generic  ,Accessories,Electronics,PCS,62.0,16.0,2,0,44,150,300.0,,NAIROBI,2,12,0,1
03/02/2025,PRD006,Salit Sugar 1kg,Sugar & Spices,Mini Supermarket,Bag ,64.0,20.0,0,0,44,135,160.0,Mumias Sugar Distributor,Kisumu,5,30,0,1
2025-04-12,PRD015,CAN Fertiliser 50kg,Fertilisers,Agrovet,BAG,-61.0,21.0,1,13,52,3200,3900.0,MEA Fertilisers,NAIROBI,7,5,0,1
2024-01-02,PRD015,  CAN Fertiliser 50kg  ,Fertilisers,Agrovet,BAG,108.0,2.0,3,0,103,3200,,MEA Fertilisers,NAIROBI,7,5,0,0
2024-04-11,PRD005,Elianto Cooking Oil 1L,oils & fats,Mini Supermarket,btl,36.0,35.0,2,0,0,230,280.0,,nairobi,4,20,0,0
2024-12-22,PRD016,Maize Seed 2kg,Seeds,AGROVET,PACK,,5.0,3,0,17,380,520.0,Kenya Seed Company,Nakurru,5,15,0,1
2025-03-29,PRD002,  Pembe Unga 1kg  ,Flour & Grains,Mini Supermarket,Bags,47.0,34.0,3,0,11,78,95.0,Unga Ltd Nairobi,NAIROBI,3,25,0,1
2024-08-23,PRD017,  Newcastle Vaccine 100dos  ,Veterinary,Agrovet,VIAL,101.0,37.0,1,0,63,250,400.0,Interchemie Kenya,Nairob,4,10,0,0
2024-01-30,PRD011,ORS Sachets x6,Rehydration,Pharmacy,Pack,112.0,36.0,0,0,76,35,60.0,Dawa Ltd,nairobi,2,50,0,0
2025-07-18,PRD001,Unga Jogoo 2kg,Flour & Grains,Mini Supermarket,bag,104.0,15.0,1,0,88,145,175.0,,Nairobi ,3,30,0,0
2025-12-20,PRD011,ORS Sachets x6,Rehydration,Pharmacy,Pack,109.0,28.0,0,47,128,35,60.0,Dawa Ltd,nairobi,2,50,0,1
2024-04-07,PRD005,Elianto Cooking Oil 1L,Oils & Fats,Mini Supermarket,btl,108.0,15.0,1,0,92,230,280.0,Kapa Oil Refineries,Nairobi,4,20,0,1
2025-07-13,PRD015,CAN Fertiliser 50kg,Fertilisers,Agrovet,BAG,81.0,,2,52,108,3200,3900.0,MEA Fertilisers,NAIROBI,7,5,0,1
2026-04-12,PRD004,KCC Butter 250g,Dairy,Mini Supermarket,PCS,59.0,9.0,1,0,49,210,260.0,Brookside Dairy Ltd,kiambu,2,15,0,1
2025-06-15,PRD006,Salit Sugar 1kg,Sugar & Spices,Mini Supermarket,Bag ,63.0,25.0,1,0,37,135,160.0,Mumias Sugar Distributor,Kisumu,5,30,0,1
2025-01-21,PRD004,KCC Butter 250g,Dairy,Mini Supermarkt,piece,,1.0,0,0,9,210,260.0,Brookside Dairy Ltd,kiambu,2,15,0,0
2024-03-31,PRD014,DAP Fertiliser 50kg,Fertilisers,Agrovet,bag,76.0,,3,11,49,3800,4500.0,MEA Fertilisers,Nairob,7,5,0,1
2024-08-13,PRD012,Dettol Antiseptic 100ml,Antiseptics,Pharmacy,Bottle,15.0,14.0,2,0,0,145,200.0,Reckitt Kenya,NAIROBI,3,20,0,0
2025-04-29,PRD008,Royco Mchuzi Mix 75g,Seasonings,Mini Supermarkt,Pack,86.0,40.0,1,0,45,42,55.0,Unilever Kenya,nairobi,3,35,0,0
2024-04-20,PRD002,Pembe Unga 1kg,Flour & Grains,Mini Supermarket,BAG,21.0,6.0,3,0,12,78,95.0,Unga Ltd Nairobi,NAIROBI,3,25,0,1
2025-02-14,PRD004,KCC Butter 250g,Dairy,Mini Supermarket,piece,88.0,15.0,2,50,121,210,260.0,Brookside Dairy Ltd,Kiambu,2,15,0,0
2025-02-24,PRD013,Malaria RDT Kit,Diagnostics,Pharmacy,pcs,23.0,18.0,3,0,2,120,200.0,Medipharm Ltd,Nairobi ,4,25,0,0
2024-05-14,PRD011,ORS Sachets x6,Rehydration,Pharmacy,Pack,39.0,39.0,1,0,0,35,60.0,Dawa Ltd,NAIROBI,2,50,0,0
2025-11-05,PRD006,Salit Sugar 1kg,Sugar & Spices,Mini Supermarket,Bag ,116.0,35.0,3,0,78,135,160.0,Mumias Sugar Distributor,Kisumu,5,30,0,0
2025-02-08,PRD012,Dettol Antiseptic 100ml,Antiseptics,Pharmacy,Bottle,-34.0,-6.0,0,0,28,145,200.0,Reckitt Kenya,NAIROBI,3,20,0,1
2024-09-23,PRD015,CAN Fertiliser 50kg,Fertilisers,Agrovet,BAG,90.0,23.0,1,0,66,3200,3900.0,MEA Fertilisers,NAIROBI,7,5,0,0
2026-01-22,PRD007,Omo Washing Powder 1kg,Detergents,Mini Supermarket,pack,94.0,25.0,3,0,66,295,398.25,Bidco Africa Mombasa Rd,Nairob,3,12,0,0
2025-01-14,PRD016,Maize Seed 2kg,Seeds,Agrovet,PACK,79.0,6.0,0,0,73,380,520.0,Kenya Seed Company,Nakurru,5,15,0,0
2024-02-16,PRD015,CAN Fertiliser 50kg,Fertilisers,Agrovet,Bag,67.0,33.0,2,50,82,3200,3900.0,,NAIROBI,7,5,0,0
2024-06-24,PRD008,Royco Mchuzi Mix 75g,seasonings,Mini Supermarket,pck,24.0,2.0,3,0,19,42,55.0,Unilever Kenya,nairobi,3,35,0,0
2024-01-22,PRD010,Amoxicillin 250mg x6,Antibiotics,Pharmacy,Strips,-39.0,27.0,3,43,52,55,90.0,Cosmos Pharmaceuticals,NAIROBI,3,40,0,0
2024-01-21,PRD006,Salit Sugar 1kg,Sugar & Spices,Mini Supermarket,Bag ,119.0,10.0,3,0,106,135,160.0,Mumias Sugar Distributor,Kisumu,5,30,0,1
2026-03-17,PRD003,Brookside Milk 500ml,Dairy,Mini Supermarket,piece,104.0,7.0,1,0,96,55,70.0,Brookside Dairy Ltd,Kiambu ,2,40,0,0
2026-01-05,PRD004,KCC Butter 250g,dairy,Mini Supermarket,piece,64.0,28.0,0,0,36,210,260.0,Brookside Dairy Ltd,kiambu,2,15,0,0
2026-02-17,PRD017,Newcastle Vaccine 100dos,Veterinary,Agrovet,VIAL,65.0,9.0,3,0,53,250,400.0,Interchemie Kenya,Nairob,4,10,0,0
2024-05-01,PRD007,Omo Washing Powder 1kg,Detergents,Mini Supermarket,pack,21.0,1.0,3,55,72,295,398.25,Bidco Africa Mombasa Rd,Nairob,3,12,0,0
2024-03-21,PRD013,Malaria RDT Kit,Diagnostics,Pharmacy,PCS,103.0,8.0,3,0,92,120,200.0,Medipharm Ltd,Nairobi ,4,25,0,0
2024-11-22,PRD009,Paracetamol 500mg x10,Analgesics,Pharmacy,Strips,108.0,12.0,2,0,94,18,30.0,Shelys Pharmaceuticals,Nairobi ,2,60,0,0
2026-03-13,PRD019,Infinix Charger 33W,Accessories,Electronics,PCS,73.0,1.0,3,0,69,380,650.0,Luthuli Ave Wholesale,NAIROBI,2,10,0,0
2026-01-19,PRD020,Earphones Generic,Accessories,Electronics,PCS,101.0,27.0,1,0,91,150,300.0,,nairobi,2,12,0,0
2026-01-02,PRD002,Pembe Unga 1kg,Flour & Grains,Mini Supermarket,BAG,48.0,40.0,3,0,5,78,95.0,Unga Ltd Nairobi,NAIROBI,3,25,0,0
2025-02-27,PRD016,Maize Seed 2kg,Seeds,Agrovet,PACK,38.0,38.0,0,0,15,380,520.0,Kenya Seed Company,Nakurru,5,15,0,0
2026-02-28,PRD013,Malaria RDT Kit,Diagnostics,Pharmacy,PCS,114.0,5.0,3,0,106,120,200.0,Medipharm Ltd,Nairobi ,4,25,0,1
2025-02-02,PRD015,  CAN Fertiliser 50kg  ,Fertilisers,Agrovett,BAG,-79.0,8.0,1,0,70,3200,,MEA Fertilisers,NAIROBI,7,5,0,1
2025-05-08,PRD014,  DAP Fertiliser 50kg  ,Fertilisers,Agrovet,BAG,,15.0,1,64,158,3800,4500.0,MEA Fertilisers,Nairob,7,5,0,0
2024-08-03,PRD011,ORS Sachets x6,Rehydration,Pharmacy,Pack,22.0,0.0,0,0,22,35,60.0,Dawa Ltd,nairobi,2,50,0,1
2025-06-30,PRD002,Pembe Unga 1kg,Flour & Grains,Mini Supermarket,BAG,17.0,5.0,3,0,9,78,95.0,Unga Ltd Nairobi,NAIROBI,3,25,0,0
2025-05-11,PRD008,Royco Mchuzi Mix 75g,Seasonings,mini supermarket,Pack,23.0,17.0,2,0,4,42,55.0,Unilever Kenya,nairobi,3,35,0,1
2024-01-05,PRD020,Earphones Generic,Accessories,Electronics,pcs,117.0,16.0,1,0,100,150,300.0,,NAIROBI,2,12,0,0
02-Nov-2024,PRD006,Salit Sugar 1kg,Sugar & Spices,Mini Supermarket,Bag ,110.0,37.0,0,0,73,135,160.0,Mumias Sugar Distributor,Kisumu,5,30,0,1
2024-10-28,PRD015,CAN Fertiliser 50kg,Fertilisers,Agrovet,bag,29.0,20.0,2,3,10,3200,3900.0,MEA Fertilisers,NAIROBI,7,5,0,0
2025-04-21,PRD004,KCC Butter 250g,Dairy,Mini Supermarket,pcs,88.0,19.0,1,0,68,210,260.0,   ,kiambu,2,15,0,0
2025-07-16,PRD003,Brookside Milk 500ml,Dairy,Mini Supermarket,piece,16.0,12.0,2,0,2,55,70.0,   ,Kiambu ,2,40,0,0
2024-07-28,PRD007,Omo Washing Powder 1kg,Detergents,Mini Supermarket,pack,103.0,28.0,0,0,75,295,398.25,Bidco Africa Mombasa Rd,,3,12,0,1
2026-04-09,PRD017,Newcastle Vaccine 100dos,Veterinary,Agrovet,VIAL,62.0,-11.0,3,32,80,250,400.0,Interchemie Kenya,Nairob,4,10,0,0
2025-01-04,PRD018,Drenching Gun Dewormer,Veterinary,Agrovet,Bottle,70.0,39.0,2,0,29,480,650.0,Interchemie Kenya,nairobi,4,8,0,1
2026-04-07,PRD013,Malaria RDT Kit,Diagnostics,PHARMACY,Pcs,74.0,10.0,2,0,62,120,200.0,Medipharm Ltd,Nairobi ,4,25,0,0
2025-12-11,PRD013,Malaria RDT Kit,Diagnostics,Pharmacy,PCS,29.0,22.0,1,0,6,120,200.0,Medipharm Ltd,Nairobi ,4,25,0,0
2024-12-15,PRD015,CAN Fertiliser 50kg,Fertilisers,Agrovet,BAG,5.0,0.0,2,60,63,3200,3900.0,MEA Fertilisers,NAIROBI,7,5,0,1
2024-11-17,PRD010,Amoxicillin 250mg x6,Antibiotics,Pharmacy,Strips,52.0,31.0,3,0,18,55,90.0,Cosmos Pharmaceuticals,NAIROBI,3,40,0,1
2026-03-08,PRD018,Drenching Gun Dewormer,Veterinary,Agrovet,bottle,88.0,16.0,2,54,124,480,650.0,Interchemie Kenya,nairobi,4,8,0,1
2025-03-09,PRD008,Royco Mchuzi Mix 75g,Seasonings,Mini Supermarket,Pack,44.0,21.0,1,72,94,42,55.0,Unilever Kenya,nairobi,3,35,0,1
2024-08-21,PRD003,Brookside Milk 500ml,Dairy,Mini Supermarket,piece,33.0,9.0,0,0,24,55,70.0,Brookside Dairy Ltd,Kiambu ,2,40,0,0
2025-07-01,PRD018,Drenching Gun Dewormer,Veterinary,Agrovet,Bottle,116.0,20.0,3,47,147,480,650.0,Interchemie Kenya,nairobi,4,8,0,0
2025-12-04,PRD015,CAN Fertiliser 50kg,Fertilisers,Agrovet,BAG,92.0,23.0,0,0,69,3200,3900.0,MEA Fertilisers,NAIROBI,7,5,0,0
2026-03-17,PRD013,Malaria RDT Kit,Diagnostics,Pharmacy,PCS,112.0,14.0,0,0,98,120,200.0,,Nairobi ,4,25,0,0
2025-01-01,PRD016,Maize Seed 2kg,Seeds,Agrovet,PACK,,0.0,2,0,42,380,520.0,Kenya Seed Company,Nakurru,5,15,0,0
2026-01-12,PRD014,DAP Fertiliser 50kg,Fertilisers,Agrovet,bag,65.0,,1,45,89,3800,4500.0,MEA Fertilisers,Nairob,7,5,0,0
2024-05-21,PRD019,Infinix Charger 33W,Accessories,Electronics,PCS,62.0,20.0,0,0,42,380,650.0,Luthuli Ave Wholesale,NAIROBI,2,10,0,0
2025-04-17,PRD004,KCC Butter 250g,Dairy,Mini Supermarket,piece,41.0,36.0,2,0,3,210,,Brookside Dairy Ltd,kiambu,2,15,0,0
2025-02-14,PRD015,CAN Fertiliser 50kg,Fertilisers,Agrovet,BAG,14.0,0.0,1,0,13,3200,3900.0,MEA Fertilisers,NAIROBI,7,5,0,0
2026-04-16,PRD006,Salit Sugar 1kg,Sugar & Spices,Mini Supermarket,Bag ,33.0,29.0,2,0,2,135,160.0,Mumias Sugar Distributor,Kisumu,5,30,0,0
2024-03-09,PRD004,KCC Butter 250g,Dairy,Mini Supermarket,piece,51.0,9.0,1,0,41,210,260.0,Brookside Dairy Ltd,KIAMBU,2,15,0,1
2024-01-17,PRD002,Pembe Unga 1kg,Flour & Grains,Mini Supermarket,BAG,120.0,11.0,2,0,107,78,95.0,Unga Ltd Nairobi,NAIROBI,3,25,0,0
2025-03-27,PRD001,Unga Jogoo 2kg,Flour & Grains,MINI SUPERMARKET,bag,10.0,1.0,2,0,7,145,175.0,Unga Ltd Nairobi,Nairobi ,3,30,0,0
2025-12-09,PRD019,Infinix Charger 33W,Accessories,Electronics,PCS,65.0,19.0,3,0,43,380,650.0,Luthuli Ave Wholesale,NAIROBI,2,10,0,0
2025-01-08,PRD016,Maize Seed 2kg,Seeds,Agrovet,PACK,60.0,22.0,3,0,35,380,520.0,Kenya Seed Company,Nakurru,5,15,0,0
2025-03-20,PRD016,Maize Seed 2kg,Seeds,Agrovet,PACK,36.0,16.0,2,0,18,380,520.0,Kenya Seed Company,Nakurru,5,15,0,0
2024-06-20,PRD011,ORS Sachets x6,Rehydration,Pharmacy,pck,43.0,16.0,0,0,27,35,60.0,Dawa Ltd,nairobi,2,50,0,0
2025-03-06,PRD008,Royco Mchuzi Mix 75g,Seasonings,Mini Supermarket,Pack,101.0,33.0,0,0,68,42,,Unilever Kenya,nairobi,3,35,0,0
2024-09-29,PRD007,Omo Washing Powder 1kg,Detergents,Mini Supermarket,pack,108.0,16.0,2,0,90,295,398.25,   ,Nairob,3,12,0,1
2025-04-05,PRD007,Omo Washing Powder 1kg,Detergents,Mini Supermarket,pack,-96.0,32.0,3,0,61,295,398.25,Bidco Africa Mombasa Rd,Nairob,3,12,0,1
2024-02-18,PRD008,Royco Mchuzi Mix 75g,Seasonings,Mini Supermarket,Packs,101.0,,3,0,62,42,1642.0064439108123,Unilever Kenya,nairobi,3,35,0,1
2026-01-12,PRD009,Paracetamol 500mg x10,Analgesics,Pharmacy,Strips,39.0,11.0,3,0,25,18,30.0,Shelys Pharmaceuticals,Nairobi ,2,60,0,0
2026-03-23,PRD002,Pembe Unga 1kg,Flour & Grains,Mini Supermarket,BAG,13.0,13.0,1,0,0,78,95.0,Unga Ltd Nairobi,NAIROBI,3,25,0,0
2024-05-01,PRD015,CAN Fertiliser 50kg,Fertilisers,Agrovet,BAG,71.0,29.0,0,0,42,3200,3900.0,MEA Fertilisers,NAIROBI,7,5,0,0
2025-09-22,PRD013,Malaria RDT Kit,Diagnostics,Pharmacy,PCS,20.0,18.0,3,0,0,120,5970.932523312044,Medipharm Ltd,Nairobi ,4,25,0,0
2024-12-21,PRD016,Maize Seed 2kg,Seeds,Agrovet,PACK,116.0,37.0,0,0,79,380,520.0,Kenya Seed Company,Nakurru,5,15,0,1
2024-03-10,PRD012,Dettol Antiseptic 100ml,Antiseptics,Pharmacy,Bottle,47.0,7.0,3,0,37,145,200.0,Reckitt Kenya,NAIROBI,3,20,0,1
2024-05-16,PRD010,Amoxicillin 250mg x6,Antibiotics,Pharmacy,Strips,42.0,16.0,3,22,45,55,90.0,Cosmos Pharmaceuticals,NAIROBI,3,40,0,0
2024-07-29,PRD002,Pembe Unga 1kg,Flour & Grains,Mini Supermarket,Bag,6.0,4.0,0,44,46,78,95.0,Unga Ltd Nairobi,Nairobi,3,25,0,0
2025-10-14,PRD008,Royco Mchuzi Mix 75g,Seasonings,Mini Supermarket,Pack,18.0,,0,0,11,42,55.0,Unilever Kenya,nairobi,3,35,0,0
2024-02-14,PRD003,Brookside Milk 500ml,Dairy,Mini Supermarket,piece,60.0,6.0,2,0,52,55,70.0,Brookside Dairy Ltd,Kiambu ,2,40,0,0
2025-04-18,PRD018,Drenching Gun Dewormer,Veterinary,Agrovet,Bottle,38.0,14.0,2,0,22,480,650.0,Interchemie Kenya,nairobi,4,8,0,0
2025-02-06,PRD004,KCC Butter 250g,Dairy,Mini Supermarket,piece,90.0,6.0,3,0,81,210,260.0,Brookside Dairy Ltd,kiambu,2,15,0,0
2026-02-05,PRD006,Salit Sugar 1kg,Sugar & Spices,Mini Supermarket,Bag ,115.0,6.0,2,0,107,135,160.0,Mumias Sugar Distributor,Kisumu,5,30,0,0
2024-06-18,PRD013,Malaria RDT Kit,Diagnostics,Pharmacy,PCS,55.0,11.0,3,0,41,120,200.0,   ,Nairobi ,4,25,0,0
2024-06-10,PRD010,Amoxicillin 250mg x6,Antibiotics,Pharmacy,Strips,120.0,38.0,0,0,82,55,,Cosmos Pharmaceuticals,NAIROBI,3,40,0,0
2025-01-27,PRD006,Salit Sugar 1kg,Sugar & Spices,Mini Supermarket,Bag,120.0,29.0,1,0,90,135,160.0,Mumias Sugar Distributor,kisumu,5,30,0,0
2025-09-08,PRD012,Dettol Antiseptic 100ml,ANTISEPTICS,Pharmacy,Bottle,104.0,,1,0,92,145,200.0,Reckitt Kenya,NAIROBI,3,20,0,0
2025-09-26,PRD011,ORS Sachets x6,Rehydration,Pharmacy,Pack,13.0,8.0,1,0,4,35,60.0,Dawa Ltd,,2,50,0,0
2026-03-09,PRD012,  Dettol Antiseptic 100ml  ,Antiseptics,Pharmacy,bottle,8.0,1.0,0,0,16,145,200.0,   ,NAIROBI,3,20,0,0
2025-04-04,PRD013,Malaria RDT Kit,Diagnostics,Pharmacy,PCS,92.0,,3,0,48,120,200.0,Medipharm Ltd,Nairobi ,4,25,0,0
2024-11-26,PRD012,Dettol Antiseptic 100ml,Antiseptics,Pharmacy,Bottle,46.0,24.0,2,32,52,145,200.0,Reckitt Kenya,NAIROBI,3,20,0,0
2024-10-13,PRD017,Newcastle Vaccine 100dos,Veterinary,Agrovet,VIAL,108.0,34.0,2,0,72,250,400.0,Interchemie Kenya,Nairob,4,10,1,1
2024-09-24,PRD008,Royco Mchuzi Mix 75g,seasonings,Mini Supermarket,Pack,23.0,8.0,0,0,15,42,55.0,Unilever Kenya,nairobi,3,35,0,0
2024-03-02,PRD008,Royco Mchuzi Mix 75g,Seasonings,Mini Supermarket,Pack,75.0,34.0,2,0,39,42,55.0,Unilever Kenya,nairobi,3,35,0,1
2026-02-08,PRD017,Newcastle Vaccine 100dos,Veterinary,Agrovet,VIAL,106.0,17.0,1,0,88,250,400.0,Interchemie Kenya,Nairob,4,10,0,1
2024-01-23,PRD011,  ORS Sachets x6  ,Rehydration,Pharmacy,Packs,-104.0,2.0,0,0,102,35,60.0,Dawa Ltd,nairobi,2,50,0,0
2024-12-02,PRD002,Pembe Unga 1kg,Flour & Grains,Mini Supermarket,BAG,53.0,5.0,3,0,45,78,95.0,Unga Ltd Nairobi,NAIROBI,3,25,0,0
2026-02-08,PRD015,CAN Fertiliser 50kg,Fertilisers,Agrovet,BAG,120.0,5.0,3,42,154,3200,3900.0,MEA Fertilisers,NAIROBI,7,5,0,1
2025-07-20,PRD006,Salit Sugar 1kg,Sugar & Spices,Mini Supermarket,Bag ,94.0,9.0,0,22,101,135,160.0,Mumias Sugar Distributor,kisumu,5,30,1,1
2024-04-29,PRD012,Dettol Antiseptic 100ml,Antiseptics,Pharmacy,bottle,43.0,,0,73,101,145,200.0,Reckitt Kenya,NAIROBI,3,20,0,0
2025-09-19,PRD003,Brookside Milk 500ml,Dairy,Mini Supermarket,piece,30.0,4.0,2,0,24,55,70.0,Brookside Dairy Ltd,Kiambu ,2,40,0,0
2025-06-14,PRD011,ORS Sachets x6,Rehydration,Pharmacy,Pack,101.0,38.0,2,0,48,35,60.0,Dawa Ltd,,2,50,0,1
2024-03-23,PRD002,Pembe Unga 1kg,Flour & Grains,Mini Supermarket,BAG,23.0,21.0,1,0,1,78,95.0,Unga Ltd Nairobi,NAIROBI,3,25,0,1
2025-06-09,PRD016,Maize Seed 2kg,Seeds,Agrovet,PACK,76.0,10.0,3,0,63,380,520.0,Kenya Seed Company,Nakurru,5,15,0,0
2026-02-08,PRD006,Salit Sugar 1kg,Sugar & Spices,Mini Supermarket,Bag ,78.0,3.0,2,0,73,135,160.0,Mumias Sugar Distributor,Kisumu,5,30,0,1
2025-05-31,PRD018,Drenching Gun Dewormer,Veterinary,Agrovet,Bottle,99.0,21.0,0,80,158,480,650.0,Interchemie Kenya,nairobi,4,8,0,1
27-11-2025,PRD015,CAN Fertiliser 50kg,Fertilisers,Agrovet,Bag,,22.0,1,0,27,3200,3900.0,MEA Fertilisers,NAIROBI,7,5,0,0
2024-03-24,PRD011,ORS Sachets x6,Rehydration,Pharmacy,Pack,22.0,12.0,1,0,9,35,60.0,Dawa Ltd,NAIROBI,2,50,0,1
2025-01-16,PRD018,Drenching Gun Dewormer,Veterinary,Agrovet,Bottle,,12.0,2,35,77,480,,Interchemie Kenya,nairobi,4,8,0,0
2025-09-19,PRD012,  Dettol Antiseptic 100ml  ,Antiseptics,Pharmacy,Bottle,72.0,25.0,3,0,44,145,200.0,Reckitt Kenya,NAIROBI,3,20,0,0
18/02/2026,PRD020,Earphones Generic,Accessories,Electronics,PCS,104.0,2.0,0,0,102,150,300.0,,NAIROBI,2,12,0,0
2024-11-27,PRD005,Elianto Cooking Oil 1L,Oils & Fats,Mini Supermarket,btl,33.0,16.0,0,0,17,230,280.0,Kapa Oil Refineries,Nairobi,4,20,0,0
2024-01-05,PRD013,Malaria RDT Kit,Diagnostics,Pharmacy,PCS,117.0,19.0,1,72,169,120,200.0,,Nairobi ,4,25,0,0
2025-03-14,PRD019,Infinix Charger 33W,Accessories,Electronics,pcs,87.0,30.0,3,32,86,380,650.0,Luthuli Ave Wholesale,NAIROBI,2,10,0,0
2025-06-18,PRD017,Newcastle Vaccine 100dos,Veterinary,Agrovet,VIAL,81.0,23.0,3,0,55,250,,Interchemie Kenya,,4,10,0,0
2024-04-20,PRD012,Dettol Antiseptic 100ml,Antiseptics,Pharmacy,Bottle,70.0,3.0,2,0,65,145,200.0,Reckitt Kenya,NAIROBI,3,20,0,1
2025-03-05,PRD007,Omo Washing Powder 1kg,Detergents,Mini Supermarket,pack,50.0,35.0,0,0,15,295,398.25,   ,Nairob,3,12,0,0
2024-05-16,PRD018,Drenching Gun Dewormer,Veterinary,Agrovet,Bottle,17.0,8.0,1,0,8,480,650.0,Interchemie Kenya,nairobi,4,8,0,0
2025-01-19,PRD002,Pembe Unga 1kg,Flour & Grains,Mini Supermarket,BAG,76.0,17.0,0,0,59,78,95.0,Unga Ltd Nairobi,NAIROBI,3,25,0,1
2024-02-09,PRD010,Amoxicillin 250mg x6,Antibiotics,Pharmacy,Strips,111.0,31.0,3,0,77,55,90.0,Cosmos Pharmaceuticals,NAIROBI,3,40,0,0
2024-10-18,PRD013,Malaria RDT Kit,Diagnostics,Pharmcy,Pcs,-109.0,24.0,2,0,83,120,200.0,Medipharm Ltd,Nairobi ,4,25,0,0
2025-08-12,PRD013,Malaria RDT Kit,Diagnostics,Pharmacy,PCS,96.0,8.0,1,0,87,120,200.0,Medipharm Ltd,Nairobi ,4,25,0,0
2025-02-06,PRD016,Maize Seed 2kg,Seeds,Agrovet,PACK,18.0,14.0,3,0,12,380,520.0,Kenya Seed Company,Nakurru,5,15,0,0
2025-08-13,PRD018,Drenching Gun Dewormer,Veterinary,Agrovet,Bottle,29.0,5.0,1,5,28,480,650.0,Interchemie Kenya,nairobi,4,8,0,0
2025-03-09,PRD017,Newcastle Vaccine 100dos,Veterinary,Agrovet,VIAL,106.0,31.0,3,0,72,250,11941.865046624089,Interchemie Kenya,Nairob,4,10,0,1
2026-03-30,PRD019,Infinix Charger 33W,Accessories,Electronics,PCS,,34.0,3,0,32,380,650.0,Luthuli Ave Wholesale,NAIROBI,2,10,0,0
2025-08-20,PRD016,Maize Seed 2kg,Seeds,Agrovet,PACK,50.0,20.0,3,0,27,380,520.0,,Nakurru,5,15,0,0
2024-10-11,PRD004,KCC Butter 250g,Dairy,Mini Supermarket,piece,70.0,33.0,0,0,37,210,260.0,Brookside Dairy Ltd,kiambu,2,15,0,0
2025-11-18,PRD011,  ORS Sachets x6  ,Rehydration,Pharmacy,Pack,5.0,5.0,0,0,0,35,60.0,Dawa Ltd,nairobi,2,50,0,0
2025-10-05,PRD011,ORS Sachets x6,Rehydration,Pharmacy,Pack,16.0,3.0,0,0,13,35,60.0,Dawa Ltd,nairobi,2,50,0,1
2026-01-04,PRD011,ORS Sachets x6,Rehydration,Pharmacy,Pack,11.0,2.0,0,0,9,35,60.0,Dawa Ltd,nairobi,2,50,0,1
"Jun 02, 2024",PRD001,Unga Jogoo 2kg,Flour & Grains,Mini Supermarket,bag,75.0,5.0,2,44,112,145,175.0,Unga Ltd Nairobi,Nairobi ,3,30,0,1
2025-01-11,PRD009,Paracetamol 500mg x10,Analgesics,Pharmacy,Strips,114.0,26.0,1,58,145,18,30.0,Shelys Pharmaceuticals,Nairobi ,2,60,0,1
2024-09-12,PRD005,Elianto Cooking Oil 1L,Oils & Fats,Mini Supermarket,btl,,21.0,1,0,80,230,280.0,Kapa Oil Refineries,Nairobi,4,20,0,0
2025-03-17,PRD010,Amoxicillin 250mg x6,Antibiotics,Pharmacy,Strips,77.0,5.0,3,11,80,55,90.0,Cosmos Pharmaceuticals,NAIROBI,3,40,0,0
2025-12-01,PRD003,Brookside Milk 500ml,Dairy,Mini Supermarket,piece,13.0,0.0,0,0,13,55,70.0,Brookside Dairy Ltd,Kiambu ,2,40,0,0
"Jan 16, 2025",PRD007,Omo Washing Powder 1kg,Detergents,Mini Supermarket,pack,59.0,38.0,2,0,19,295,398.25,Bidco Africa Mombasa Rd,Nairob,3,12,0,0
2024-11-16,PRD007,  Omo Washing Powder 1kg  ,Detergents,Mini Supermarket,PACK,36.0,27.0,1,0,8,295,398.25,,Nairob,3,12,0,1
2025-05-23,PRD015,CAN Fertiliser 50kg,FERTILISERS,Agrovet,BAG,102.0,40.0,0,0,62,3200,3900.0,MEA Fertilisers,NAIROBI,7,5,0,0
2026-03-21,PRD009,Paracetamol 500mg x10,Analgesics,Pharmacy,Strips,,6.0,2,0,61,18,30.0,Shelys Pharmaceuticals,Nairobi ,2,60,0,1
2024-01-31,PRD005,Elianto Cooking Oil 1L,Oils & Fats,Mini Supermarket,BOTTLE,56.0,35.0,0,0,21,230,,Kapa Oil Refineries,Nairobi,4,20,0,0
2025-11-07,PRD011,ORS Sachets x6,Rehydration,Pharmacy,Pack,84.0,13.0,3,0,68,35,60.0,Dawa Ltd,nairobi,2,50,0,0
2024-11-14,PRD008,Royco Mchuzi Mix 75g,Seasonings,Mini Supermarket,Pack,103.0,8.0,2,40,133,42,55.0,Unilever Kenya,nairobi,3,35,0,0
2025-08-21,PRD014,DAP Fertiliser 50kg,Fertilisers,Agrovet,bag,48.0,5.0,2,0,41,3800,,MEA Fertilisers,Nairob,7,5,0,0
2025-10-05,PRD013,Malaria RDT Kit,Diagnostics,Pharmacy,PCS,55.0,,1,0,51,120,200.0,Medipharm Ltd,NAIROBI ,4,25,0,1
2024-10-08,PRD012,Dettol Antiseptic 100ml,Antiseptics,Pharmacy,BOTTLE,97.0,27.0,0,0,70,145,200.0,Reckitt Kenya,NAIROBI,3,20,0,0
2024-03-25,PRD016,Maize Seed 2kg,Seeds,Agrovet,PACK,64.0,6.0,3,0,72,380,,Kenya Seed Company,Nakurru,5,15,0,0
2025-06-01,PRD004,KCC Butter 250g,Dairy,Mini Supermarket,piece,85.0,33.0,1,0,51,210,260.0,Brookside Dairy Ltd,kiambu,2,15,0,1
2024-03-28,PRD012,Dettol Antiseptic 100ml,Antiseptics,Pharmcy,Bottle,35.0,12.0,2,0,21,145,200.0,Reckitt Kenya,NAIROBI,3,20,0,0
2024-04-13,PRD012,  Dettol Antiseptic 100ml  ,Antiseptics,Pharmacy,Bottle,6.0,-2.0,2,72,74,145,200.0,Reckitt Kenya,NAIROBI,3,20,0,1
2025-08-12,PRD017,Newcastle Vaccine 100dos,Veterinary,Agrovet,VIAL,80.0,26.0,0,0,54,250,400.0,Interchemie Kenya,Nairob,4,10,0,0
2024-12-12,PRD008,Royco Mchuzi Mix 75g,Seasonings,Mini Sup.,Pack,66.0,17.0,0,0,49,42,55.0,Unilever Kenya,nairobi,3,35,0,0
2025-03-14,PRD003,Brookside Milk 500ml,dairy,Mini Supermarket,piece,67.0,16.0,0,0,51,55,70.0,Brookside Dairy Ltd,Kiambu ,2,40,0,0
2024-06-10,PRD005,Elianto Cooking Oil 1L,Oils & Fats,Mini Supermarkt,Btl,83.0,38.0,0,0,45,230,280.0,Kapa Oil Refineries,Nairobi,4,20,0,0
2024-08-22,PRD002,Pembe Unga 1kg,Flour & Grains,Mini Supermarket,BAG,103.0,8.0,3,47,139,78,95.0,Unga Ltd Nairobi,NAIROBI,3,25,0,0
2024-04-14,PRD004,KCC Butter 250g,Dairy,mini supermarket,piece,83.0,38.0,0,0,45,210,260.0,Brookside Dairy Ltd,kiambu,2,15,0,1
2024-07-25,PRD004,KCC Butter 250g,Dairy,Mini Supermarket,piece,66.0,9.0,3,0,54,210,260.0,Brookside Dairy Ltd,kiambu,2,15,0,0
2025-12-30,PRD005,Elianto Cooking Oil 1L,Oils & Fats,Mini Supermarket,btl,15.0,10.0,2,0,3,230,280.0,Kapa Oil Refineries,Nairobi,4,20,0,0
2025-10-05,PRD011,ORS Sachets x6,Rehydration,Pharmacy,Pack,16.0,3.0,0,0,13,35,60.0,Dawa Ltd,nairobi,2,50,0,1
2024-06-19,PRD009,Paracetamol 500mg x10,Analgesics,Pharmacy,Strips,30.0,4.0,1,0,25,18,30.0,Shelys Pharmaceuticals,Nairobi ,2,60,0,0
2024-08-03,PRD019,Infinix Charger 33W,Accessories,Electronics,PCS,62.0,24.0,2,54,90,380,650.0,Luthuli Ave Wholesale,NAIROBI,2,10,0,1
2025-04-15,PRD004,KCC Butter 250g,Dairy,Mini Supermarket,piece,12.0,1.0,0,0,11,210,260.0,Brookside Dairy Ltd,,2,15,0,0
2024-08-10,PRD003,Brookside Milk 500ml,Dairy,Mini Supermarket,piece,81.0,40.0,0,0,41,55,70.0,Brookside Dairy Ltd,,2,40,0,1
2025-02-20,PRD002,Pembe Unga 1kg,Flour & Grains,MINI SUPERMARKET,BAG,92.0,32.0,3,0,57,78,2836.192948573221,Unga Ltd Nairobi,NAIROBI,3,25,0,0
2024-02-06,PRD008,Royco Mchuzi Mix 75g,Seasonings,Mini Supermarket,Pack,42.0,1.0,3,0,38,42,55.0,Unilever Kenya,nairobi,3,35,0,0
2024-06-27,PRD010,Amoxicillin 250mg x6,ANTIBIOTICS,Pharmacy,Strips,84.0,31.0,1,0,52,55,90.0,Cosmos Pharmaceuticals,NAIROBI,3,40,0,0
2025-10-24,PRD006,Salit Sugar 1kg,Sugar & Spices,Mini Supermarket,Bag ,25.0,,1,0,13,135,160.0,Mumias Sugar Distributor,Kisumu,5,30,0,0
2024-03-10,PRD003,Brookside Milk 500ml,Dairy,Mini Supermarket,piece,67.0,36.0,2,0,29,55,70.0,Brookside Dairy Ltd,Kiambu ,2,40,1,1
2025-03-19,PRD002,Pembe Unga 1kg,Flour & Grains,Mini Supermarket,BAG,31.0,16.0,1,0,14,78,95.0,Unga Ltd Nairobi,NAIROBI,3,25,0,0
2025-11-03,PRD020,Earphones Generic,Accessories,Electronics,PCS,86.0,,0,14,73,150,300.0,,NAIROBI,2,12,0,0
2025-08-27,PRD012,Dettol Antiseptic 100ml,Antiseptics,Pharmacy,Bottle,48.0,2.0,2,0,44,145,200.0,Reckitt Kenya,NAIROBI,3,20,0,0
2024-10-15,PRD009,Paracetamol 500mg x10,Analgesics,Pharmacy,Strips,57.0,4.0,3,29,79,18,30.0,Shelys Pharmaceuticals,Nairobi ,2,60,0,0
2024-04-17,PRD009,Paracetamol 500mg x10,Analgesics,Pharmacy,Strips,-93.0,0.0,2,48,139,18,30.0,   ,Nairobi ,2,60,0,0
13-06-2025,PRD013,Malaria RDT Kit,Diagnostics,Pharmacy,PCS,19.0,8.0,1,71,81,120,200.0,Medipharm Ltd,Nairobi ,4,25,0,0
2025-08-18,PRD011,ORS Sachets x6,Rehydration,Pharamcy,Pack,113.0,21.0,0,1,93,35,60.0,Dawa Ltd,nairobi,2,50,0,0
2025-05-30,PRD005,Elianto Cooking Oil 1L,Oils & Fats,Mini Supermarket,btl,,12.0,2,0,23,230,280.0,Kapa Oil Refineries,Nairobi,4,20,0,0
2024-05-01,PRD009,Paracetamol 500mg x10,Analgesics,Pharmacy,Strips,55.0,35.0,2,0,18,18,30.0,Shelys Pharmaceuticals,Nairobi ,2,60,0,0
2025-04-11,PRD010,Amoxicillin 250mg x6,Antibiotics,Pharmacy,Strips,80.0,13.0,3,0,64,55,90.0,Cosmos Pharmaceuticals,NAIROBI,3,40,0,0
2024-06-04,PRD010,Amoxicillin 250mg x6,Antibiotics,Pharmacy,Strips,47.0,39.0,2,0,6,55,90.0,Cosmos Pharmaceuticals,NAIROBI,3,40,0,0
2024-01-31,PRD010,Amoxicillin 250mg x6,Antibiotics,Pharmacy,Strips,90.0,,1,0,83,55,90.0,Cosmos Pharmaceuticals,NAIROBI,3,40,0,0
2026-03-30,PRD012,Dettol Antiseptic 100ml,Antiseptics,Pharmacy,Bottle,80.0,31.0,2,0,47,145,200.0,Reckitt Kenya,NAIROBI,3,20,0,0
2025-07-14,PRD005,Elianto Cooking Oil 1L,Oils & Fats,Mini Supermarket,btl,37.0,31.0,3,0,-2,230,280.0,Kapa Oil Refineries,Nairobi,4,20,0,0
2026-03-19,PRD012,Dettol Antiseptic 100ml,Antiseptics,Pharmacy,Bottle,43.0,6.0,3,0,34,145,200.0,Reckitt Kenya,NAIROBI,3,20,0,0
2025-02-11,PRD010,Amoxicillin 250mg x6,Antibiotics,Pharmacy,Strips,12.0,8.0,0,0,4,55,90.0,Cosmos Pharmaceuticals,NAIROBI,3,40,0,0
2025-01-12,PRD019,Infinix Charger 33W,Accessories,Electronics,PCS,58.0,15.0,0,0,43,380,650.0,Luthuli Ave Wholesale,,2,10,0,1
02/23/2025,PRD017,  Newcastle Vaccine 100dos  ,Veterinary,Agrovet,VIAL,107.0,23.0,1,0,83,250,400.0,Interchemie Kenya,Nairob,4,10,0,1
27/12/2025,PRD001,Unga Jogoo 2kg,Flour & Grains,Mini Supermarket,bag,80.0,13.0,2,0,65,145,175.0,Unga Ltd Nairobi,Nairobi ,3,30,0,1
2024-07-30,PRD001,Unga Jogoo 2kg,Flour & Grains,Mini Supermarket,bag,95.0,29.0,3,28,91,145,175.0,Unga Ltd Nairobi,Nairobi ,3,30,0,0
2024-01-04,PRD007,Omo Washing Powder 1kg,Detergents,Mini Supermarket,pack,70.0,31.0,0,0,39,295,398.25,Bidco Africa Mombasa Rd,Nairob,3,12,0,0
2024-04-05,PRD018,Drenching Gun Dewormer,Veterinary,Agrovet,Bottle,45.0,7.0,1,0,34,480,650.0,Interchemie Kenya,nairobi,4,8,0,0
2026-03-12,PRD006,Salit Sugar 1kg,SUGAR & SPICES,Mini Supermarket,Bag ,80.0,18.0,1,0,61,135,160.0,Mumias Sugar Distributor,,5,30,0,0
2024-03-07,PRD009,Paracetamol 500mg x10,Analgesics,Pharmacy,Strips,14.0,11.0,0,53,56,18,30.0,Shelys Pharmaceuticals,Nairobi ,2,60,0,0
2024-04-16,PRD010,Amoxicillin 250mg x6,Antibiotics,Pharmacy,Strips,10.0,6.0,0,0,4,55,90.0,Cosmos Pharmaceuticals,NAIROBI,3,40,0,0
09/15/2024,PRD006,Salit Sugar 1kg,Sugar & Spices,Mini Supermarket,Bag ,56.0,15.0,0,3,44,135,160.0,Mumias Sugar Distributor,Kisumu,5,30,0,1
2025-12-16,PRD006,Salit Sugar 1kg,Sugar & Spices,Mini Supermarket,BAG,113.0,28.0,1,30,114,135,160.0,Mumias Sugar Distributor,Kisumu,5,30,0,0
2024-07-20,PRD009,Paracetamol 500mg x10,Analgesics,Pharmacy,Strips,89.0,30.0,3,0,56,18,30.0,Shelys Pharmaceuticals,Nairobi ,2,60,0,1
2025-02-16,PRD013,Malaria RDT Kit,Diagnostics,Pharmacy,PCS,,28.0,0,48,74,120,200.0,Medipharm Ltd,Nairobi ,4,25,0,1
2024-07-06,PRD007,Omo Washing Powder 1kg,Detergents,Mini Supermarket,pack,120.0,20.0,2,0,98,295,398.25,Bidco Africa Mombasa Rd,Nairob,3,12,0,1
2024-11-28,PRD018,Drenching Gun Dewormer,Veterinary,Agrovet,Bottle,44.0,3.0,1,0,40,480,650.0,Interchemie Kenya,nairobi,4,8,0,0
"Sep 20, 2025",PRD017,Newcastle Vaccine 100dos,Veterinary,Agrovet,VIAL,105.0,23.0,0,64,146,250,400.0,Interchemie Kenya,Nairob,4,10,0,1
2025-12-21,PRD019,Infinix Charger 33W,Accessories,Electronics,PCS,30.0,3.0,1,0,26,380,650.0,Luthuli Ave Wholesale,NAIROBI,2,10,0,1
03-04-2024,PRD015,CAN Fertiliser 50kg,Fertilisers,Agrovet,BAG,8.0,7.0,0,0,1,3200,3900.0,MEA Fertilisers,NAIROBI,7,5,0,0
06/06/2025,PRD007,Omo Washing Powder 1kg,Detergents,Mini Supermarket,pack,81.0,8.0,2,0,71,295,398.25,Bidco Africa Mombasa Rd,NAIROB,3,12,0,0
2025-09-11,PRD009,Paracetamol 500mg x10,Analgesics,Pharmacy,Strips,31.0,10.0,0,20,41,18,30.0,,Nairobi ,2,60,0,0
2026-03-18,PRD010,Amoxicillin 250mg x6,ANTIBIOTICS,Pharmacy,Strips,109.0,33.0,2,0,74,55,90.0,Cosmos Pharmaceuticals,NAIROBI,3,40,0,0
2026-02-01,PRD005,Elianto Cooking Oil 1L,Oils & Fats,MINI SUPERMARKET,Btl,52.0,38.0,1,0,13,230,280.0,Kapa Oil Refineries,Nairobi,4,20,0,1
2025-04-24,PRD012,Dettol Antiseptic 100ml,Antiseptics,Pharmacy,Bottle,108.0,40.0,0,0,68,145,200.0,Reckitt Kenya,NAIROBI,3,20,0,0
2025-03-13,PRD002,Pembe Unga 1kg,FLOUR & GRAINS,Mini Supermarket,Bags,31.0,10.0,0,0,12,78,95.0,Unga Ltd Nairobi,NAIROBI,3,25,0,0
2025-11-15,PRD003,  Brookside Milk 500ml  ,Dairy,Mini Supermarket,PCS,85.0,33.0,1,0,51,55,70.0,Brookside Dairy Ltd,Kiambu ,2,40,0,1
2025-12-27,PRD005,Elianto Cooking Oil 1L,Oils & Fats,MINI SUPERMARKET,btl,77.0,29.0,3,66,111,230,280.0,Kapa Oil Refineries,Nairobi,4,20,0,1
2024-10-21,PRD020,  Earphones Generic  ,Accessories,Electronics,PCS,33.0,27.0,0,0,6,150,300.0,,NAIROBI,2,12,0,0
2025-02-14,PRD009,  Paracetamol 500mg x10  ,Analgesics,Pharmacy,Strips,41.0,2.0,2,0,37,18,30.0,Shelys Pharmaceuticals,Nairobi ,2,60,0,0
2026-01-28,PRD015,CAN Fertiliser 50kg,Fertilisers,Agrovet,bag,76.0,16.0,1,0,59,3200,3900.0,MEA Fertilisers,NAIROBI,7,5,0,0
2025-03-14,PRD010,Amoxicillin 250mg x6,Antibiotics,Pharmacy,Strips,47.0,6.0,2,0,39,55,90.0,Cosmos Pharmaceuticals,NAIROBI,3,40,0,0
2025-08-01,PRD008,Royco Mchuzi Mix 75g,Seasonings,Mini Supermarket,Pack,28.0,18.0,1,0,9,42,55.0,Unilever Kenya,,3,35,0,0
2024-12-12,PRD005,Elianto Cooking Oil 1L,Oils & Fats,Mini Supermarket,btl,47.0,2.0,1,0,44,230,280.0,Kapa Oil Refineries,Nairobi,4,20,0,0
2026-02-27,PRD020,Earphones Generic,Accessories,Electronics,PCS,53.0,15.0,2,0,36,150,300.0,,NAIROBI,2,12,0,0
2026-03-09,PRD007,Omo Washing Powder 1kg,Detergents,Mini Supermarket,pack,49.0,35.0,3,52,63,295,398.25,Bidco Africa Mombasa Rd,Nairob,3,12,0,0
2024-04-16,PRD009,Paracetamol 500mg x10,Analgesics,Pharmacy,Strips,58.0,20.0,2,0,36,18,30.0,Shelys Pharmaceuticals,Nairobi ,2,60,0,0
2025-05-28,PRD009,Paracetamol 500mg x10,Analgesics,Pharmacy,Strips,28.0,-14.0,0,0,14,18,30.0,Shelys Pharmaceuticals,Nairobi ,2,60,0,0
2025-09-25,PRD011,ORS Sachets x6,Rehydration,Pharmacy,Pack,28.0,21.0,0,0,7,35,60.0,Dawa Ltd,nairobi,2,50,0,0
"Dec 04, 2025",PRD018,Drenching Gun Dewormer,Veterinary,agrovet,Bottle,72.0,7.0,3,0,62,480,650.0,Interchemie Kenya,nairobi,4,8,0,0
2024-03-22,PRD014,DAP Fertiliser 50kg,Fertilisers,agrovet,bag,95.0,3.0,1,0,91,3800,4500.0,MEA Fertilisers,Nairob,7,5,0,0
2024-11-12,PRD020,Earphones Generic,Accessories,Electronics,PCS,10.0,6.0,0,0,20,150,300.0,,NAIROBI,2,12,0,0
2024-09-11,PRD008,Royco Mchuzi Mix 75g,Seasonings,Mini Sup.,Pack,63.0,27.0,3,0,33,42,55.0,Unilever Kenya,NAIROBI,3,35,0,0
2024-10-25,PRD012,Dettol Antiseptic 100ml,Antiseptics,Pharmacy,Bottle,18.0,3.0,0,0,15,145,200.0,   ,NAIROBI,3,20,0,0
14/10/2025,PRD019,Infinix Charger 33W,Accessories,Electronics,PCS,72.0,22.0,3,0,47,380,,Luthuli Ave Wholesale,NAIROBI,2,10,0,0
2025-11-08,PRD001,Unga Jogoo 2kg,Flour & Grains,Mini Supermarket,bag,115.0,38.0,3,0,74,145,175.0,Unga Ltd Nairobi,Nairobi ,3,30,0,1
2026-01-05,PRD017,Newcastle Vaccine 100dos,Veterinary,Agrovet,VIAL,78.0,6.0,1,1,72,250,400.0,Interchemie Kenya,Nairob,4,10,0,0
2025-07-03,PRD010,Amoxicillin 250mg x6,Antibiotics,Pharmacy,Strips,116.0,37.0,1,0,78,55,,Cosmos Pharmaceuticals,NAIROBI,3,40,0,0
2024-03-22,PRD012,Dettol Antiseptic 100ml,Antiseptics,Pharmacy,Bottle,-97.0,7.0,0,0,90,145,200.0,Reckitt Kenya,NAIROBI,3,20,0,0
2025-03-14,PRD016,  Maize Seed 2kg  ,Seeds,Agrovet,PACK,114.0,29.0,2,0,83,380,520.0,Kenya Seed Company,Nakurru,5,15,0,0
2024-05-18,PRD017,Newcastle Vaccine 100dos,Veterinary,Agrovet,VIAL,28.0,3.0,3,0,22,250,400.0,Interchemie Kenya,Nairob,4,10,0,1
2025-04-14,PRD010,Amoxicillin 250mg x6,antibiotics,Pharmacy,Strips,7.0,3.0,1,0,-11,55,90.0,Cosmos Pharmaceuticals,NAIROBI,3,40,0,0
2024-03-18,PRD006,Salit Sugar 1kg,Sugar & Spices,Mini Supermarket,Bag ,92.0,38.0,0,0,54,135,160.0,Mumias Sugar Distributor,KISUMU,5,30,0,0
2025-07-06,PRD004,KCC Butter 250g,Dairy,Mini Supermarket,piece,25.0,2.0,2,0,21,210,,Brookside Dairy Ltd,kiambu,2,15,0,1
21-01-2024,PRD019,Infinix Charger 33W,Accessories,Electronics,pcs,103.0,37.0,0,0,66,380,650.0,Luthuli Ave Wholesale,,2,10,0,1
2024-08-14,PRD020,Earphones Generic,Accessories,Electronics,PCS,34.0,4.0,0,0,30,150,300.0,,NAIROBI,2,12,0,0
2025-11-02,PRD020,Earphones Generic,Accessories,Electronics,PCS,15.0,5.0,2,0,8,150,8956.398784968067,,NAIROBI,2,12,1,1
2024-07-17,PRD003,Brookside Milk 500ml,Dairy,Mini Supermarket,piece,62.0,29.0,0,0,33,55,70.0,Brookside Dairy Ltd,Kiambu ,2,40,0,0
2024-06-16,PRD017,Newcastle Vaccine 100dos,Veterinary,Agrovet,VIAL,41.0,5.0,3,0,33,250,,Interchemie Kenya,Nairob,4,10,0,1
2025-09-12,PRD008,  Royco Mchuzi Mix 75g  ,Seasonings,mini supermarket,Pack,11.0,3.0,3,32,37,42,55.0,Unilever Kenya,nairobi,3,35,0,0
2024-09-28,PRD017,Newcastle Vaccine 100dos,VETERINARY,Agrovet,VIAL,42.0,36.0,0,0,6,250,400.0,Interchemie Kenya,Nairob,4,10,0,1
2024-07-06,PRD010,Amoxicillin 250mg x6,Antibiotics,Pharmacy,Strips,46.0,38.0,1,0,7,55,90.0,Cosmos Pharmaceuticals,NAIROBI,3,40,0,1
2024-07-01,PRD002,Pembe Unga 1kg,Flour & Grains,Mini Supermarket,Bags,37.0,2.0,3,0,32,78,95.0,,NAIROBI,3,25,0,0
2024-02-04,PRD016,Maize Seed 2kg,Seeds,Agrovet,PACK,114.0,34.0,3,0,77,380,520.0,Kenya Seed Company,Nakurru,5,15,0,1
2026-04-28,PRD016,Maize Seed 2kg,Seeds,Agrovet,PACK,109.0,28.0,2,0,79,380,15524.424560611316,Kenya Seed Company,Nakurru,5,15,0,0
2024-10-26,PRD010,Amoxicillin 250mg x6,Antibiotics,Pharmacy,Strips,107.0,2.0,0,74,179,55,90.0,Cosmos Pharmaceuticals,NAIROBI,3,40,0,1
2024-06-09,PRD004,KCC Butter 250g,Dairy,Mini Supermarket,pcs,85.0,32.0,0,0,53,210,260.0,Brookside Dairy Ltd,kiambu,2,15,0,1
2026-01-04,PRD017,Newcastle Vaccine 100dos,Veterinary,Agrovet,VIAL,24.0,19.0,1,2,-13,250,400.0,Interchemie Kenya,Nairob,4,10,0,1
2025-08-16,PRD006,Salit Sugar 1kg,Sugar & Spices,Mini Supermarket,Bag ,88.0,37.0,1,23,73,135,,Mumias Sugar Distributor,Kisumu,5,30,0,1
2024-07-31,PRD007,Omo Washing Powder 1kg,Detergents,Mini Supermarket,pack,14.0,12.0,2,0,0,295,398.25,Bidco Africa Mombasa Rd,Nairob,3,12,0,0
2025-05-12,PRD019,Infinix Charger 33W,Accessories,Electronics,PCS,44.0,,2,0,41,380,19405.530700764146,Luthuli Ave Wholesale,NAIROBI,2,10,0,0
2024-04-11,PRD016,Maize Seed 2kg,Seeds,Agrovet,PACK,6.0,4.0,1,0,1,380,15524.424560611316,Kenya Seed Company,Nakurru,5,15,0,0
2024-05-02,PRD006,Salit Sugar 1kg,Sugar & Spices,Mini Supermarket,Bag,38.0,24.0,3,0,11,135,160.0,Mumias Sugar Distributor,Kisumu,5,30,0,0
2024-04-05,PRD009,Paracetamol 500mg x10,Analgesics,Pharmacy,Strips,115.0,31.0,2,0,82,18,30.0,   ,Nairobi ,2,60,0,0
2024-07-11,PRD020,Earphones Generic,Accessories,Electronics,PCS,101.0,,0,0,96,150,300.0,,NAIROBI,2,12,0,0
2024-09-14,PRD011,ORS Sachets x6,Rehydration,Pharmacy,Pack,75.0,11.0,0,0,64,35,60.0,Dawa Ltd,nairobi,2,50,0,1
2024-08-13,PRD018,Drenching Gun Dewormer,Veterinary,Agrovet,Bottle,89.0,12.0,2,0,75,480,650.0,Interchemie Kenya,nairobi,4,8,0,0
2024-08-03,PRD003,Brookside Milk 500ml,Dairy,Mini Supermarket,piece,58.0,29.0,3,0,26,55,70.0,Brookside Dairy Ltd,Kiambu ,2,40,0,1
2024-07-17,PRD018,Drenching Gun Dewormer,Veterinary,Agrovet,Bottle,9.0,6.0,0,0,3,480,650.0,Interchemie Kenya,nairobi,4,8,0,0
2024-04-20,PRD004,KCC Butter 250g,Dairy,Mini Supermarket,piece,76.0,35.0,1,13,53,210,260.0,Brookside Dairy Ltd,kiambu,2,15,0,1
2024-09-25,PRD009,Paracetamol 500mg x10,Analgesics,Pharmacy,Strips,100.0,32.0,2,0,66,18,895.6398784968067,Shelys Pharmaceuticals,Nairobi ,2,60,0,0
2024-01-26,PRD010,Amoxicillin 250mg x6,Antibiotics,pharmacy,Strips,111.0,12.0,2,22,119,55,90.0,Cosmos Pharmaceuticals,NAIROBI,3,40,0,0
2025-12-18,PRD007,Omo Washing Powder 1kg,Detergents,Mini Supermarket,pack,31.0,23.0,2,0,6,295,398.25,Bidco Africa Mombasa Rd,Nairob,3,12,0,0
2024-01-23,PRD018,Drenching Gun Dewormer,Veterinary,Agrovet,Bottle,100.0,7.0,1,0,92,480,650.0,Interchemie Kenya,nairobi,4,8,0,0
2024-04-29,PRD005,Elianto Cooking Oil 1L,Oils & Fats,Mini Supermarket,btl,85.0,38.0,3,3,47,230,280.0,Kapa Oil Refineries,Nairobi,4,20,0,0
"Nov 04, 2024",PRD003,Brookside Milk 500ml,Dairy,Mini Supermarket,Pcs,7.0,0.0,1,42,48,55,70.0,Brookside Dairy Ltd,Kiambu ,2,40,0,0
2025-08-20,PRD005,Elianto Cooking Oil 1L,Oils & Fats,Mini Supermarket,btl,106.0,32.0,2,0,72,230,280.0,Kapa Oil Refineries,Nairobi,4,20,0,0
2025-12-14,PRD011,ORS Sachets x6,Rehydration,Pharmacy,PACK,113.0,-33.0,3,0,77,35,60.0,Dawa Ltd,nairobi,2,50,0,1
2024-03-10,PRD020,Earphones Generic,Accessories,Electronics,PCS,43.0,37.0,2,0,4,150,300.0,,NAIROBI,2,12,0,1
31-Dec-2024,PRD005,Elianto Cooking Oil 1L,oils & fats,Mini Supermarket,btl,6.0,6.0,2,25,23,230,280.0,Kapa Oil Refineries,Nairobi,4,20,0,0
2025-12-25,PRD014,DAP Fertiliser 50kg,Fertilisers,Agrovet,bag,106.0,31.0,2,30,103,3800,4500.0,MEA Fertilisers,Nairob,7,5,0,0
2025-05-31,PRD004,  KCC Butter 250g  ,Dairy,Mini Supermarket,piece,97.0,16.0,1,0,80,210,260.0,Brookside Dairy Ltd,kiambu,2,15,0,1
2025-04-02,PRD018,Drenching Gun Dewormer,Veterinary,Agrovet,Bottle,101.0,29.0,2,0,70,480,650.0,Interchemie Kenya,nairobi,4,8,0,0
2024-03-08,PRD016,Maize Seed 2kg,Seeds,Agrovet,PACK,44.0,31.0,0,50,63,380,520.0,Kenya Seed Company,,5,15,0,0
2024-10-06,PRD011,ORS Sachets x6,Rehydration,Pharmacy,Pack,24.0,24.0,3,0,0,35,60.0,Dawa Ltd,NAIROBI,2,50,0,1
2025-08-11,PRD017,Newcastle Vaccine 100dos,Veterinary,Agrovet,VIAL,17.0,12.0,3,0,2,250,400.0,Interchemie Kenya,Nairob,4,10,0,0
2025-02-17,PRD015,CAN Fertiliser 50kg,Fertilisers,Agrovet,bag,111.0,39.0,3,0,69,3200,3900.0,MEA Fertilisers,NAIROBI,7,5,0,0
2025-01-27,PRD017,Newcastle Vaccine 100dos,Veterinary,agrovet,VIAL,90.0,30.0,3,0,57,250,400.0,Interchemie Kenya,Nairob,4,10,0,0
2025-12-30,PRD009,Paracetamol 500mg x10,Analgesics,Pharmacy,Strips,80.0,,0,44,95,18,30.0,Shelys Pharmaceuticals,Nairobi ,2,60,0,0
2024-05-31,PRD001,Unga Jogoo 2kg,Flour & Grains,Mini Supermarket,bag,31.0,27.0,0,0,4,145,175.0,Unga Ltd Nairobi,Nairobi ,3,30,0,0
2025-04-22,PRD016,Maize Seed 2kg,Seeds,Agrovet,PACK,89.0,18.0,2,0,69,380,520.0,Kenya Seed Company,Nakurru,5,15,0,0
2024-09-25,PRD015,CAN Fertiliser 50kg,Fertilisers,Agrovet,BAG,63.0,31.0,0,0,32,3200,3900.0,MEA Fertilisers,NAIROBI,7,5,0,0
2025-08-27,PRD005,Elianto Cooking Oil 1L,Oils & Fats,Mini Supermarket,btl,12.0,4.0,1,27,34,230,280.0,Kapa Oil Refineries,Nairobi,4,20,0,0
03/17/2025,PRD015,  CAN Fertiliser 50kg  ,Fertilisers,Agrovet,BAG,15.0,5.0,3,77,84,3200,3900.0,MEA Fertilisers,nairobi,7,5,0,0
21-Nov-2025,PRD002,Pembe Unga 1kg,Flour & Grains,Mini Supermarket,BAG,10.0,2.0,2,0,6,78,,Unga Ltd Nairobi,NAIROBI,3,25,0,0
2024-10-08,PRD013,Malaria RDT Kit,DIAGNOSTICS,Pharmacy,PCS,25.0,0.0,0,0,25,120,200.0,Medipharm Ltd,Nairobi ,4,25,0,0
2025-01-24,PRD016,Maize Seed 2kg,Seeds,Agrovet,PACK,116.0,36.0,0,13,93,380,520.0,Kenya Seed Company,Nakurru,5,15,0,0
2026-03-20,PRD002,Pembe Unga 1kg,Flour & Grains,Mini Supermarkt,BAG,46.0,7.0,1,0,38,78,95.0,Unga Ltd Nairobi,NAIROBI,3,25,0,0
2025-09-27,PRD004,KCC Butter 250g,Dairy,Mini Supermarket,piece,29.0,26.0,0,77,80,210,,Brookside Dairy Ltd,kiambu,2,15,0,1
2024-02-26,PRD009,Paracetamol 500mg x10,Analgesics,Pharamcy,Strips,65.0,2.0,3,0,60,18,30.0,Shelys Pharmaceuticals,Nairobi ,2,60,0,0
2026-04-22,PRD011,ORS Sachets x6,Rehydration,Pharmacy,Pack,118.0,5.0,1,0,112,35,60.0,Dawa Ltd,,2,50,0,0
2024-12-08,PRD018,Drenching Gun Dewormer,Veterinary,Agrovet,Bottle,26.0,10.0,3,68,81,480,650.0,Interchemie Kenya,nairobi,4,8,0,1
2024-12-05,PRD007,Omo Washing Powder 1kg,Detergents,Mini Supermarket,pack,10.0,3.0,0,38,58,295,398.25,Bidco Africa Mombasa Rd,Nairob,3,12,0,0
2024-08-01,PRD011,ORS Sachets x6,Rehydration,Pharmacy,Pack,99.0,36.0,3,76,136,35,60.0,Dawa Ltd,nairobi,2,50,0,0
2025-04-24,PRD006,Salit Sugar 1kg,Sugar & Spices,Mini Supermarket,Bag ,100.0,36.0,1,65,128,135,160.0,Mumias Sugar Distributor,Kisumu,5,30,0,0
2025-05-02,PRD007,Omo Washing Powder 1kg,Detergents,Mini Supermarket,pack,,32.0,2,0,52,295,398.25,Bidco Africa Mombasa Rd,Nairob,3,12,0,0
2025-05-20,PRD019,Infinix Charger 33W,Accessories,Electronics,PCS,9.0,7.0,3,29,28,380,650.0,Luthuli Ave Wholesale,NAIROBI,2,10,0,0
2025-10-16,PRD005,Elianto Cooking Oil 1L,Oils & Fats,Mini Supermarket,btl,9.0,0.0,2,0,7,230,280.0,Kapa Oil Refineries,nairobi,4,20,0,0
2024-03-04,PRD008,Royco Mchuzi Mix 75g,Seasonings,Mini Supermarket,Packs,21.0,13.0,0,0,8,42,55.0,Unilever Kenya,nairobi,3,35,0,0
2024-02-13,PRD019,Infinix Charger 33W,Accessories,Electronics,PCS,82.0,27.0,0,0,55,380,650.0,,NAIROBI,2,10,0,0
"May 08, 2024",PRD001,Unga Jogoo 2kg,Flour & Grains,Mini Supermarket,bag,53.0,33.0,2,0,18,145,175.0,Unga Ltd Nairobi,Nairobi ,3,30,0,0
2024-11-27,PRD010,Amoxicillin 250mg x6,Antibiotics,Pharmacy,Strips,29.0,23.0,0,0,6,55,90.0,Cosmos Pharmaceuticals,NAIROBI,3,40,0,0
2025-04-06,PRD011,ORS Sachets x6,Rehydration,Pharmacy,Pack,93.0,-4.0,3,0,86,35,60.0,Dawa Ltd,nairobi,2,50,0,1
2024-02-23,PRD019,Infinix Charger 33W,Accessories,Electronics,pcs,44.0,30.0,1,0,13,380,650.0,Luthuli Ave Wholesale,NAIROBI,2,10,0,0
06-07-2025,PRD015,CAN Fertiliser 50kg,Fertilisers,Agrovet ,BAG,81.0,6.0,3,0,72,3200,3900.0,MEA Fertilisers,nairobi,7,5,0,1
2025-04-27,PRD019,Infinix Charger 33W,Accessories,electronics,Pcs,70.0,21.0,2,0,47,380,650.0,Luthuli Ave Wholesale,,2,10,0,1
2024-12-29,PRD008,Royco Mchuzi Mix 75g,Seasonings,Mini Supermarket,Pack,,0.0,2,7,66,42,55.0,Unilever Kenya,nairobi,3,35,0,1
2025-12-08,PRD008,Royco Mchuzi Mix 75g,Seasonings,Mini Supermarket,Pack,88.0,10.0,0,0,78,42,55.0,Unilever Kenya,nairobi,3,35,0,0
2026-01-30,PRD007,Omo Washing Powder 1kg,Detergents,Mini Supermarket,Pack,40.0,21.0,3,0,16,295,398.25,Bidco Africa Mombasa Rd,Nairob,3,12,0,0
2025-03-25,PRD003,Brookside Milk 500ml,Dairy,Mini Supermarket,piece,62.0,20.0,2,0,40,55,70.0,Brookside Dairy Ltd,Kiambu ,2,40,0,0
2024-08-31,PRD008,Royco Mchuzi Mix 75g,Seasonings,Mini Supermarket,Pack,81.0,10.0,2,0,69,42,55.0,Unilever Kenya,nairobi,3,35,0,1
14-08-2025,PRD007,Omo Washing Powder 1kg,Detergents,Mini Supermarkt,Packs,73.0,11.0,3,20,79,295,398.25,Bidco Africa Mombasa Rd,Nairob,3,12,0,0
2024-08-14,PRD013,Malaria RDT Kit,Diagnostics,Pharmacy,PCS,116.0,34.0,1,0,81,120,,Medipharm Ltd,Nairobi ,4,25,0,0
2026-04-12,PRD014,DAP Fertiliser 50kg,Fertilisers,Agrovett,bag,96.0,5.0,3,0,88,3800,4500.0,,Nairob,7,5,0,1
2024-09-01,PRD005,Elianto Cooking Oil 1L,Oils & Fats,Mini Supermarket,btl,76.0,39.0,0,0,37,230,280.0,Kapa Oil Refineries,Nairobi,4,20,0,1
2026-03-18,PRD017,Newcastle Vaccine 100dos,Veterinary,Agrovet,VIAL,,,0,0,42,250,400.0,   ,Nairob,4,10,0,0
2024-03-10,PRD015,CAN Fertiliser 50kg,Fertilisers,Agrovet,BAG,88.0,37.0,1,0,50,3200,3900.0,MEA Fertilisers,NAIROBI,7,5,0,1
2024-11-07,PRD001,Unga Jogoo 2kg,Flour & Grains,Mini Supermarket,bag,13.0,13.0,3,0,0,145,175.0,Unga Ltd Nairobi,Nairobi ,3,30,0,0
2025-12-18,PRD014,DAP Fertiliser 50kg,Fertilisers,Agrovet,bag,20.0,2.0,2,0,16,3800,,MEA Fertilisers,Nairob,7,5,0,0
2025-07-30,PRD016,Maize Seed 2kg,Seeds,Agrovet,Packs,32.0,10.0,1,0,21,380,520.0,Kenya Seed Company,Nakurru,5,15,0,0
2025-07-12,PRD004,KCC Butter 250g,Dairy,Mini Supermarket,piece,111.0,23.0,2,0,86,210,260.0,Brookside Dairy Ltd,kiambu,2,15,0,1
2025-12-31,PRD020,  Earphones Generic  ,Accessories,Electronics,PCS,41.0,26.0,3,42,54,150,,,NAIROBI,2,12,0,0
2025-09-15,PRD007,  Omo Washing Powder 1kg  ,Detergents,Mini Supermarket,pack,56.0,36.0,1,0,19,295,398.25,,Nairob,3,12,0,0
2024-02-26,PRD013,Malaria RDT Kit,Diagnostics,Pharmacy,PCS,51.0,4.0,0,0,47,120,200.0,Medipharm Ltd,Nairobi ,4,25,0,0
2024-05-11,PRD008,  Royco Mchuzi Mix 75g  ,Seasonings,Mini Supermarket,pack,69.0,37.0,2,5,35,42,55.0,Unilever Kenya,nairobi,3,35,0,1
2026-03-13,PRD016,Maize Seed 2kg,Seeds,Agrovet,PACK,15.0,5.0,1,0,9,380,520.0,Kenya Seed Company,Nakurru,5,15,0,0
2024-04-12,PRD007,Omo Washing Powder 1kg,Detergents,Mini Supermarket,pack,70.0,12.0,3,0,55,295,398.25,Bidco Africa Mombasa Rd,Nairob,3,12,0,0
2025-07-30,PRD008,Royco Mchuzi Mix 75g,Seasonings,Mini Supermarket,Pack,30.0,28.0,0,24,26,42,55.0,Unilever Kenya,nairobi,3,35,0,0
2025-05-28,PRD017,Newcastle Vaccine 100dos,Veterinary,Agrovet,VIAL,93.0,15.0,0,0,78,250,400.0,Interchemie Kenya,Nairob,4,10,0,0
2025-05-03,PRD014,DAP Fertiliser 50kg,FERTILISERS,Agrovet,Bags,71.0,2.0,3,0,66,3800,4500.0,,Nairob,7,5,0,1
2025-03-31,PRD005,Elianto Cooking Oil 1L,Oils & Fats,Mini Supermarket,btl,113.0,7.0,0,0,106,230,280.0,Kapa Oil Refineries,Nairobi,4,20,0,0
2024-02-18,PRD015,CAN Fertiliser 50kg,Fertilisers,Agrovet,BAG,111.0,23.0,0,0,88,3200,3900.0,MEA Fertilisers,NAIROBI,7,5,0,1
12/26/2024,PRD016,Maize Seed 2kg,Seeds,Agrovet,PACK,119.0,2.0,1,67,187,380,520.0,Kenya Seed Company,Nakurru,5,15,0,0
2026-03-06,PRD007,Omo Washing Powder 1kg,Detergents,Mini Supermarket,pack,25.0,19.0,0,0,-4,295,398.25,Bidco Africa Mombasa Rd,Nairob,3,12,0,0
2024-10-16,PRD011,ORS Sachets x6,Rehydration,Pharmacy,Pack,66.0,17.0,2,0,47,35,60.0,Dawa Ltd,,2,50,0,0
2025-10-28,PRD011,ORS Sachets x6,Rehydration,Pharmacy,Pack,51.0,15.0,3,0,33,35,60.0,Dawa Ltd,nairobi,2,50,0,0
2024-03-19,PRD009,Paracetamol 500mg x10,Analgesics,Pharmacy,Strips,62.0,3.0,3,53,109,18,30.0,Shelys Pharmaceuticals,,2,60,0,0
2026-04-28,PRD020,Earphones Generic,Accessories,Electronics,PCS,-10.0,5.0,2,54,45,150,300.0,,NAIROBI,2,12,0,0
2026-01-16,PRD016,Maize Seed 2kg,Seeds,Agrovet,pck,19.0,19.0,1,0,0,380,15524.424560611316,Kenya Seed Company,Nakurru,5,15,0,0
06/07/2025,PRD019,Infinix Charger 33W,Accessories,Electronics,Pcs,35.0,9.0,0,0,26,380,650.0,Luthuli Ave Wholesale,NAIROBI,2,10,0,1
2024-01-07,PRD003,Brookside Milk 500ml,Dairy,Mini Supermarket,piece,7.0,3.0,1,80,83,55,70.0,Brookside Dairy Ltd,Kiambu ,2,40,1,1
2026-02-18,PRD013,Malaria RDT Kit,Diagnostics,Pharmacy,PCS,38.0,13.0,1,0,24,120,200.0,Medipharm Ltd,Nairobi ,4,25,0,0
2025-11-20,PRD017,Newcastle Vaccine 100dos,Veterinary,Agrovet,VIAL,23.0,18.0,3,0,2,250,400.0,Interchemie Kenya,Nairob,4,10,0,0
2026-03-29,PRD007,Omo Washing Powder 1kg,Detergents,Mini Supermarket,pack,62.0,25.0,2,0,35,295,398.25,Bidco Africa Mombasa Rd,Nairob,3,12,0,1
2024-04-21,PRD001,Unga Jogoo 2kg,Flour & Grains,Mini Supermarket,bag,40.0,17.0,3,0,20,145,175.0,Unga Ltd Nairobi,Nairobi ,3,30,1,1
2026-01-27,PRD012,Dettol Antiseptic 100ml,Antiseptics,Pharmacy,Bottle,39.0,34.0,2,0,3,145,200.0,Reckitt Kenya,NAIROBI,3,20,0,0
2024-08-25,PRD017,Newcastle Vaccine 100dos,Veterinary,Agrovet,VIAL,52.0,,0,36,70,250,400.0,Interchemie Kenya,Nairob,4,10,0,1
2025-12-27,PRD017,Newcastle Vaccine 100dos,Veterinary,agrovet,VIAL,60.0,39.0,3,0,18,250,400.0,Interchemie Kenya,Nairob,4,10,0,1
2024-01-21,PRD017,Newcastle Vaccine 100dos,Veterinary,Agrovet,VIAL,53.0,30.0,0,0,23,250,400.0,Interchemie Kenya,,4,10,0,1
2025-01-03,PRD005,Elianto Cooking Oil 1L,Oils & Fats,Mini Supermarket,btl,68.0,6.0,0,39,101,230,280.0,Kapa Oil Refineries,Nairobi,4,20,0,0
2024-12-02,PRD004,KCC Butter 250g,Dairy,Mini Supermarket,piece,88.0,24.0,2,0,62,210,260.0,Brookside Dairy Ltd,kiambu,2,15,0,0
2025-02-19,PRD010,Amoxicillin 250mg x6,Antibiotics,Pharmacy,Strips,-27.0,4.0,0,4,27,55,90.0,Cosmos Pharmaceuticals,NAIROBI,3,40,0,0
01/09/2024,PRD019,  Infinix Charger 33W  ,Accessories,Electronics,PCS,67.0,26.0,2,0,46,380,650.0,Luthuli Ave Wholesale,,2,10,0,1
2024-08-19,PRD019,Infinix Charger 33W,Accessories,Electronics,PCS,14.0,,3,55,59,380,,Luthuli Ave Wholesale,NAIROBI,2,10,0,0
2025-09-01,PRD012,Dettol Antiseptic 100ml,Antiseptics,Pharmacy,Bottle,35.0,31.0,3,0,1,145,200.0,Reckitt Kenya,NAIROBI,3,20,0,0
2025-03-25,PRD017,Newcastle Vaccine 100dos,veterinary,Agrovet,VIAL,95.0,37.0,2,78,134,250,400.0,Interchemie Kenya,Nairob,4,10,0,0
2024-11-05,PRD018,Drenching Gun Dewormer,Veterinary,Agrovet,Bottle,41.0,13.0,1,0,27,480,650.0,Interchemie Kenya,nairobi,4,8,0,0
2026-02-23,PRD012,Dettol Antiseptic 100ml,Antiseptics,Pharmacy,Bottle,73.0,37.0,0,55,91,145,200.0,Reckitt Kenya,NAIROBI,3,20,0,0
2026-04-30,PRD016,Maize Seed 2kg,seeds,Agrovet,PACK,119.0,38.0,1,25,105,380,520.0,Kenya Seed Company,Nakurru,5,15,0,0
2024-08-06,PRD013,Malaria RDT Kit,diagnostics,Pharmacy,PCS,52.0,11.0,2,0,39,120,200.0,Medipharm Ltd,Nairobi ,4,25,0,0
2025-06-19,PRD011,  ORS Sachets x6  ,Rehydration,Pharmacy,Packs,86.0,22.0,3,51,112,35,60.0,Dawa Ltd,nairobi,2,50,0,0
2025-07-21,PRD011,ORS Sachets x6,Rehydration,Pharmacy,pack,50.0,32.0,2,0,16,35,60.0,Dawa Ltd,nairobi,2,50,0,0
2025-02-12,PRD013,Malaria RDT Kit,Diagnostics,Pharmacy,pcs,30.0,10.0,0,70,90,120,200.0,Medipharm Ltd,Nairobi ,4,25,0,0
2024-12-20,PRD019,Infinix Charger 33W,Accessories,Electronics,PCS,52.0,20.0,0,0,32,380,650.0,Luthuli Ave Wholesale,NAIROBI,2,10,0,0
2024-06-29,PRD007,Omo Washing Powder 1kg,Detergents,Mini Supermarket,Packs,96.0,15.0,3,0,78,295,11889.619387045108,   ,Nairob,3,12,0,1
"Aug 06, 2024",PRD006,Salit Sugar 1kg,Sugar & Spices,MINI SUPERMARKET,Bag ,82.0,11.0,1,0,70,135,160.0,Mumias Sugar Distributor,Kisumu,5,30,0,0
2025-01-16,PRD016,Maize Seed 2kg,Seeds,Agrovet,PACK,55.0,6.0,2,26,73,380,520.0,Kenya Seed Company,Nakurru,5,15,0,0
2026-02-28,PRD016,Maize Seed 2kg,Seeds,Agrovet,PACK,56.0,0.0,0,0,56,380,520.0,Kenya Seed Company,Nakurru,5,15,0,1
2024-02-15,PRD020,Earphones Generic,Accessories,Electronics,PCS,16.0,16.0,1,0,0,150,300.0,,NAIROBI,2,12,0,0
2025-04-11,PRD019,  Infinix Charger 33W  ,Accessories,Electronics,PCS,64.0,6.0,0,0,58,380,650.0,Luthuli Ave Wholesale,NAIROBI,2,10,0,0
2024-12-27,PRD009,Paracetamol 500mg x10,Analgesics,Pharmacy,Strips,19.0,18.0,3,0,0,18,30.0,Shelys Pharmaceuticals,Nairobi ,2,60,0,0
2026-04-03,PRD002,Pembe Unga 1kg,flour & grains,Mini Supermarket,BAG,45.0,39.0,1,0,5,78,95.0,Unga Ltd Nairobi,NAIROBI,3,25,0,0
2026-03-30,PRD016,Maize Seed 2kg,Seeds,Agrovet,PACK,85.0,37.0,2,0,46,380,520.0,Kenya Seed Company,Nakurru,5,15,0,0
01-Jun-2025,PRD009,Paracetamol 500mg x10,Analgesics,Pharmacy,Strips,83.0,7.0,0,0,76,18,30.0,Shelys Pharmaceuticals,Nairobi ,2,60,0,1
2025-07-29,PRD016,Maize Seed 2kg,Seeds,Agrovet,PACK,105.0,5.0,2,0,98,380,520.0,Kenya Seed Company,Nakurru,5,15,0,0
2024-05-07,PRD020,Earphones Generic,Accessories,Electronics,PCS,90.0,22.0,2,0,66,150,300.0,,NAIROBI,2,12,0,0
2025-09-25,PRD006,Salit Sugar 1kg,Sugar & Spices,mini supermarket,Bag ,116.0,20.0,0,41,137,135,160.0,Mumias Sugar Distributor,Kisumu,5,30,0,0
2024-06-25,PRD016,Maize Seed 2kg,Seeds,Agrovet,PACK,-115.0,20.0,3,0,92,380,520.0,Kenya Seed Company,Nakurru,5,15,0,0
2025-11-03,PRD008,Royco Mchuzi Mix 75g,Seasonings,Mini Supermarket,Pack,109.0,40.0,1,0,68,42,55.0,   ,nairobi,3,35,0,0
2024-05-22,PRD012,Dettol Antiseptic 100ml,Antiseptics,Pharmacy,Bottle,5.0,2.0,2,0,1,145,200.0,Reckitt Kenya,NAIROBI,3,20,0,0
2025-02-11,PRD017,Newcastle Vaccine 100dos,Veterinary,Agrovet,VIAL,111.0,16.0,3,0,92,250,400.0,Interchemie Kenya,Nairob,4,10,0,0
2025-12-08,PRD011,ORS Sachets x6,Rehydration,Pharmacy,Pack,18.0,7.0,2,0,9,35,60.0,Dawa Ltd,nairobi,2,50,0,0
2024-01-07,PRD003,  Brookside Milk 500ml  ,Dairy,Mini Supermarket,piece,7.0,3.0,1,80,83,55,70.0,Brookside Dairy Ltd,Kiambu ,2,40,1,1
2024-10-21,PRD011,ORS Sachets x6,rehydration,Pharmacy,Pack,30.0,5.0,2,0,23,35,60.0,Dawa Ltd,nairobi,2,50,0,0
2025-05-28,PRD020,Earphones Generic,Accessories,Electronics,PCS,23.0,14.0,0,0,9,150,300.0,,Nairobi,2,12,0,0
2025-03-01,PRD013,Malaria RDT Kit,Diagnostics,Pharmacy,PCS,67.0,35.0,1,0,31,120,200.0,Medipharm Ltd,Nairobi ,4,25,0,1
2025-01-12,PRD003,  Brookside Milk 500ml  ,Dairy,Mini Supermarket,PCS,,2.0,1,0,2,55,70.0,Brookside Dairy Ltd,Kiambu ,2,40,0,1
2024-05-21,PRD007,Omo Washing Powder 1kg,Detergents,Mini Sup.,pack,-100.0,1.0,0,0,99,295,,Bidco Africa Mombasa Rd,Nairob,3,12,0,0
2024-10-18,PRD018,Drenching Gun Dewormer,Veterinary,Agrovet,Bottle,57.0,35.0,3,0,19,480,650.0,Interchemie Kenya,nairobi,4,8,0,0
2024-02-13,PRD011,ORS Sachets x6,Rehydration,Pharmacy,Pack,,37.0,2,0,47,35,60.0,Dawa Ltd,nairobi,2,50,0,0
2025-10-06,PRD004,KCC Butter 250g,Dairy,Mini Supermarket,piece,30.0,29.0,1,73,73,210,260.0,Brookside Dairy Ltd,kiambu,2,15,0,0
2024-10-09,PRD016,  Maize Seed 2kg  ,Seeds,Agrovet,PACK,41.0,36.0,1,0,4,380,520.0,Kenya Seed Company,Nakurru,5,15,0,0
2025-10-25,PRD014,DAP Fertiliser 50kg,Fertilisers,Agrovet,bag,22.0,-8.0,3,0,11,3800,4500.0,MEA Fertilisers,Nairob,7,5,0,1
2024-08-29,PRD002,  Pembe Unga 1kg  ,Flour & Grains,Mini Supermarket,BAG,39.0,26.0,1,0,12,78,95.0,Unga Ltd Nairobi,NAIROBI,3,25,0,0
2024-02-21,PRD009,Paracetamol 500mg x10,Analgesics,Pharmacy,Strips,76.0,24.0,2,0,50,18,30.0,Shelys Pharmaceuticals,Nairobi ,2,60,0,0
2024-05-15,PRD020,Earphones Generic,Accessories,Electronics,PCS,68.0,12.0,1,0,55,150,300.0,,NAIROBI,2,12,0,0
2025-05-19,PRD001,  Unga Jogoo 2kg  ,Flour & Grains,Mini Supermarket,bag,14.0,10.0,0,62,66,145,175.0,Unga Ltd Nairobi,Nairobi ,3,30,0,0
2024-01-28,PRD008,Royco Mchuzi Mix 75g,Seasonings,Mini Supermarket,Pack,83.0,6.0,1,0,76,42,55.0,,nairobi,3,35,0,1
2025-11-29,PRD019,Infinix Charger 33W,Accessories,Electronics,PCS,32.0,10.0,2,0,20,380,650.0,Luthuli Ave Wholesale,NAIROBI,2,10,0,1
2025-01-30,PRD005,Elianto Cooking Oil 1L,Oils & Fats,Mini Sup.,btl,24.0,16.0,2,0,6,230,,Kapa Oil Refineries,Nairobi,4,20,0,0
13-Jun-2024,PRD013,Malaria RDT Kit,Diagnostics,Pharmacy,PCS,78.0,22.0,3,0,53,120,200.0,Medipharm Ltd,Nairobi ,4,25,0,0
2024-04-29,PRD016,Maize Seed 2kg,Seeds,Agrovet,PACK,75.0,31.0,1,0,43,380,520.0,Kenya Seed Company,Nakurru,5,15,0,0
2024-10-19,PRD005,Elianto Cooking Oil 1L,Oils & Fats,Mini Supermarket,btl,61.0,0.0,1,0,60,230,280.0,Kapa Oil Refineries,Nairobi,4,20,0,1
2025-07-15,PRD002,Pembe Unga 1kg,Flour & Grains,Mini Supermarket,bag,70.0,35.0,3,61,93,78,95.0,Unga Ltd Nairobi,NAIROBI,3,25,0,0
2025-03-07,PRD017,  Newcastle Vaccine 100dos  ,Veterinary,Agrovet,VIAL,20.0,12.0,3,34,39,250,400.0,Interchemie Kenya,Nairob,4,10,0,0
2024-02-01,PRD013,Malaria RDT Kit,Diagnostics,Pharmacy,PCS,82.0,15.0,1,0,66,120,200.0,Medipharm Ltd,Nairobi ,4,25,0,0
2024-03-10,PRD016,Maize Seed 2kg,Seeds,Agrovet,PACK,69.0,2.0,0,42,109,380,520.0,Kenya Seed Company,Nakurru,5,15,0,1
2025-02-21,PRD006,Salit Sugar 1kg,Sugar & Spices,Mini Supermarket,Bag ,42.0,39.0,0,5,8,135,160.0,Mumias Sugar Distributor,Kisumu,5,30,0,0
2024-01-12,PRD018,Drenching Gun Dewormer,Veterinary,Agrovet,Bottle,52.0,18.0,1,0,33,480,650.0,Interchemie Kenya,nairobi,4,8,0,0
2025-03-27,PRD010,Amoxicillin 250mg x6,Antibiotics,Pharmacy,Strips,,23.0,2,0,3,55,90.0,Cosmos Pharmaceuticals,NAIROBI,3,40,0,0
2025-02-14,PRD018,  Drenching Gun Dewormer  ,Veterinary,Agrovet,Bottle,118.0,34.0,0,0,84,480,650.0,Interchemie Kenya,nairobi,4,8,0,0
2025-03-17,PRD007,Omo Washing Powder 1kg,Detergents,Mini Supermarket,pack,-44.0,17.0,2,59,84,295,398.25,Bidco Africa Mombasa Rd,Nairob,3,12,0,0
11/18/2025,PRD019,Infinix Charger 33W,Accessories,Electronics,PCS,69.0,8.0,0,0,61,380,,Luthuli Ave Wholesale,NAIROBI,2,10,0,0
2024-11-30,PRD008,Royco Mchuzi Mix 75g,Seasonings,Mini Supermarket,Pack,,9.0,1,25,57,42,55.0,Unilever Kenya,nairobi,3,35,0,1
2025-11-23,PRD019,Infinix Charger 33W,Accessories,Electronics,PCS,61.0,24.0,0,0,37,380,650.0,Luthuli Ave Wholesale,NAIROBI,2,10,0,1
2024-05-06,PRD015,CAN Fertiliser 50kg,Fertilisers,Agrovet,BAG,92.0,8.0,0,0,84,3200,3900.0,MEA Fertilisers,,7,5,0,0
2025-01-21,PRD018,Drenching Gun Dewormer,Veterinary,Agrovet,Bottle,94.0,29.0,3,0,62,480,650.0,Interchemie Kenya,nairobi,4,8,0,0
2025-07-31,PRD015,CAN Fertiliser 50kg,Fertilisers,Agrovet,Bags,12.0,4.0,1,0,7,3200,3900.0,MEA Fertilisers,,7,5,0,0
2025-08-30,PRD020,  Earphones Generic  ,Accessories,Electronics,PCS,110.0,1.0,0,0,109,150,300.0,,NAIROBI,2,12,0,1
2024-02-15,PRD006,Salit Sugar 1kg,Sugar & Spices,Mini Supermarket,Bag ,108.0,27.0,0,0,86,135,160.0,Mumias Sugar Distributor,,5,30,0,0
2026-02-13,PRD011,ORS Sachets x6,Rehydration,Pharmacy,Packs,91.0,17.0,3,74,145,35,,Dawa Ltd,nairobi,2,50,0,0
2025-07-17,PRD007,Omo Washing Powder 1kg,Detergents,Mini Supermarket,pack,26.0,21.0,3,58,60,295,398.25,Bidco Africa Mombasa Rd,Nairob,3,12,0,0
2024-07-30,PRD014,DAP Fertiliser 50kg,Fertilisers,Agrovet,bag,16.0,13.0,3,76,76,3800,4500.0,MEA Fertilisers,Nairob,7,5,0,0
2026-03-21,PRD013,Malaria RDT Kit,DIAGNOSTICS,Pharmacy,PCS,61.0,6.0,0,0,55,120,200.0,Medipharm Ltd,Nairobi ,4,25,0,1
2024-12-01,PRD004,KCC Butter 250g,Dairy,Mini Supermarket,PCS,,9.0,3,0,79,210,260.0,Brookside Dairy Ltd,kiambu,2,15,0,1
2024-06-03,PRD012,Dettol Antiseptic 100ml,Antiseptics,Pharmacy,Bottle,114.0,3.0,3,0,108,145,200.0,Reckitt Kenya,NAIROBI,3,20,0,0
2025-12-21,PRD014,DAP Fertiliser 50kg,Fertilisers,Agrovet,bag,-34.0,7.0,1,0,26,3800,4500.0,MEA Fertilisers,Nairob,7,5,0,1
2025-04-08,PRD018,Drenching Gun Dewormer,Veterinary,Agrovet,Bottle,44.0,13.0,1,77,107,480,650.0,Interchemie Kenya,,4,8,0,0
2025-04-06,PRD017,Newcastle Vaccine 100dos,VETERINARY,Agrovet,VIAL,97.0,10.0,2,0,85,250,400.0,Interchemie Kenya,Nairob,4,10,0,1
2026-04-16,PRD017,Newcastle Vaccine 100dos,veterinary,Agrovet,VIAL,37.0,26.0,3,49,52,250,400.0,Interchemie Kenya,Nairob,4,10,0,0
2025-11-14,PRD010,Amoxicillin 250mg x6,Antibiotics,Pharmacy,Strips,41.0,0.0,3,0,38,55,90.0,Cosmos Pharmaceuticals,NAIROBI,3,40,0,0
2025-08-12,PRD020,Earphones Generic,Accessories,Electronics,PCS,16.0,8.0,1,35,42,150,300.0,,NAIROBI,2,12,0,0
"Nov 17, 2024",PRD014,DAP Fertiliser 50kg,Fertilisers,Agrovet,bag,30.0,4.0,1,64,89,3800,4500.0,MEA Fertilisers,Nairob,7,5,0,1
2024-09-02,PRD005,Elianto Cooking Oil 1L,Oils & Fats,Mini Supermarket,btl,27.0,22.0,2,15,18,230,280.0,Kapa Oil Refineries,Nairobi,4,20,0,0
2025-02-27,PRD017,Newcastle Vaccine 100dos,Veterinary,Agrovet,VIAL,68.0,16.0,0,0,52,250,400.0,Interchemie Kenya,Nairob,4,10,0,0
2024-07-13,PRD018,Drenching Gun Dewormer,Veterinary,Agrovet,Bottle,63.0,35.0,0,67,95,480,650.0,Interchemie Kenya,nairobi,4,8,0,1
2024-11-29,PRD009,Paracetamol 500mg x10,Analgesics,Pharmacy,Strips,113.0,36.0,3,0,74,18,30.0,Shelys Pharmaceuticals,Nairobi ,2,60,0,0
2025-06-04,PRD016,Maize Seed 2kg,Seeds,Agrovet,PACK,43.0,31.0,2,0,10,380,520.0,,Nakurru,5,15,0,0
2025-05-18,PRD008,Royco Mchuzi Mix 75g,Seasonings,Mini Supermarket,Pack,111.0,21.0,1,0,89,42,55.0,Unilever Kenya,nairobi,3,35,0,1
2024-12-25,PRD007,Omo Washing Powder 1kg,Detergents,Mini Supermarket,pack,92.0,7.0,3,14,101,295,398.25,Bidco Africa Mombasa Rd,Nairob,3,12,0,0
2025-04-07,PRD017,Newcastle Vaccine 100dos,Veterinary,Agrovet,VIAL,102.0,8.0,1,0,93,250,,Interchemie Kenya,Nairob,4,10,0,0
25-Nov-2025,PRD011,ORS Sachets x6,Rehydration,Pharmacy,Pack,10.0,7.0,0,0,3,35,60.0,Dawa Ltd,nairobi,2,50,0,0
2025-04-01,PRD010,Amoxicillin 250mg x6,Antibiotics,Pharmacy,Strips,73.0,25.0,1,0,47,55,,Cosmos Pharmaceuticals,NAIROBI,3,40,0,0
2025-06-06,PRD019,Infinix Charger 33W,Accessories,Electroncis,pcs,82.0,31.0,3,0,48,380,650.0,Luthuli Ave Wholesale,NAIROBI,2,10,0,0
2025-01-26,PRD014,DAP Fertiliser 50kg,Fertilisers,Agrovet,bag,19.0,7.0,0,4,16,3800,4500.0,MEA Fertilisers,Nairob,7,5,0,1
2024-10-04,PRD014,  DAP Fertiliser 50kg  ,Fertilisers,Agrovet,bag,7.0,5.0,2,0,0,3800,4500.0,MEA Fertilisers,Nairob,7,5,0,0
2025-05-07,PRD012,Dettol Antiseptic 100ml,antiseptics,Pharmacy,Bottle,108.0,13.0,1,31,125,145,200.0,Reckitt Kenya,NAIROBI,3,20,0,0
2026-03-14,PRD008,Royco Mchuzi Mix 75g,Seasonings,Mini Supermarket,Pack,76.0,26.0,0,0,50,42,55.0,Unilever Kenya,nairobi,3,35,0,1
2025-02-22,PRD008,Royco Mchuzi Mix 75g,Seasonings,Mini Supermarket,Pack,108.0,20.0,2,0,86,42,55.0,Unilever Kenya,nairobi,3,35,0,1
2025-03-03,PRD008,  Royco Mchuzi Mix 75g  ,Seasonings,Mini Supermarket,Pack,104.0,30.0,3,0,71,42,55.0,   ,nairobi,3,35,0,0
2025-05-20,PRD002,Pembe Unga 1kg,FLOUR & GRAINS,Mini Supermarket,BAG,35.0,27.0,2,0,6,78,95.0,Unga Ltd Nairobi,NAIROBI,3,25,0,0
2025-01-31,PRD010,Amoxicillin 250mg x6,Antibiotics,Pharmacy,Strips,5.0,3.0,2,0,-5,55,90.0,Cosmos Pharmaceuticals,nairobi,3,40,0,0
2024-05-04,PRD008,Royco Mchuzi Mix 75g,Seasonings,Mini Supermarkt,Pack,99.0,31.0,2,0,66,42,,Unilever Kenya,nairobi,3,35,0,1
2024-09-27,PRD020,  Earphones Generic  ,Accessories,Electronics,pcs,91.0,14.0,1,0,76,150,300.0,   ,NAIROBI,2,12,0,0
2024-08-01,PRD014,DAP Fertiliser 50kg,Fertilisers,Agrovet,bag,92.0,38.0,3,0,51,3800,4500.0,MEA Fertilisers,Nairob,7,5,0,0
2024-03-24,PRD005,Elianto Cooking Oil 1L,Oils & Fats,Mini Supermarket,btl,55.0,15.0,2,0,38,230,280.0,Kapa Oil Refineries,Nairobi,4,20,0,1
2024-03-21,PRD020,Earphones Generic,Accessories,Electronics,PCS,,24.0,3,0,92,150,300.0,,NAIROBI,2,12,0,0
2025-01-08,PRD004,KCC Butter 250g,Dairy,Mini Supermarket,piece,76.0,,1,74,111,210,260.0,Brookside Dairy Ltd,kiambu,2,15,0,0
2025-10-08,PRD014,DAP Fertiliser 50kg,Fertilisers,Agrovet,bag,75.0,,2,0,53,3800,134345.981774521,MEA Fertilisers,Nairob,7,5,0,0
2025-03-26,PRD006,Salit Sugar 1kg,Sugar & Spices,Mini Supermarket,Bag ,86.0,31.0,3,0,52,135,160.0,Mumias Sugar Distributor,Kisumu,5,30,0,0
2025-06-08,PRD010,Amoxicillin 250mg x6,Antibiotics,Pharmacy,Strips,101.0,9.0,2,62,152,55,90.0,Cosmos Pharmaceuticals,NAIROBI,3,40,0,1
2024-07-18,PRD014,DAP Fertiliser 50kg,Fertilisers,Agrovet,Bag,71.0,34.0,3,0,34,3800,4500.0,MEA Fertilisers,Nairob,7,5,0,0
2026-03-01,PRD015,  CAN Fertiliser 50kg  ,Fertilisers,Agrovet,BAG,54.0,0.0,2,0,52,3200,3900.0,MEA Fertilisers,NAIROBI,7,5,0,1
2024-10-31,PRD007,Omo Washing Powder 1kg,Detergents,Mini Supermarket,pack,116.0,8.0,3,10,115,295,,Bidco Africa Mombasa Rd,Nairob,3,12,0,0
"May 02, 2025",PRD002,Pembe Unga 1kg,Flour & Grains,Mini Supermarket,BAG,76.0,38.0,3,0,35,78,95.0,Unga Ltd Nairobi,NAIROBI,3,25,0,0
2025-07-20,PRD011,ORS Sachets x6,Rehydration,Pharmacy,Pack,59.0,31.0,0,0,28,35,60.0,Dawa Ltd,nairobi,2,50,0,1
2024-02-10,PRD002,Pembe Unga 1kg,Flour & Grains,Mini Supermarket,BAG,36.0,8.0,1,70,97,78,,Unga Ltd Nairobi,NAIROBI,3,25,0,1
2025-03-08,PRD003,Brookside Milk 500ml,Dairy,Mini Supermarkt,piece,33.0,26.0,2,0,5,55,70.0,,Kiambu ,2,40,0,1
2024-01-03,PRD016,Maize Seed 2kg,Seeds,AGROVET,pack,112.0,3.0,1,0,96,380,520.0,Kenya Seed Company,Nakurru,5,15,0,0
2024-06-27,PRD015,CAN Fertiliser 50kg,Fertilisers,Agrovet,BAG,55.0,15.0,1,0,39,3200,3900.0,MEA Fertilisers,NAIROBI,7,5,0,0
2024-04-25,PRD013,Malaria RDT Kit,Diagnostics,Pharmacy,PCS,48.0,19.0,2,20,47,120,200.0,Medipharm Ltd,Nairobi ,4,25,0,0
2025-10-01,PRD013,Malaria RDT Kit,Diagnostics,PHARMACY,PCS,119.0,20.0,1,0,98,120,200.0,Medipharm Ltd,NAIROBI ,4,25,0,0
2025-10-01,PRD008,Royco Mchuzi Mix 75g,Seasonings,Mini Supermarket,Pack,68.0,7.0,1,0,60,42,55.0,Unilever Kenya,nairobi,3,35,0,0
2024-02-08,PRD012,Dettol Antiseptic 100ml,Antiseptics,pharmacy,Bottle,107.0,35.0,2,50,120,145,200.0,Reckitt Kenya,NAIROBI,3,20,0,0
2024-04-06,PRD020,  Earphones Generic  ,Accessories,Electronics,PCS,76.0,32.0,3,0,41,150,300.0,,NAIROBI,2,12,0,1
19-Aug-2024,PRD020,Earphones Generic,Accessories,Electronics,Pcs,22.0,14.0,1,0,7,150,300.0,,NAIROBI,2,12,0,0
2025-03-20,PRD009,Paracetamol 500mg x10,Analgesics,Pharmacy,Strips,25.0,14.0,1,0,10,18,30.0,   ,Nairobi ,2,60,0,0
2026-04-17,PRD002,Pembe Unga 1kg,Flour & Grains,Mini Supermarket,BAG,12.0,2.0,3,0,7,78,95.0,Unga Ltd Nairobi,NAIROBI,3,25,0,0
2025-07-23,PRD013,Malaria RDT Kit,Diagnostics,Pharmacy,PCS,109.0,20.0,3,0,86,120,200.0,Medipharm Ltd,,4,25,0,0
2024-12-17,PRD014,DAP Fertiliser 50kg,Fertilisers,Agrovet,bag,79.0,24.0,0,0,55,3800,,MEA Fertilisers,Nairob,7,5,0,0
2025-10-18,PRD002,Pembe Unga 1kg,Flour & Grains,Mini Supermarket,BAG,61.0,7.0,3,0,51,78,95.0,Unga Ltd Nairobi,NAIROBI,3,25,0,1
2024-11-30,PRD001,Unga Jogoo 2kg,Flour & Grains,Mini Supermarket,bag,59.0,30.0,2,0,27,145,175.0,,Nairobi ,3,30,0,1
2025-04-03,PRD011,ORS Sachets x6,Rehydration,Pharmacy,Pack,46.0,8.0,2,3,39,35,60.0,Dawa Ltd,nairobi,2,50,0,0
2026-01-18,PRD012,Dettol Antiseptic 100ml,Antiseptics,Pharmacy,Bottle,75.0,0.0,2,0,73,145,200.0,Reckitt Kenya,NAIROBI,3,20,0,1
2024-08-20,PRD018,Drenching Gun Dewormer,Veterinary,Agrovet,Bottle,71.0,31.0,1,0,39,480,,Interchemie Kenya,nairobi,4,8,0,0
2024-12-28,PRD020,Earphones Generic,Accessories,Electronics,PCS,19.0,1.0,2,0,16,150,300.0,,NAIROBI,2,12,0,1
08-04-2025,PRD006,  Salit Sugar 1kg  ,Sugar & Spices,Mini Supermarket,Bag ,66.0,11.0,3,0,52,135,160.0,Mumias Sugar Distributor,Kisumu,5,30,0,0
"Jun 04, 2025",PRD002,Pembe Unga 1kg,Flour & Grains,Mini Supermarket,BAG,53.0,40.0,1,0,12,78,95.0,Unga Ltd Nairobi,NAIROBI,3,25,0,0
2025-03-03,PRD014,DAP Fertiliser 50kg,Fertilisers,Agrovet,bag,69.0,13.0,3,41,94,3800,4500.0,MEA Fertilisers,Nairob,7,5,0,0
11/21/2025,PRD001,Unga Jogoo 2kg,Flour & Grains,Mini Supermarket,bag,13.0,7.0,2,46,50,145,175.0,Unga Ltd Nairobi,Nairobi ,3,30,0,0
2024-05-16,PRD008,Royco Mchuzi Mix 75g,SEASONINGS,MINI SUPERMARKET,Packs,104.0,32.0,0,0,72,42,55.0,Unilever Kenya,nairobi,3,35,0,0
2026-03-01,PRD020,Earphones Generic,ACCESSORIES,electronics,PCS,15.0,13.0,3,0,0,150,300.0,,NAIROBI,2,12,0,1
2026-01-29,PRD016,Maize Seed 2kg,Seeds,Agrovet,PACK,8.0,1.0,1,0,6,380,520.0,Kenya Seed Company,Nakurru,5,15,0,0
2024-08-02,PRD015,CAN Fertiliser 50kg,Fertilisers,Agrovet,BAG,115.0,1.0,1,0,113,3200,116433.18420458488,MEA Fertilisers,NAIROBI,7,5,0,0
2025-09-21,PRD019,Infinix Charger 33W,Accessories,Electronics,PCS,17.0,7.0,3,0,7,380,650.0,Luthuli Ave Wholesale,NAIROBI,2,10,0,1
2024-05-05,PRD001,Unga Jogoo 2kg,Flour & Grains,Mini Supermarket,bag,78.0,13.0,1,0,64,145,175.0,Unga Ltd Nairobi,Nairobi ,3,30,0,1
2025-02-28,PRD020,Earphones Generic,Accessories,Electronics,PCS,85.0,0.0,1,48,132,150,300.0,,NAIROBI,2,12,0,0
2025-02-14,PRD014,  DAP Fertiliser 50kg  ,Fertilisers,Agrovet,bag,6.0,6.0,1,0,0,3800,4500.0,MEA Fertilisers,Nairob,7,5,0,0
2026-01-29,PRD004,KCC Butter 250g,Dairy,Mini Supermarket,piece,,7.0,0,37,151,210,260.0,Brookside Dairy Ltd,kiambu,2,15,0,0
2024-09-02,PRD020,Earphones Generic,Accessories,Electronics,PCS,33.0,8.0,1,0,24,150,300.0,,NAIROBI,2,12,0,0
2025-07-14,PRD010,Amoxicillin 250mg x6,Antibiotics,Pharmacy,Strips,23.0,0.0,1,0,22,55,90.0,Cosmos Pharmaceuticals,nairobi,3,40,0,0
2025-09-18,PRD006,Salit Sugar 1kg,Sugar & Spices,Mini Supermarket,Bag ,21.0,10.0,1,0,28,135,160.0,Mumias Sugar Distributor,Kisumu,5,30,0,0
2025-11-13,PRD014,DAP Fertiliser 50kg,Fertilisers,Agrovet,bag,119.0,24.0,3,0,92,3800,4500.0,MEA Fertilisers,NAIROB,7,5,0,0
2024-03-09,PRD009,Paracetamol 500mg x10,Analgesics,Pharmacy,Strips,-68.0,38.0,3,0,27,18,30.0,Shelys Pharmaceuticals,Nairobi ,2,60,0,1
13-Jan-2024,PRD019,Infinix Charger 33W,Accessories,Electronics,PCS,23.0,13.0,1,46,55,380,650.0,Luthuli Ave Wholesale,NAIROBI,2,10,0,1
2025-10-08,PRD017,Newcastle Vaccine 100dos,Veterinary,Agrovet,VIAL,99.0,0.0,1,0,98,250,400.0,Interchemie Kenya,Nairob,4,10,0,0
2026-03-10,PRD017,Newcastle Vaccine 100dos,Veterinary,Agrovet,VIAL,70.0,25.0,3,0,42,250,400.0,Interchemie Kenya,Nairob,4,10,0,0
2026-04-09,PRD019,Infinix Charger 33W,Accessories,Electronics,PCS,105.0,0.0,3,0,102,380,650.0,   ,NAIROBI,2,10,0,0
2024-05-17,PRD003,Brookside Milk 500ml,Dairy,Mini Supermarket,piece,6.0,6.0,1,0,0,55,70.0,Brookside Dairy Ltd,Kiambu ,2,40,0,0
2026-01-21,PRD009,Paracetamol 500mg x10,Analgesics,Pharmacy,Strips,98.0,4.0,3,0,91,18,30.0,Shelys Pharmaceuticals,Nairobi ,2,60,0,0
2024-02-05,PRD006,Salit Sugar 1kg,Sugar & Spices,Mini Supermarket,Bag ,37.0,29.0,2,0,6,135,160.0,Mumias Sugar Distributor,Kisumu,5,30,0,0
2026-01-03,PRD013,Malaria RDT Kit,Diagnostics,Pharmacy,pcs,38.0,23.0,2,41,54,120,5970.932523312044,Medipharm Ltd,Nairobi ,4,25,0,1
2024-12-10,PRD001,Unga Jogoo 2kg,Flour & Grains,Mini Supermarket,bag,112.0,8.0,2,0,102,145,175.0,Unga Ltd Nairobi,Nairobi ,3,30,0,0
2025-05-21,PRD014,DAP Fertiliser 50kg,Fertilisers,Agrovet,bag,77.0,0.0,1,0,76,3800,134345.981774521,MEA Fertilisers,Nairob,7,5,0,0
2024-12-26,PRD013,  Malaria RDT Kit  ,Diagnostics,Pharmacy,PCS,41.0,22.0,0,0,19,120,200.0,Medipharm Ltd,Nairobi ,4,25,0,0
2026-02-11,PRD014,DAP Fertiliser 50kg,Fertilisers,Agrovet,bag,107.0,39.0,0,0,68,3800,4500.0,MEA Fertilisers,Nairob,7,5,0,0
2025-01-17,PRD011,ORS Sachets x6,Rehydration,pharmacy,Pack,37.0,37.0,3,0,0,35,60.0,Dawa Ltd,nairobi,2,50,0,0
2025-04-24,PRD019,Infinix Charger 33W,Accessories,Electronics,PCS,65.0,16.0,1,0,48,380,650.0,Luthuli Ave Wholesale,NAIROBI,2,10,0,0
2024-08-01,PRD013,Malaria RDT Kit,Diagnostics,Pharmacy,PCS,77.0,21.0,1,9,64,120,200.0,Medipharm Ltd,Nairobi ,4,25,0,0
2026-04-04,PRD019,Infinix Charger 33W,Accessories,Electronics,PCS,59.0,17.0,3,0,39,380,650.0,Luthuli Ave Wholesale,,2,10,0,1
2025-01-21,PRD019,Infinix Charger 33W,Accessories,Electronics,PCS,116.0,3.0,2,0,111,380,650.0,Luthuli Ave Wholesale,NAIROBI,2,10,0,0
2026-03-31,PRD006,Salit Sugar 1kg,Sugar & Spices,Mini Supermarket,Bag ,113.0,1.0,1,1,112,135,160.0,Mumias Sugar Distributor,KISUMU,5,30,0,0
2025-06-20,PRD006,  Salit Sugar 1kg  ,Sugar & Spices,Mini Supermarket,Bag ,78.0,-0.0,2,0,76,135,160.0,Mumias Sugar Distributor,,5,30,0,0
2024-11-14,PRD009,Paracetamol 500mg x10,Analgesics,Pharmacy,Strips,18.0,17.0,1,0,0,18,30.0,Shelys Pharmaceuticals,Nairobi ,2,60,0,0
2024-01-10,PRD008,Royco Mchuzi Mix 75g,Seasonings,Mini Supermarket,Pack,32.0,3.0,0,0,29,42,55.0,Unilever Kenya,nairobi,3,35,0,0
2024-12-05,PRD014,DAP Fertiliser 50kg,Fertilisers,Agrovet ,bag,93.0,,2,0,76,3800,4500.0,   ,Nairob,7,5,0,0
2024-08-14,PRD014,DAP Fertiliser 50kg,Fertilisers,AGROVET,bag,84.0,2.0,1,0,81,3800,4500.0,,Nairob,7,5,0,0
2025-11-04,PRD019,Infinix Charger 33W,Accessories,Electronics,PCS,37.0,19.0,2,0,16,380,650.0,Luthuli Ave Wholesale,NAIROBI,2,10,0,0
"Jul 16, 2025",PRD002,Pembe Unga 1kg,Flour & Grains,Mini Supermarket,bag,24.0,12.0,2,0,10,78,95.0,Unga Ltd Nairobi,NAIROBI,3,25,0,0
2025-09-17,PRD008,Royco Mchuzi Mix 75g,Seasonings,Mini Sup.,Pack,73.0,31.0,3,0,39,42,55.0,Unilever Kenya,nairobi,3,35,0,0
"Jan 08, 2026",PRD020,  Earphones Generic  ,Accessories,Electronics,PCS,100.0,39.0,0,0,61,150,300.0,,NAIROBI,2,12,0,0
2024-08-14,PRD018,Drenching Gun Dewormer,veterinary,Agrovet,Bottle,120.0,19.0,0,0,101,480,650.0,Interchemie Kenya,nairobi,4,8,0,0
2024-08-28,PRD018,Drenching Gun Dewormer,Veterinary,Agrovet,Bottle,82.0,38.0,0,0,44,480,650.0,Interchemie Kenya,nairobi,4,8,0,0
2025-07-20,PRD016,Maize Seed 2kg,Seeds,Agrovet,PACK,42.0,23.0,2,0,17,380,520.0,Kenya Seed Company,Nakurru,5,15,1,1
2024-08-30,PRD013,Malaria RDT Kit,Diagnostics,Pharmacy,PCS,65.0,7.0,2,0,56,120,200.0,Medipharm Ltd,Nairobi ,4,25,0,0
2024-06-04,PRD020,Earphones Generic,ACCESSORIES,Electronics,PCS,105.0,14.0,3,0,89,150,300.0,,NAIROBI,2,12,0,0
2025-05-16,PRD020,Earphones Generic,Accessories,Electronics,PCS,87.0,12.0,2,0,73,150,300.0,,NAIROBI,2,12,0,0
2024-08-29,PRD014,  DAP Fertiliser 50kg  ,Fertilisers,Agrovet,bag,95.0,36.0,1,48,106,3800,4500.0,MEA Fertilisers,,7,5,0,0
2024-07-20,PRD020,Earphones Generic,Accessories,Electronics,PCS,74.0,0.0,3,75,146,150,300.0,,NAIROBI,2,12,0,1
2026-02-06,PRD005,Elianto Cooking Oil 1L,Oils & Fats,Mini Supermarket,btl,42.0,18.0,1,0,23,230,280.0,Kapa Oil Refineries,Nairobi,4,20,0,0
2024-02-23,PRD017,Newcastle Vaccine 100dos,Veterinary,Agrovet,VIAL,29.0,7.0,1,37,58,250,400.0,Interchemie Kenya,Nairob,4,10,0,0
2024-03-18,PRD014,  DAP Fertiliser 50kg  ,Fertilisers,Agrovet,bag,65.0,34.0,1,0,30,3800,4500.0,MEA Fertilisers,Nairob,7,5,0,0
2024-07-09,PRD020,Earphones Generic,Accessories,Electronics,pcs,21.0,4.0,3,0,14,150,300.0,,,2,12,0,0
2024-09-08,PRD020,Earphones Generic,Accessories,Electronics,PCS,7.0,0.0,3,0,4,150,,,NAIROBI,2,12,0,1
2024-05-03,PRD011,  ORS Sachets x6  ,Rehydration,Pharmacy,Pack,67.0,6.0,1,56,116,35,60.0,Dawa Ltd,nairobi,2,50,0,0
2025-11-08,PRD012,Dettol Antiseptic 100ml,Antiseptics,Pharmacy,Bottle,18.0,8.0,3,0,7,145,200.0,Reckitt Kenya,NAIROBI,3,20,0,1
2024-11-26,PRD001,Unga Jogoo 2kg,Flour & Grains,Mini Supermarket,bag,73.0,40.0,3,42,72,145,175.0,Unga Ltd Nairobi,Nairobi ,3,30,0,0
2024-07-30,PRD005,Elianto Cooking Oil 1L,Oils & Fats,Mini Supermarket,btl,101.0,,1,59,130,230,280.0,Kapa Oil Refineries,Nairobi,4,20,0,0
2024-06-28,PRD006,Salit Sugar 1kg,Sugar & Spices,Mini Sup.,Bag ,9.0,,0,0,4,135,160.0,Mumias Sugar Distributor,Kisumu,5,30,0,0
2024-09-26,PRD020,Earphones Generic,Accessories,Electronics,PCS,82.0,8.0,2,0,72,150,300.0,,nairobi,2,12,0,0
2026-03-10,PRD015,CAN Fertiliser 50kg,Fertilisers,Agrovet,BAG,114.0,8.0,2,0,104,3200,3900.0,MEA Fertilisers,NAIROBI,7,5,0,0
2024-08-08,PRD002,Pembe Unga 1kg,Flour & Grains,Mini Supermarket,BAG,72.0,27.0,0,0,45,78,95.0,Unga Ltd Nairobi,NAIROBI,3,25,0,0
2024-03-24,PRD016,Maize Seed 2kg,Seeds,agrovet,PACK,102.0,37.0,1,0,64,380,520.0,Kenya Seed Company,Nakurru,5,15,0,1
2024-08-18,PRD010,Amoxicillin 250mg x6,antibiotics,Pharmacy,Strips,84.0,23.0,1,0,60,55,90.0,Cosmos Pharmaceuticals,NAIROBI,3,40,0,1
2026-01-12,PRD013,Malaria RDT Kit,Diagnostics,Pharmacy,PCS,,9.0,0,0,68,120,200.0,Medipharm Ltd,Nairobi ,4,25,0,0
2024-09-13,PRD016,Maize Seed 2kg,Seeds,AGROVET,PACK,84.0,5.0,0,0,79,380,520.0,Kenya Seed Company,Nakurru,5,15,0,0
2024-10-24,PRD008,Royco Mchuzi Mix 75g,Seasonings,Mini Supermarket,PACK,106.0,27.0,0,0,79,42,55.0,Unilever Kenya,nairobi,3,35,0,0
2025-05-14,PRD017,Newcastle Vaccine 100dos,Veterinary,Agrovet,VIAL,68.0,,1,0,55,250,400.0,Interchemie Kenya,Nairob,4,10,0,0
2024-03-28,PRD007,Omo Washing Powder 1kg,Detergents,Mini Supermarket,pack,39.0,25.0,0,0,14,295,398.25,Bidco Africa Mombasa Rd,,3,12,0,0
2024-02-09,PRD017,  Newcastle Vaccine 100dos  ,Veterinary,Agrovet,VIAL,40.0,2.0,2,56,92,250,400.0,Interchemie Kenya,Nairob,4,10,0,0
2025-05-06,PRD008,Royco Mchuzi Mix 75g,Seasonings,Mini Supermarket,Pack,18.0,9.0,0,0,9,42,55.0,Unilever Kenya,nairobi,3,35,0,0
2024-07-24,PRD008,Royco Mchuzi Mix 75g,Seasonings,mini supermarket,Pack,106.0,,1,0,98,42,55.0,Unilever Kenya,nairobi,3,35,0,0
2024-02-27,PRD014,DAP Fertiliser 50kg,Fertilisers,Agrovet,bag,66.0,40.0,1,0,25,3800,4500.0,   ,Nairob,7,5,0,0
2025-11-11,PRD012,Dettol Antiseptic 100ml,Antiseptics,Pharmacy,Bottle,29.0,11.0,3,0,15,145,200.0,,nairobi,3,20,0,0
2024-04-03,PRD013,Malaria RDT Kit,Diagnostics,Pharmacy,PCS,94.0,34.0,0,31,91,120,200.0,Medipharm Ltd,Nairobi ,4,25,0,0
2025-12-31,PRD012,Dettol Antiseptic 100ml,ANTISEPTICS,Pharmacy,btl,38.0,1.0,1,6,42,145,200.0,Reckitt Kenya,NAIROBI,3,20,0,0
2025-07-07,PRD001,Unga Jogoo 2kg,Flour & Grains,Mini Supermarket,bag,115.0,38.0,3,0,74,145,175.0,Unga Ltd Nairobi,Nairobi ,3,30,0,0
2025-08-15,PRD015,CAN Fertiliser 50kg,Fertilisers,Agrovet,BAG,,38.0,1,0,72,3200,3900.0,MEA Fertilisers,NAIROBI,7,5,0,0
2024-06-17,PRD005,Elianto Cooking Oil 1L,Oils & Fats,Mini Sup.,btl,52.0,39.0,2,0,11,230,,Kapa Oil Refineries,Nairobi,4,20,0,0
10/30/2024,PRD010,Amoxicillin 250mg x6,Antibiotics,Pharmacy,Strips,46.0,15.0,0,0,31,55,90.0,Cosmos Pharmaceuticals,NAIROBI,3,40,0,0
2024-06-19,PRD016,Maize Seed 2kg,Seeds,Agrovet,PACK,,26.0,2,0,3,380,520.0,Kenya Seed Company,Nakurru,5,15,0,0
2026-04-13,PRD012,  Dettol Antiseptic 100ml  ,Antiseptics,Pharmacy,Bottle,65.0,20.0,2,70,113,145,200.0,Reckitt Kenya,NAIROBI,3,20,0,0
2025-11-26,PRD011,  ORS Sachets x6  ,Rehydration,Pharmacy,Pack,69.0,39.0,2,69,97,35,60.0,Dawa Ltd,,2,50,0,0
2026-04-07,PRD002,Pembe Unga 1kg,Flour & Grains,Mini Supermarket,BAG,74.0,18.0,3,0,53,78,95.0,Unga Ltd Nairobi,NAIROBI,3,25,0,0
2024-09-17,PRD014,DAP Fertiliser 50kg,Fertilisers,Agrovet,bag,65.0,15.0,2,0,48,3800,4500.0,MEA Fertilisers,Nairob,7,5,0,0
2024-09-03,PRD010,Amoxicillin 250mg x6,Antibiotics,pharmacy,Strips,96.0,12.0,2,68,150,55,90.0,Cosmos Pharmaceuticals,NAIROBI,3,40,0,0
20-Mar-2026,PRD015,CAN Fertiliser 50kg,Fertilisers,Agrovet,Bag,47.0,6.0,1,47,87,3200,3900.0,MEA Fertilisers,NAIROBI,7,5,0,0
2025-11-24,PRD018,Drenching Gun Dewormer,Veterinary,Agrovet,Btl,105.0,36.0,2,0,67,480,650.0,Interchemie Kenya,nairobi,4,8,0,0
2024-01-05,PRD007,Omo Washing Powder 1kg,Detergents,mini supermarket,pack,74.0,33.0,0,0,41,295,398.25,Bidco Africa Mombasa Rd,Nairob,3,12,0,0
2026-04-05,PRD011,ORS Sachets x6,Rehydration,Pharmacy,Pack,89.0,34.0,2,0,53,35,60.0,Dawa Ltd,,2,50,0,1
2024-01-20,PRD002,Pembe Unga 1kg,Flour & Grains,Mini Supermarket,BAG,20.0,14.0,1,0,5,78,95.0,Unga Ltd Nairobi,NAIROBI,3,25,0,1
2025-11-22,PRD011,  ORS Sachets x6  ,Rehydration,Pharmacy,Pack,62.0,12.0,1,0,49,35,60.0,Dawa Ltd,nairobi,2,50,0,1
"Jul 23, 2025",PRD011,ORS Sachets x6,Rehydration,Pharmacy,Pack,112.0,16.0,3,63,156,35,60.0,Dawa Ltd,nairobi,2,50,0,0
2024-12-19,PRD015,CAN Fertiliser 50kg,Fertilisers,Agrovet,BAG,42.0,2.0,1,0,39,3200,3900.0,MEA Fertilisers,NAIROBI,7,5,0,0
2024-05-01,PRD006,Salit Sugar 1kg,Sugar & Spices,Mini Supermarket,bag,30.0,26.0,1,0,-13,135,160.0,Mumias Sugar Distributor,Kisumu,5,30,0,0
2024-12-13,PRD010,Amoxicillin 250mg x6,Antibiotics,Pharmacy,Strips,69.0,24.0,1,13,57,55,90.0,Cosmos Pharmaceuticals,NAIROBI,3,40,0,0
2025-10-29,PRD006,Salit Sugar 1kg,Sugar & Spices,Mini Supermarket,Bag ,73.0,35.0,3,40,75,135,160.0,Mumias Sugar Distributor,Kisumu,5,30,0,0
2024-03-31,PRD008,Royco Mchuzi Mix 75g,Seasonings,Mini Supermarket,Pack,,4.0,0,0,32,42,55.0,Unilever Kenya,nairobi,3,35,0,1
2024-07-27,PRD020,Earphones Generic,Accessories,Electronics,PCS,23.0,3.0,1,4,23,150,300.0,,NAIROBI,2,12,0,1
2024-06-17,PRD007,Omo Washing Powder 1kg,Detergents,Mini Supermarket,pack,31.0,14.0,1,0,16,295,398.25,Bidco Africa Mombasa Rd,Nairob,3,12,0,0
2024-07-30,PRD018,Drenching Gun Dewormer,Veterinary,Agrovet,Bottle,17.0,14.0,2,0,1,480,650.0,Interchemie Kenya,nairobi,4,8,0,0
2024-02-29,PRD011,ORS Sachets x6,Rehydration,PHARMACY,Pack,42.0,19.0,3,0,20,35,60.0,Dawa Ltd,nairobi,2,50,0,0
2024-06-07,PRD020,Earphones Generic,ACCESSORIES,Electronics,PCS,77.0,11.0,3,0,63,150,300.0,,Nairobi,2,12,0,0
2025-07-19,PRD011,ORS Sachets x6,rehydration,Pharmacy,Pack,24.0,13.0,3,0,8,35,60.0,Dawa Ltd,NAIROBI,2,50,0,1
2026-02-13,PRD014,DAP Fertiliser 50kg,Fertilisers,Agrovet,bag,78.0,26.0,0,0,52,3800,4500.0,MEA Fertilisers,Nairob,7,5,0,0
2025-02-05,PRD013,  Malaria RDT Kit  ,Diagnostics,Pharmacy,PCS,108.0,31.0,1,0,93,120,200.0,Medipharm Ltd,,4,25,0,0
2025-07-20,PRD015,CAN Fertiliser 50kg,Fertilisers,Agrovet,BAG,13.0,7.0,2,65,69,3200,3900.0,MEA Fertilisers,NAIROBI,7,5,1,1
2024-10-10,PRD007,Omo Washing Powder 1kg,Detergents,Mini Supermarket,pack,110.0,23.0,3,54,138,295,398.25,Bidco Africa Mombasa Rd,Nairob,3,12,0,0
2024-08-22,PRD002,Pembe Unga 1kg,Flour & Grains,Mini Supermarket,BAG,103.0,8.0,3,47,139,78,95.0,Unga Ltd Nairobi,NAIROBI,3,25,0,0
2024-12-27,PRD011,ORS Sachets x6,Rehydration,Pharmacy,Pack,96.0,4.0,0,0,92,35,60.0,Dawa Ltd,nairobi,2,50,0,0
2024-02-03,PRD002,Pembe Unga 1kg,Flour & Grains,Mini Supermarket,BAG,46.0,12.0,1,0,33,78,95.0,Unga Ltd Nairobi,NAIROBI,3,25,0,1
2025-09-17,PRD003,Brookside Milk 500ml,Dairy,Mini Supermarket,piece,83.0,4.0,3,0,76,55,70.0,Brookside Dairy Ltd,Kiambu ,2,40,0,0
2025-08-10,PRD014,  DAP Fertiliser 50kg  ,Fertilisers,Agrovet,bag,98.0,19.0,3,0,76,3800,,MEA Fertilisers,Nairob,7,5,0,1
2024-05-31,PRD013,Malaria RDT Kit,diagnostics,Pharmacy,PCS,31.0,13.0,3,0,15,120,200.0,Medipharm Ltd,,4,25,0,0
2024-01-30,PRD006,Salit Sugar 1kg,Sugar & Spices,Mini Supermarket,Bag ,118.0,27.0,2,0,89,135,160.0,Mumias Sugar Distributor,Kisumu,5,30,0,0
2025-11-15,PRD011,ORS Sachets x6,Rehydration,Pharmacy,Pack,119.0,36.0,2,0,81,35,60.0,Dawa Ltd,nairobi,2,50,0,1
2025-12-30,PRD002,Pembe Unga 1kg,Flour & Grains,Mini Supermarket,BAG,53.0,14.0,2,47,84,78,95.0,Unga Ltd Nairobi,NAIROBI,3,25,0,0
2024-09-05,PRD004,KCC Butter 250g,Dairy,Mini Supermarket,piece,59.0,13.0,1,0,45,210,260.0,,kiambu,2,15,0,0
2024-03-25,PRD012,  Dettol Antiseptic 100ml  ,Antiseptics,Pharmacy,BOTTLE,92.0,21.0,2,0,69,145,200.0,Reckitt Kenya,NAIROBI,3,20,0,0
2026-01-15,PRD018,Drenching Gun Dewormer,Veterinary,Agrovet,Bottle,44.0,8.0,0,49,85,480,,Interchemie Kenya,nairobi,4,8,0,0
2025-06-15,PRD001,  Unga Jogoo 2kg  ,Flour & Grains,Mini Supermarket,Bags,43.0,13.0,2,0,28,145,175.0,Unga Ltd Nairobi,,3,30,1,1
2025-09-17,PRD012,Dettol Antiseptic 100ml,Antiseptics,Pharmacy,Bottle,101.0,2.0,3,22,118,145,200.0,Reckitt Kenya,NAIROBI,3,20,0,0
01-Aug-2024,PRD002,Pembe Unga 1kg,Flour & Grains,Mini Supermarket,BAG,87.0,3.0,0,17,101,78,95.0,Unga Ltd Nairobi,NAIROBI,3,25,0,0
03/23/2025,PRD016,Maize Seed 2kg,Seeds,Agrovet,Pack,,15.0,0,0,80,380,520.0,Kenya Seed Company,Nakurru,5,15,0,1
2024-07-13,PRD019,Infinix Charger 33W,Accessories,Electronics,PCS,70.0,6.0,2,0,62,380,650.0,Luthuli Ave Wholesale,NAIROBI,2,10,0,1
2025-08-31,PRD008,Royco Mchuzi Mix 75g,Seasonings,Mini Supermarket,Pack,114.0,18.0,1,0,95,42,55.0,Unilever Kenya,nairobi,3,35,0,1
2025-02-26,PRD012,Dettol Antiseptic 100ml,Antiseptics,Pharmacy,Bottle,27.0,16.0,2,0,9,145,200.0,Reckitt Kenya,NAIROBI,3,20,0,0
2025-07-02,PRD006,Salit Sugar 1kg,Sugar & Spices,Mini Supermarket,Bag ,64.0,21.0,2,0,35,135,160.0,Mumias Sugar Distributor,Kisumu,5,30,0,0
2025-07-05,PRD008,Royco Mchuzi Mix 75g,Seasonings,Mini Supermarket,pck,109.0,35.0,3,24,95,42,55.0,Unilever Kenya,nairobi,3,35,0,1
2025-03-30,PRD016,Maize Seed 2kg,Seeds,Agrovet,PACK,43.0,18.0,2,0,23,380,520.0,Kenya Seed Company,Nakurru,5,15,0,1
"Jul 27, 2025",PRD009,Paracetamol 500mg x10,analgesics,Pharmacy,Strips,7.0,1.0,1,0,5,18,30.0,Shelys Pharmaceuticals,Nairobi ,2,60,0,1
2024-03-02,PRD002,Pembe Unga 1kg,Flour & Grains,Mini Supermarket,BAG,68.0,,3,0,32,78,95.0,Unga Ltd Nairobi,NAIROBI,3,25,0,1
2024-09-30,PRD008,Royco Mchuzi Mix 75g,Seasonings,Mini Supermarket,Pack,82.0,16.0,0,0,66,42,55.0,Unilever Kenya,nairobi,3,35,0,0
2024-04-09,PRD005,Elianto Cooking Oil 1L,Oils & Fats,Mini Supermarket,btl,55.0,13.0,3,0,39,230,280.0,Kapa Oil Refineries,Nairobi,4,20,0,0
2025-03-29,PRD005,Elianto Cooking Oil 1L,Oils & Fats,Mini Supermarket,btl,82.0,29.0,3,0,50,230,280.0,Kapa Oil Refineries,,4,20,0,1
2024-08-06,PRD017,Newcastle Vaccine 100dos,Veterinary,Agrovet,VIAL,40.0,16.0,1,0,20,250,400.0,Interchemie Kenya,Nairob,4,10,0,0
2025-04-20,PRD014,DAP Fertiliser 50kg,Fertilisers,Agrovet,bag,31.0,24.0,0,22,29,3800,4500.0,MEA Fertilisers,Nairob,7,5,0,1
2024-03-23,PRD018,  Drenching Gun Dewormer  ,Veterinary,Agrovet,Bottle,61.0,14.0,1,0,46,480,650.0,Interchemie Kenya,,4,8,0,1
2024-08-02,PRD012,Dettol Antiseptic 100ml,Antiseptics,Pharmacy,bottle,70.0,25.0,1,0,44,145,5970.932523312044,Reckitt Kenya,NAIROBI,3,20,0,0
2025-11-17,PRD016,Maize Seed 2kg,Seeds,Agrovet,PACK,40.0,5.0,3,0,32,380,520.0,Kenya Seed Company,Nakurru,5,15,0,0
2025-02-25,PRD001,Unga Jogoo 2kg,Flour & Grains,Mini Supermarket,bag,35.0,18.0,0,0,17,145,175.0,Unga Ltd Nairobi,Nairobi ,3,30,0,0
2024-11-14,PRD005,Elianto Cooking Oil 1L,Oils & Fats,Mini Sup.,btl,43.0,38.0,3,0,2,230,280.0,Kapa Oil Refineries,Nairobi,4,20,0,0
2024-03-15,PRD009,Paracetamol 500mg x10,Analgesics,Pharmacy,Strips,55.0,31.0,1,0,23,18,30.0,Shelys Pharmaceuticals,Nairobi ,2,60,0,0
2026-04-19,PRD003,Brookside Milk 500ml,Dairy,Mini Supermarket,piece,12.0,4.0,3,0,5,55,70.0,Brookside Dairy Ltd,Kiambu ,2,40,0,1
2025-02-27,PRD009,Paracetamol 500mg x10,Analgesics,Pharmacy,Strips,52.0,13.0,2,0,37,18,30.0,Shelys Pharmaceuticals,Nairobi ,2,60,0,0
2025-10-18,PRD004,KCC Butter 250g,Dairy,Mini Supermarket,piece,55.0,38.0,3,0,14,210,260.0,Brookside Dairy Ltd,kiambu,2,15,0,1
2025-12-02,PRD008,Royco Mchuzi Mix 75g,Seasonings,Mini Supermarket,Pack,117.0,36.0,3,0,78,42,55.0,Unilever Kenya,nairobi,3,35,0,0
2025-03-02,PRD002,Pembe Unga 1kg,Flour & Grains,Mini Supermarket,BAG,86.0,22.0,3,0,61,78,95.0,Unga Ltd Nairobi,NAIROBI,3,25,0,1
2025-02-13,PRD013,Malaria RDT Kit,Diagnostics,Pharmacy,pcs,108.0,12.0,3,0,93,120,200.0,Medipharm Ltd,NAIROBI ,4,25,0,0
2026-01-04,PRD020,Earphones Generic,Accessories,Electronics,PCS,34.0,34.0,2,0,0,150,,,NAIROBI,2,12,0,1
2026-02-07,PRD002,Pembe Unga 1kg,Flour & Grains,Mini Supermarkt,BAG,61.0,37.0,3,0,17,78,95.0,Unga Ltd Nairobi,Nairobi,3,25,0,1
2025-04-16,PRD017,Newcastle Vaccine 100dos,Veterinary,Agrovet,VIAL,111.0,33.0,0,0,78,250,,Interchemie Kenya,Nairob,4,10,0,0
2024-09-01,PRD012,Dettol Antiseptic 100ml,Antiseptics,Pharmacy,Bottle,39.0,23.0,0,0,16,145,200.0,Reckitt Kenya,NAIROBI,3,20,0,1
2024-04-01,PRD016,Maize Seed 2kg,Seeds,Agrovet,Packs,55.0,21.0,3,0,31,380,520.0,Kenya Seed Company,Nakurru,5,15,0,0
2024-01-25,PRD015,CAN Fertiliser 50kg,Fertilisers,Agrovet,Bag,67.0,,1,0,31,3200,3900.0,MEA Fertilisers,NAIROBI,7,5,0,0
2025-03-06,PRD018,Drenching Gun Dewormer,Veterinary,Agrovet,Bottle,34.0,18.0,1,0,15,480,19405.530700764146,Interchemie Kenya,nairobi,4,8,0,0
2025-07-17,PRD015,CAN Fertiliser 50kg,Fertilisers,Agrovett,BAG,108.0,21.0,2,0,85,3200,3900.0,MEA Fertilisers,NAIROBI,7,5,0,0
30-03-2026,PRD006,Salit Sugar 1kg,Sugar & Spices,Mini Supermarket,Bag ,5.0,3.0,3,0,4,135,160.0,Mumias Sugar Distributor,Kisumu,5,30,0,0
2025-06-02,PRD019,Infinix Charger 33W,Accessories,Electronics,PCS,38.0,9.0,1,0,28,380,650.0,,NAIROBI,2,10,0,0
2026-02-04,PRD019,Infinix Charger 33W,Accessories,Electronics,PCS,110.0,35.0,3,8,80,380,650.0,Luthuli Ave Wholesale,NAIROBI,2,10,0,0
2025-07-16,PRD013,Malaria RDT Kit,DIAGNOSTICS,Pharmacy,PCS,,9.0,3,0,98,120,200.0,Medipharm Ltd,Nairobi ,4,25,0,0
2025-03-18,PRD014,  DAP Fertiliser 50kg  ,Fertilisers,Agrovet,bag,77.0,20.0,3,24,78,3800,4500.0,MEA Fertilisers,Nairob,7,5,0,0
2025-09-29,PRD007,Omo Washing Powder 1kg,Detergents,Mini Supermarket,pack,107.0,20.0,0,0,87,295,398.25,Bidco Africa Mombasa Rd,,3,12,0,0
2024-06-21,PRD015,CAN Fertiliser 50kg,Fertilisers,Agrovet,BAG,108.0,16.0,2,15,105,3200,3900.0,MEA Fertilisers,NAIROBI,7,5,0,0
2026-02-16,PRD016,Maize Seed 2kg,Seeds,Agrovet,PACK,95.0,31.0,2,27,89,380,520.0,Kenya Seed Company,Nakurru,5,15,0,0
2024-02-05,PRD014,DAP Fertiliser 50kg,Fertilisers,Agrovet ,Bags,35.0,18.0,1,0,16,3800,4500.0,MEA Fertilisers,,7,5,0,0
2025-09-06,PRD009,Paracetamol 500mg x10,Analgesics,Pharmacy,Strips,89.0,35.0,0,0,54,18,30.0,Shelys Pharmaceuticals,Nairobi ,2,60,0,1
2024-06-07,PRD014,DAP Fertiliser 50kg,Fertilisers,Agrovet,bag,86.0,17.0,2,0,67,3800,4500.0,MEA Fertilisers,Nairob,7,5,0,0
2025-04-13,PRD015,CAN Fertiliser 50kg,FERTILISERS,Agrovet,BAG,45.0,33.0,3,38,36,3200,3900.0,MEA Fertilisers,NAIROBI,7,5,0,1
25-03-2024,PRD017,Newcastle Vaccine 100dos,Veterinary,Agrovet,VIAL,26.0,4.0,3,69,88,250,400.0,Interchemie Kenya,Nairob,4,10,0,0
2025-05-11,PRD014,DAP Fertiliser 50kg,Fertilisers,Agrovet,bag,60.0,16.0,3,33,74,3800,4500.0,MEA Fertilisers,Nairob,7,5,0,1
2025-09-02,PRD005,Elianto Cooking Oil 1L,Oils & Fats,Mini Supermarket,btl,75.0,0.0,3,0,72,230,280.0,Kapa Oil Refineries,Nairobi,4,20,0,0
2024-12-28,PRD003,Brookside Milk 500ml,Dairy,Mini Supermarket,piece,53.0,1.0,3,0,49,55,70.0,Brookside Dairy Ltd,Kiambu ,2,40,0,1
2025-03-18,PRD020,Earphones Generic,Accessories,Electronics,PCS,39.0,12.0,1,0,26,150,300.0,   ,NAIROBI,2,12,0,0
2026-03-05,PRD017,Newcastle Vaccine 100dos,Veterinary,Agrovet,VIAL,13.0,7.0,2,0,4,250,400.0,Interchemie Kenya,Nairob,4,10,0,0
2026-04-18,PRD002,Pembe Unga 1kg,Flour & Grains,Mini Supermarket,bag,87.0,17.0,0,0,70,78,95.0,Unga Ltd Nairobi,NAIROBI,3,25,0,1
2024-04-14,PRD019,Infinix Charger 33W,Accessories,Electronics,PCS,97.0,16.0,1,0,80,380,650.0,Luthuli Ave Wholesale,NAIROBI,2,10,0,1
2026-01-03,PRD008,Royco Mchuzi Mix 75g,Seasonings,Mini Supermarket,Pack,25.0,21.0,1,31,34,42,55.0,Unilever Kenya,nairobi,3,35,0,1
2025-12-02,PRD006,Salit Sugar 1kg,Sugar & Spices,Mini Supermarket,Bag ,16.0,12.0,3,0,1,135,4776.7460186496355,Mumias Sugar Distributor,Kisumu,5,30,0,0
2026-01-16,PRD005,Elianto Cooking Oil 1L,Oils & Fats,Mini Supermarket,btl,60.0,9.0,1,23,57,230,280.0,Kapa Oil Refineries,NAIROBI,4,20,0,0
2025-11-23,PRD018,Drenching Gun Dewormer,Veterinary,AGROVET,Bottle,50.0,,2,0,43,480,650.0,   ,NAIROBI,4,8,0,1
2024-06-29,PRD001,Unga Jogoo 2kg,Flour & Grains,Mini Supermarket,bag,44.0,20.0,1,0,23,145,175.0,Unga Ltd Nairobi,Nairobi ,3,30,0,1
2024-08-12,PRD012,Dettol Antiseptic 100ml,Antiseptics,Pharmacy,Btl,20.0,18.0,2,0,0,145,200.0,Reckitt Kenya,NAIROBI,3,20,0,0
2025-09-20,PRD020,Earphones Generic,accessories,Electronics,PCS,66.0,11.0,2,0,53,150,300.0,,NAIROBI,2,12,0,1
2026-04-06,PRD011,ORS Sachets x6,Rehydration,Pharmacy,Pack,99.0,16.0,1,11,93,35,60.0,Dawa Ltd,nairobi,2,50,0,0
2025-08-11,PRD002,Pembe Unga 1kg,flour & grains,Mini Supermarket,BAG,7.0,1.0,0,0,6,78,95.0,Unga Ltd Nairobi,NAIROBI,3,25,0,0
2024-02-19,PRD002,Pembe Unga 1kg,Flour & Grains,Mini Supermarket,BAG,65.0,28.0,2,0,35,78,95.0,Unga Ltd Nairobi,NAIROBI,3,25,0,0
2025-02-25,PRD005,Elianto Cooking Oil 1L,Oils & Fats,Mini Supermarket,btl,-98.0,11.0,0,0,87,230,280.0,Kapa Oil Refineries,Nairobi,4,20,0,0
2024-03-13,PRD015,CAN Fertiliser 50kg,Fertilisers,Agrovet,BAG,99.0,37.0,1,67,128,3200,3900.0,MEA Fertilisers,,7,5,0,0
2025-05-11,PRD017,Newcastle Vaccine 100dos,Veterinary,Agrovet,VIAL,11.0,11.0,2,0,0,250,400.0,Interchemie Kenya,Nairob,4,10,0,1
05-Feb-2026,PRD009,Paracetamol 500mg x10,Analgesics,Pharmacy,Strips,57.0,20.0,1,0,36,18,30.0,Shelys Pharmaceuticals,Nairobi ,2,60,0,0
2025-05-09,PRD019,Infinix Charger 33W,Accessories,Electronics,PCS,13.0,11.0,2,0,0,380,650.0,Luthuli Ave Wholesale,NAIROBI,2,10,0,0
2025-01-23,PRD019,Infinix Charger 33W,Accessories,Electronics,pcs,29.0,2.0,2,0,25,380,650.0,Luthuli Ave Wholesale,NAIROBI,2,10,0,0
2025-05-12,PRD018,Drenching Gun Dewormer,Veterinary,Agrovet,Bottle,,8.0,0,0,4,480,650.0,Interchemie Kenya,nairobi,4,8,0,0
2024-01-18,PRD018,Drenching Gun Dewormer,Veterinary,Agrovet,Bottle,79.0,38.0,2,0,39,480,650.0,Interchemie Kenya,nairobi,4,8,0,0
2025-06-14,PRD002,Pembe Unga 1kg,Flour & Grains,Mini Supermarket,BAG,46.0,16.0,3,36,63,78,95.0,Unga Ltd Nairobi,NAIROBI,3,25,0,1
2024-08-07,PRD012,Dettol Antiseptic 100ml,Antiseptics,Pharmacy,Bottle,101.0,26.0,3,56,128,145,200.0,Reckitt Kenya,NAIROBI,3,20,0,0
2026-03-09,PRD018,Drenching Gun Dewormer,Veterinary,Agrovet,bottle,5.0,2.0,3,0,-12,480,650.0,Interchemie Kenya,,4,8,0,0
2025-10-30,PRD004,KCC Butter 250g,Dairy,Mini Supermarket,piece,57.0,8.0,0,0,57,210,260.0,Brookside Dairy Ltd,kiambu,2,15,0,0
2025-11-15,PRD016,Maize Seed 2kg,Seeds,Agrovet,pack,105.0,0.0,1,0,104,380,15524.424560611316,Kenya Seed Company,Nakurru,5,15,0,1
2024-03-22,PRD019,Infinix Charger 33W,Accessories,Electronics,PCS,24.0,8.0,1,0,15,380,650.0,Luthuli Ave Wholesale,NAIROBI,2,10,0,0
2024-06-02,PRD013,Malaria RDT Kit,DIAGNOSTICS,Pharmacy,Pcs,105.0,19.0,0,0,86,120,200.0,Medipharm Ltd,Nairobi ,4,25,0,1
2026-02-10,PRD015,CAN Fertiliser 50kg,Fertilisers,Agrovet,BAG,120.0,21.0,3,51,147,3200,3900.0,MEA Fertilisers,NAIROBI,7,5,0,0
2024-10-07,PRD018,Drenching Gun Dewormer,Veterinary,Agrovet,Bottle,96.0,33.0,0,40,103,480,650.0,   ,nairobi,4,8,0,0
2025-05-12,PRD009,Paracetamol 500mg x10,Analgesics,Pharmacy,Strips,49.0,40.0,0,0,9,18,30.0,Shelys Pharmaceuticals,Nairobi ,2,60,0,0
"Feb 08, 2025",PRD010,Amoxicillin 250mg x6,Antibiotics,Pharmacy,Strips,65.0,38.0,1,0,26,55,90.0,Cosmos Pharmaceuticals,NAIROBI,3,40,0,1
2024-04-18,PRD001,Unga Jogoo 2kg,Flour & Grains,Mini Supermarket,Bag,96.0,17.0,0,29,108,145,175.0,Unga Ltd Nairobi,,3,30,0,0
2024-01-11,PRD009,Paracetamol 500mg x10,Analgesics,Pharmacy,Strips,101.0,4.0,0,0,117,18,30.0,,Nairobi ,2,60,0,0
2026-03-18,PRD004,KCC Butter 250g,Dairy,Mini Supermarket,piece,6.0,1.0,1,0,4,210,260.0,Brookside Dairy Ltd,kiambu,2,15,0,0
2026-02-16,PRD011,ORS Sachets x6,Rehydration,Pharmacy,Pack,26.0,7.0,0,0,19,35,60.0,Dawa Ltd,nairobi,2,50,0,0
2025-08-02,PRD014,DAP Fertiliser 50kg,Fertilisers,Agrovet,bag,5.0,,3,46,48,3800,4500.0,MEA Fertilisers,NAIROB,7,5,0,1
2024-08-23,PRD011,ORS Sachets x6,Rehydration,Pharmacy,Pack,39.0,32.0,3,0,4,35,60.0,Dawa Ltd,nairobi,2,50,0,0
2024-10-22,PRD007,Omo Washing Powder 1kg,Detergents,Mini Supermarket,pack,85.0,28.0,0,7,64,295,398.25,Bidco Africa Mombasa Rd,Nairob,3,12,0,0
2024-08-03,PRD006,  Salit Sugar 1kg  ,Sugar & Spices,Mini Supermarket,Bag ,,2.0,1,0,19,135,160.0,Mumias Sugar Distributor,Kisumu,5,30,0,1
2024-04-20,PRD008,Royco Mchuzi Mix 75g,Seasonings,Mini Supermarket,pck,111.0,21.0,0,59,149,42,55.0,Unilever Kenya,nairobi,3,35,0,1
2024-05-11,PRD016,Maize Seed 2kg,Seeds,Agrovet,PACK,81.0,33.0,2,0,46,380,520.0,Kenya Seed Company,Nakurru,5,15,0,1
2024-03-15,PRD003,Brookside Milk 500ml,Dairy,Mini Supermarket,piece,87.0,34.0,3,0,50,55,70.0,Brookside Dairy Ltd,Kiambu ,2,40,0,0
2025-02-23,PRD016,Maize Seed 2kg,Seeds,Agrovet,PACK,51.0,5.0,2,0,44,380,520.0,Kenya Seed Company,Nakurru,5,15,1,1
2024-06-05,PRD005,Elianto Cooking Oil 1L,Oils & Fats,Mini Supermarket,btl,75.0,16.0,3,0,56,230,280.0,Kapa Oil Refineries,Nairobi,4,20,0,0
"Nov 20, 2024",PRD002,Pembe Unga 1kg,Flour & Grains,Mini Supermarket,BAG,104.0,22.0,1,0,63,78,2836.192948573221,Unga Ltd Nairobi,,3,25,0,0
2026-02-08,PRD012,Dettol Antiseptic 100ml,Antiseptics,Pharamcy,Bottle,48.0,36.0,0,0,12,145,200.0,Reckitt Kenya,NAIROBI,3,20,1,1
2026-03-29,PRD018,Drenching Gun Dewormer,Veterinary,Agrovet,Bottle,59.0,3.0,1,0,36,480,650.0,Interchemie Kenya,nairobi,4,8,0,1
2025-05-17,PRD001,Unga Jogoo 2kg,Flour & Grains,Mini Supermarket,bag,54.0,12.0,2,0,40,145,175.0,Unga Ltd Nairobi,Nairobi ,3,30,0,1
2024-12-25,PRD011,ORS Sachets x6,Rehydration,Pharmacy,Pack,23.0,11.0,2,49,59,35,,Dawa Ltd,nairobi,2,50,0,0
2024-11-03,PRD012,Dettol Antiseptic 100ml,Antiseptics,Pharmacy,Btl,106.0,-5.0,2,0,99,145,200.0,Reckitt Kenya,NAIROBI,3,20,0,1
2026-01-30,PRD018,Drenching Gun Dewormer,Veterinary,Agrovet,Bottle,37.0,8.0,0,0,31,480,650.0,Interchemie Kenya,nairobi,4,8,0,0
2025-10-21,PRD001,  Unga Jogoo 2kg  ,Flour & Grains,Mini Supermarket,bag,59.0,35.0,1,0,23,145,175.0,Unga Ltd Nairobi,Nairobi ,3,30,0,0
2025-11-05,PRD012,Dettol Antiseptic 100ml,Antiseptics,Pharmacy,Bottle,92.0,39.0,0,0,53,145,5970.932523312044,Reckitt Kenya,NAIROBI,3,20,0,0
2024-04-03,PRD001,Unga Jogoo 2kg,Flour & Grains,Mini Sup.,bag,33.0,32.0,1,0,0,145,175.0,,Nairobi ,3,30,0,0
2024-09-22,PRD001,Unga Jogoo 2kg,Flour & Grains,Mini Supermarket,bag,60.0,13.0,1,0,46,145,175.0,Unga Ltd Nairobi,Nairobi ,3,30,0,1
2024-01-02,PRD006,Salit Sugar 1kg,Sugar & Spices,Mini Supermarket,Bags,84.0,23.0,1,0,60,135,160.0,Mumias Sugar Distributor,Kisumu,5,30,0,0
2025-10-30,PRD003,Brookside Milk 500ml,Dairy,Mini Supermarket,piece,43.0,33.0,2,37,45,55,70.0,Brookside Dairy Ltd,Kiambu ,2,40,0,0
2024-12-06,PRD011,ORS Sachets x6,Rehydration,Pharmacy,Pack,14.0,10.0,2,0,2,35,60.0,Dawa Ltd,nairobi,2,50,0,0
2024-11-19,PRD005,Elianto Cooking Oil 1L,Oils & Fats,Mini Supermarket,btl,36.0,30.0,0,0,6,230,280.0,Kapa Oil Refineries,Nairobi,4,20,0,0
2024-05-31,PRD010,Amoxicillin 250mg x6,Antibiotics,Pharmacy,Strips,53.0,,3,0,43,55,90.0,Cosmos Pharmaceuticals,NAIROBI,3,40,0,0
2024-12-17,PRD003,Brookside Milk 500ml,Dairy,Mini Supermarket,pcs,29.0,22.0,3,0,4,55,70.0,Brookside Dairy Ltd,KIAMBU ,2,40,0,0
2024-04-24,PRD007,Omo Washing Powder 1kg,Detergents,Mini Supermarket,pack,83.0,12.0,1,0,70,295,398.25,Bidco Africa Mombasa Rd,Nairob,3,12,0,0
2024-04-22,PRD016,Maize Seed 2kg,Seeds,Agrovet,PACK,,34.0,0,0,89,380,520.0,Kenya Seed Company,Nakurru,5,15,0,0
2024-09-02,PRD011,ORS Sachets x6,Rehydration,Pharmacy,Pack,6.0,6.0,0,0,-19,35,60.0,Dawa Ltd,nairobi,2,50,0,0
2025-08-18,PRD007,Omo Washing Powder 1kg,Detergents,Mini Supermarket,pack,104.0,1.0,0,0,103,295,398.25,Bidco Africa Mombasa Rd,Nairob,3,12,0,0
09-12-2024,PRD020,Earphones Generic,Accessories,Electronics,PCS,16.0,5.0,0,36,47,150,300.0,,NAIROBI,2,12,0,0
2025-06-19,PRD007,Omo Washing Powder 1kg,Detergents,Mini Supermarket,pack,87.0,,3,0,55,295,398.25,Bidco Africa Mombasa Rd,Nairob,3,12,0,0
2024-11-15,PRD014,DAP Fertiliser 50kg,Fertilisers,Agrovet,bag,90.0,15.0,1,0,74,3800,4500.0,MEA Fertilisers,Nairob,7,5,0,0
2024-01-20,PRD009,Paracetamol 500mg x10,Analgesics,Pharmacy,Strips,96.0,24.0,3,0,69,18,30.0,Shelys Pharmaceuticals,Nairobi ,2,60,0,1
2025-12-14,PRD008,Royco Mchuzi Mix 75g,SEASONINGS,Mini Supermarkt,Pack,86.0,21.0,1,0,64,42,55.0,Unilever Kenya,nairobi,3,35,0,1
2026-02-02,PRD013,Malaria RDT Kit,Diagnostics,Pharmacy,PCS,26.0,21.0,2,40,43,120,200.0,Medipharm Ltd,Nairobi ,4,25,0,0
2026-04-03,PRD016,Maize Seed 2kg,Seeds,Agrovet,PACK,17.0,15.0,2,51,51,380,520.0,Kenya Seed Company,Nakurru,5,15,0,0
03/16/2024,PRD018,Drenching Gun Dewormer,Veterinary,agrovet,Bottle,108.0,7.0,2,58,157,480,650.0,Interchemie Kenya,nairobi,4,8,0,1
2024-07-02,PRD012,Dettol Antiseptic 100ml,Antiseptics,Pharmacy,Bottle,35.0,20.0,0,0,15,145,200.0,Reckitt Kenya,NAIROBI,3,20,0,0
2024-06-16,PRD018,  Drenching Gun Dewormer  ,Veterinary,Agrovet ,Bottle,93.0,28.0,3,0,62,480,650.0,Interchemie Kenya,NAIROBI,4,8,0,1
2025-09-21,PRD001,Unga Jogoo 2kg,Flour & Grains,Mini Supermarket,bag,66.0,38.0,3,25,45,145,175.0,Unga Ltd Nairobi,Nairobi ,3,30,0,1
2024-08-15,PRD014,DAP Fertiliser 50kg,Fertilisers,Agrovet,bag,106.0,13.0,0,0,93,3800,4500.0,MEA Fertilisers,Nairob,7,5,0,0
2025-04-30,PRD014,DAP Fertiliser 50kg,Fertilisers,Agrovet,bag,79.0,9.0,1,0,69,3800,,MEA Fertilisers,Nairob,7,5,0,0
2025-12-26,PRD012,Dettol Antiseptic 100ml,Antiseptics,Pharmacy,Bottle,37.0,-36.0,0,0,1,145,200.0,Reckitt Kenya,NAIROBI,3,20,0,0
2024-10-16,PRD020,Earphones Generic,Accessories,Electronics,piece,,8.0,2,0,101,150,300.0,,NAIROBI,2,12,0,0
2026-02-05,PRD002,Pembe Unga 1kg,Flour & Grains,Mini Supermarket,BAG,105.0,32.0,0,72,145,78,95.0,Unga Ltd Nairobi,NAIROBI,3,25,0,0
2024-07-19,PRD016,Maize Seed 2kg,Seeds,Agrovet,PACK,53.0,2.0,1,0,50,380,520.0,Kenya Seed Company,Nakurru,5,15,0,0
2024-11-15,PRD011,ORS Sachets x6,Rehydration,Pharmacy,Pack,87.0,2.0,3,0,82,35,,Dawa Ltd,nairobi,2,50,0,0
2025-10-21,PRD020,Earphones Generic,Accessories,Electronics,PCS,69.0,23.0,3,0,43,150,300.0,,NAIROBI,2,12,0,0
12-01-2024,PRD004,KCC Butter 250g,Dairy,Mini Supermarket,piece,75.0,19.0,0,0,56,210,260.0,Brookside Dairy Ltd,kiambu,2,15,0,0
2025-02-08,PRD005,Elianto Cooking Oil 1L,Oils & Fats,Mini Supermarket,btl,80.0,37.0,2,0,41,230,280.0,Kapa Oil Refineries,Nairobi,4,20,0,1
2026-04-12,PRD020,Earphones Generic,Accessories,Electronics,PCS,56.0,17.0,3,53,89,150,300.0,,Nairobi,2,12,0,1
2025-10-27,PRD011,  ORS Sachets x6  ,Rehydration,Pharmacy,Pack,55.0,40.0,3,0,12,35,60.0,Dawa Ltd,nairobi,2,50,0,0
2024-10-10,PRD009,Paracetamol 500mg x10,Analgesics,Pharmacy,Strips,111.0,,0,54,139,18,30.0,Shelys Pharmaceuticals,Nairobi ,2,60,0,0
2024-10-23,PRD020,Earphones Generic,Accessories,Electronics,PCS,85.0,27.0,0,7,65,150,300.0,,Nairobi,2,12,0,0
2024-07-13,PRD004,KCC Butter 250g,Dairy,Mini Supermarket,piece,81.0,34.0,0,64,111,210,260.0,Brookside Dairy Ltd,,2,15,0,1
2025-10-18,PRD007,Omo Washing Powder 1kg,Detergents,Mini Supermarket,pack,60.0,11.0,1,0,48,295,398.25,Bidco Africa Mombasa Rd,Nairob,3,12,0,1
2024-01-29,PRD014,DAP Fertiliser 50kg,Fertilisers,Agrovet,bag,74.0,14.0,1,0,59,3800,4500.0,,Nairob,7,5,0,0
2024-05-01,PRD012,Dettol Antiseptic 100ml,Antiseptics,Pharmacy,Bottle,84.0,37.0,3,19,57,145,200.0,Reckitt Kenya,,3,20,0,0
2024-02-28,PRD007,Omo Washing Powder 1kg,Detergents,Mini Supermarket,pack,104.0,3.0,2,0,99,295,398.25,Bidco Africa Mombasa Rd,Nairob,3,12,0,0
2024-09-21,PRD009,Paracetamol 500mg x10,Analgesics,Pharmacy,Strips,-26.0,1.0,3,0,22,18,30.0,Shelys Pharmaceuticals,,2,60,0,1
2024-02-23,PRD011,ORS Sachets x6,Rehydration,PHARMACY,Pack,113.0,6.0,0,0,107,35,60.0,Dawa Ltd,nairobi,2,50,0,0
2025-11-05,PRD019,Infinix Charger 33W,Accessories,Electronics,PCS,106.0,14.0,2,0,90,380,650.0,Luthuli Ave Wholesale,NAIROBI,2,10,0,0
2025-04-12,PRD016,Maize Seed 2kg,Seeds,Agrovet,PACK,65.0,31.0,1,55,99,380,520.0,Kenya Seed Company,Nakurru,5,15,0,1
2024-03-12,PRD012,Dettol Antiseptic 100ml,Antiseptics,Pharmacy,BOTTLE,,18.0,1,0,84,145,200.0,Reckitt Kenya,NAIROBI,3,20,0,0
2024-08-07,PRD015,CAN Fertiliser 50kg,Fertilisers,Agrovet,BAG,15.0,4.0,1,0,10,3200,3900.0,MEA Fertilisers,NAIROBI,7,5,0,0
2025-07-25,PRD002,Pembe Unga 1kg,flour & grains,Mini Supermarket,Bag,80.0,35.0,2,0,43,78,95.0,Unga Ltd Nairobi,NAIROBI,3,25,0,0
2024-03-23,PRD019,Infinix Charger 33W,Accessories,Electronics,PCS,57.0,9.0,2,0,46,380,650.0,Luthuli Ave Wholesale,NAIROBI,2,10,0,1
2025-02-28,PRD001,Unga Jogoo 2kg,Flour & Grains,Mini Supermarket,bag,45.0,2.0,3,66,106,145,175.0,Unga Ltd Nairobi,Nairobi ,3,30,0,0
22-02-2024,PRD017,Newcastle Vaccine 100dos,Veterinary,Agrovet,VIAL,49.0,19.0,3,10,37,250,400.0,Interchemie Kenya,Nairob,4,10,0,0
2025-04-15,PRD003,Brookside Milk 500ml,Dairy,Mini Supermarket,piece,22.0,2.0,2,0,18,55,70.0,Brookside Dairy Ltd,Kiambu ,2,40,0,0
2025-07-08,PRD001,Unga Jogoo 2kg,Flour & Grains,Mini Supermarket,Bag,113.0,39.0,3,34,105,145,175.0,Unga Ltd Nairobi,Nairobi ,3,30,0,0
2024-06-20,PRD013,Malaria RDT Kit,Diagnostics,Pharamcy,PCS,27.0,13.0,3,80,91,120,200.0,Medipharm Ltd,Nairobi ,4,25,0,0
2024-11-02,PRD005,Elianto Cooking Oil 1L,Oils & Fats,Mini Supermarket,Btl,17.0,3.0,0,0,14,230,280.0,Kapa Oil Refineries,Nairobi,4,20,0,1
2025-04-14,PRD009,Paracetamol 500mg x10,Analgesics,Pharmacy,Strips,,31.0,1,0,63,18,30.0,Shelys Pharmaceuticals,Nairobi ,2,60,0,0
2024-09-04,PRD003,Brookside Milk 500ml,Dairy,Mini Supermarket,Pcs,113.0,30.0,2,0,81,55,70.0,Brookside Dairy Ltd,Kiambu ,2,40,0,0
2025-09-28,PRD016,Maize Seed 2kg,Seeds,Agrovet,PACK,46.0,9.0,0,0,37,380,,Kenya Seed Company,Nakurru,5,15,0,1
2026-04-03,PRD018,Drenching Gun Dewormer,Veterinary,Agrovet,Bottle,44.0,37.0,2,0,5,480,650.0,Interchemie Kenya,nairobi,4,8,0,0
01/20/2025,PRD020,Earphones Generic,Accessories,Electronics,Pcs,49.0,25.0,0,0,24,150,300.0,,NAIROBI,2,12,0,0
2025-12-21,PRD003,Brookside Milk 500ml,Dairy,Mini Supermarket,piece,97.0,23.0,2,0,72,55,70.0,Brookside Dairy Ltd,Kiambu ,2,40,0,1
2025-03-06,PRD011,ORS Sachets x6,Rehydration,Pharmacy,Pack,112.0,34.0,3,0,75,35,60.0,,,2,50,0,0
2026-03-05,PRD012,Dettol Antiseptic 100ml,Antiseptics,Pharmacy,Bottle,86.0,12.0,3,0,71,145,200.0,Reckitt Kenya,NAIROBI,3,20,0,0
2024-10-20,PRD014,DAP Fertiliser 50kg,Fertilisers,Agrovet,BAG,5.0,3.0,0,0,2,3800,4500.0,MEA Fertilisers,Nairob,7,5,0,1
2026-01-15,PRD004,KCC Butter 250g,Dairy,Mini Supermarket,piece,71.0,20.0,3,0,48,210,260.0,Brookside Dairy Ltd,kiambu,2,15,0,0
2024-04-16,PRD003,Brookside Milk 500ml,Dairy,Mini Supermarket,piece,120.0,3.0,1,66,182,55,70.0,Brookside Dairy Ltd,Kiambu ,2,40,0,0
2024-06-15,PRD013,  Malaria RDT Kit  ,Diagnostics,Pharmacy,PCS,75.0,18.0,2,0,55,120,200.0,Medipharm Ltd,Nairobi ,4,25,0,1
2025-03-29,PRD001,Unga Jogoo 2kg,Flour & Grains,Mini Supermarket,bag,17.0,7.0,1,41,50,145,175.0,Unga Ltd Nairobi,Nairobi ,3,30,0,1
2025-05-17,PRD004,KCC Butter 250g,Dairy,Mini Supermarket,piece,80.0,36.0,1,0,43,210,260.0,Brookside Dairy Ltd,kiambu,2,15,0,1
2026-01-28,PRD019,Infinix Charger 33W,Accessories,Electronics,PCS,115.0,15.0,0,57,157,380,650.0,Luthuli Ave Wholesale,NAIROBI,2,10,0,0
2024-04-20,PRD016,Maize Seed 2kg,Seeds,Agrovet,PACK,14.0,0.0,0,56,70,380,520.0,Kenya Seed Company,Nakurru,5,15,0,1
2025-08-23,PRD007,Omo Washing Powder 1kg,Detergents,Mini Supermarket,pack,37.0,33.0,0,0,4,295,398.25,   ,Nairob,3,12,0,1
2025-10-18,PRD011,ORS Sachets x6,Rehydration,Pharmacy,Pack,36.0,14.0,1,0,21,35,60.0,Dawa Ltd,nairobi,2,50,0,1
2025-06-02,PRD001,Unga Jogoo 2kg,Flour & Grains,Mini Supermarket,bag,69.0,-0.0,0,25,94,145,175.0,Unga Ltd Nairobi,Nairobi ,3,30,0,0
2024-08-26,PRD020,Earphones Generic,Accessories,ELECTRONICS,PCS,45.0,9.0,0,0,36,150,300.0,,NAIROBI,2,12,0,0
2024-06-15,PRD004,KCC Butter 250g,Dairy,Mini Supermarket,piece,90.0,25.0,3,0,62,210,260.0,   ,kiambu,2,15,0,1
2024-05-20,PRD003,Brookside Milk 500ml,Dairy,Mini Supermarket,PCS,91.0,24.0,1,0,66,55,70.0,Brookside Dairy Ltd,kiambu ,2,40,0,0
2026-04-04,PRD001,Unga Jogoo 2kg,Flour & Grains,Mini Supermarket,bag,18.0,4.0,0,0,14,145,175.0,Unga Ltd Nairobi,Nairobi ,3,30,0,1
2024-10-10,PRD015,CAN Fertiliser 50kg,Fertilisers,Agrovet,BAG,118.0,8.0,3,9,116,3200,3900.0,MEA Fertilisers,NAIROBI,7,5,0,0
2025-07-30,PRD009,Paracetamol 500mg x10,Analgesics,Pharmacy,Strips,100.0,14.0,3,0,83,18,30.0,Shelys Pharmaceuticals,Nairobi ,2,60,0,0
2026-04-06,PRD007,Omo Washing Powder 1kg,Detergents,Mini Supermarket,pack,69.0,34.0,1,0,34,295,398.25,Bidco Africa Mombasa Rd,NAIROB,3,12,0,0
2024-05-05,PRD003,Brookside Milk 500ml,Dairy,Mini Supermarket,piece,39.0,26.0,0,0,13,55,70.0,,Kiambu ,2,40,0,1
2024-09-01,PRD001,Unga Jogoo 2kg,Flour & Grains,Mini Supermarket,bag,51.0,-8.0,3,0,40,145,,Unga Ltd Nairobi,Nairobi ,3,30,0,1
2025-11-23,PRD019,Infinix Charger 33W,Accessories,Electronics,PCS,61.0,24.0,0,0,37,380,650.0,Luthuli Ave Wholesale,NAIROBI,2,10,0,1
2026-01-06,PRD002,  Pembe Unga 1kg  ,Flour & Grains,Mini Supermarket,BAG,106.0,8.0,0,37,135,78,95.0,Unga Ltd Nairobi,NAIROBI,3,25,0,0
2025-11-14,PRD019,Infinix Charger 33W,Accessories,Electronics,PCS,17.0,12.0,2,0,3,380,650.0,Luthuli Ave Wholesale,NAIROBI,2,10,0,0
2025-09-01,PRD015,CAN Fertiliser 50kg,Fertilisers,Agrovet,BAG,103.0,13.0,2,0,88,3200,3900.0,MEA Fertilisers,NAIROBI,7,5,0,0
2026-02-05,PRD012,Dettol Antiseptic 100ml,Antiseptics,Pharmacy,Bottle,28.0,3.0,3,0,22,145,200.0,Reckitt Kenya,NAIROBI,3,20,0,0
"Jul 05, 2025",PRD005,  Elianto Cooking Oil 1L  ,Oils & Fats,Mini Supermarket,btl,37.0,4.0,2,48,60,230,280.0,Kapa Oil Refineries,Nairobi,4,20,0,1
2026-02-16,PRD002,Pembe Unga 1kg,Flour & Grains,Mini Supermarket,BAG,5.0,,2,7,8,78,95.0,   ,Nairobi,3,25,0,0
2026-04-18,PRD016,Maize Seed 2kg,Seeds,Agrovet,PACK,103.0,32.0,3,0,68,380,520.0,Kenya Seed Company,Nakurru,5,15,0,1
2026-02-20,PRD015,CAN Fertiliser 50kg,Fertilisers,Agrovet,BAG,20.0,0.0,2,0,18,3200,3900.0,MEA Fertilisers,NAIROBI,7,5,0,0
2025-02-15,PRD003,  Brookside Milk 500ml  ,Dairy,Mini Supermarket,piece,74.0,32.0,0,52,94,55,70.0,Brookside Dairy Ltd,Kiambu ,2,40,0,1
2024-07-19,PRD019,Infinix Charger 33W,Accessories,Electronics,PCS,119.0,12.0,3,41,145,380,650.0,Luthuli Ave Wholesale,NAIROBI,2,10,0,0
2024-12-04,PRD001,Unga Jogoo 2kg,Flour & Grains,Mini Supermarket,bag,74.0,10.0,3,0,61,145,175.0,,Nairobi ,3,30,0,0
2024-08-22,PRD004,KCC Butter 250g,Dairy,Mini Supermarket,piece,104.0,13.0,1,0,90,210,260.0,Brookside Dairy Ltd,kiambu,2,15,0,0
2025-05-18,PRD018,Drenching Gun Dewormer,Veterinary,Agrovet,Bottle,78.0,40.0,0,48,86,480,650.0,Interchemie Kenya,nairobi,4,8,0,1
2026-04-19,PRD007,Omo Washing Powder 1kg,Detergents,Mini Supermarket,pack,116.0,32.0,3,0,81,295,398.25,Bidco Africa Mombasa Rd,Nairob,3,12,1,1
02-08-2024,PRD017,Newcastle Vaccine 100dos,Veterinary,Agrovet,VIAL,12.0,5.0,0,71,78,250,400.0,Interchemie Kenya,Nairob,4,10,0,0
2025-03-27,PRD007,Omo Washing Powder 1kg,Detergents,Mini Supermarket,pack,106.0,12.0,2,0,92,295,398.25,Bidco Africa Mombasa Rd,Nairob,3,12,0,0
2025-02-25,PRD013,Malaria RDT Kit,Diagnostics,Pharmacy,PCS,110.0,21.0,0,0,89,120,200.0,Medipharm Ltd,nairobi ,4,25,0,0
2024-12-29,PRD002,Pembe Unga 1kg,Flour & Grains,Mini Supermarket,BAG,8.0,2.0,2,31,35,78,95.0,Unga Ltd Nairobi,NAIROBI,3,25,1,1
2024-07-13,PRD020,Earphones Generic,Accessories,Electroncis,PCS,115.0,6.0,0,0,109,150,300.0,,nairobi,2,12,0,1
2024-10-15,PRD004,KCC Butter 250g,Dairy,Mini Supermarket,piece,39.0,3.0,2,0,34,210,260.0,Brookside Dairy Ltd,kiambu,2,15,0,0
2024-03-28,PRD011,ORS Sachets x6,Rehydration,Pharmacy,Pack,114.0,2.0,0,0,112,35,60.0,Dawa Ltd,nairobi,2,50,0,0
2025-09-02,PRD011,ORS Sachets x6,Rehydration,Pharmacy,Pack,11.0,6.0,1,0,4,35,60.0,Dawa Ltd,nairobi,2,50,0,0
"Mar 08, 2024",PRD005,  Elianto Cooking Oil 1L  ,Oils & Fats,Mini Supermarket,bottle,,1.0,2,0,14,230,,Kapa Oil Refineries,Nairobi,4,20,0,0
26/08/2024,PRD013,Malaria RDT Kit,Diagnostics,Pharmacy,PCS,74.0,32.0,2,0,40,120,200.0,Medipharm Ltd,Nairobi ,4,25,0,0
2025-08-04,PRD006,Salit Sugar 1kg,Sugar & Spices,Mini Supermarket,Bag ,41.0,17.0,1,0,23,135,160.0,Mumias Sugar Distributor,Kisumu,5,30,0,0
2024-04-07,PRD017,Newcastle Vaccine 100dos,Veterinary,Agrovet,VIAL,81.0,34.0,1,0,46,250,400.0,Interchemie Kenya,Nairob,4,10,0,1
2026-04-18,PRD005,Elianto Cooking Oil 1L,Oils & Fats,Mini Supermarket,btl,7.0,4.0,1,0,2,230,280.0,Kapa Oil Refineries,Nairobi,4,20,0,1
2024-04-25,PRD007,Omo Washing Powder 1kg,Detergents,Mini Supermarket,pack,27.0,22.0,2,75,78,295,398.25,Bidco Africa Mombasa Rd,Nairob,3,12,0,0
2026-04-03,PRD007,Omo Washing Powder 1kg,Detergents,Mini Supermarket,pack,13.0,0.0,3,34,44,295,,Bidco Africa Mombasa Rd,Nairob,3,12,0,0
22/06/2025,PRD008,Royco Mchuzi Mix 75g,Seasonings,Mini Supermarket,Pack,28.0,26.0,0,57,59,42,55.0,Unilever Kenya,NAIROBI,3,35,0,1
2024-11-09,PRD012,Dettol Antiseptic 100ml,Antiseptics,PHARMACY,Bottle,89.0,15.0,3,35,106,145,200.0,Reckitt Kenya,Nairobi,3,20,0,1
27-Jan-2025,PRD007,Omo Washing Powder 1kg,Detergents,Mini Supermarket,pack,27.0,8.0,0,1,20,295,398.25,Bidco Africa Mombasa Rd,Nairob,3,12,0,0
2024-07-03,PRD007,Omo Washing Powder 1kg,Detergents,Mini Supermarket,pack,94.0,37.0,2,28,83,295,398.25,Bidco Africa Mombasa Rd,Nairob,3,12,0,0
2026-03-11,PRD018,Drenching Gun Dewormer,Veterinary,Agrovet ,Bottle,115.0,,1,0,97,480,650.0,Interchemie Kenya,nairobi,4,8,0,0
2026-01-07,PRD014,DAP Fertiliser 50kg,Fertilisers,Agrovet,bag,38.0,26.0,0,0,12,3800,4500.0,MEA Fertilisers,Nairob,7,5,0,0
2025-04-09,PRD014,DAP Fertiliser 50kg,Fertilisers,AGROVET,bag,113.0,33.0,1,0,79,3800,4500.0,MEA Fertilisers,Nairob,7,5,0,0
2024-11-01,PRD015,  CAN Fertiliser 50kg  ,Fertilisers,Agrovet,BAG,15.0,4.0,0,0,29,3200,3900.0,,NAIROBI,7,5,0,0
2024-05-05,PRD014,DAP Fertiliser 50kg,Fertilisers,Agrovet,bag,80.0,35.0,2,0,43,3800,4500.0,MEA Fertilisers,Nairob,7,5,0,1
2024-04-01,PRD002,  Pembe Unga 1kg  ,Flour & Grains,Mini Supermarket,BAG,55.0,20.0,2,0,33,78,95.0,Unga Ltd Nairobi,NAIROBI,3,25,0,0
2024-04-02,PRD016,Maize Seed 2kg,Seeds,Agrovet,PACK,66.0,37.0,3,0,26,380,520.0,Kenya Seed Company,,5,15,0,0
2025-05-03,PRD019,Infinix Charger 33W,Accessories,Electronics,PCS,85.0,27.0,0,23,81,380,650.0,Luthuli Ave Wholesale,NAIROBI,2,10,0,1
2025-04-16,PRD010,  Amoxicillin 250mg x6  ,antibiotics,Pharmacy,Strips,70.0,23.0,0,0,47,55,90.0,Cosmos Pharmaceuticals,NAIROBI,3,40,0,0
2024-01-19,PRD002,Pembe Unga 1kg,Flour & Grains,Mini Supermarket,BAG,23.0,0.0,0,60,83,78,,Unga Ltd Nairobi,nairobi,3,25,0,0
2026-01-11,PRD006,Salit Sugar 1kg,Sugar & Spices,Mini Supermarket,Bag ,26.0,0.0,2,0,24,135,160.0,Mumias Sugar Distributor,Kisumu,5,30,0,1
2025-01-16,PRD001,Unga Jogoo 2kg,Flour & Grains,Mini Supermarket,bag,,22.0,2,0,53,145,175.0,Unga Ltd Nairobi,Nairobi ,3,30,0,0
2025-07-13,PRD003,Brookside Milk 500ml,Dairy,Mini Supermarket,piece,43.0,,0,0,20,55,70.0,Brookside Dairy Ltd,Kiambu ,2,40,0,1
2026-01-07,PRD006,Salit Sugar 1kg,Sugar & Spices,Mini Supermarket,Bag ,34.0,34.0,3,60,57,135,160.0,Mumias Sugar Distributor,Kisumu,5,30,0,0
2024-07-20,PRD004,KCC Butter 250g,Dairy,Mini Supermarket,piece,20.0,4.0,1,32,47,210,260.0,Brookside Dairy Ltd,kiambu,2,15,0,1
2024-05-02,PRD011,ORS Sachets x6,rehydration,Pharmacy,Pack,,2.0,1,0,60,35,60.0,Dawa Ltd,nairobi,2,50,0,0
2024-01-25,PRD018,Drenching Gun Dewormer,Veterinary,Agrovet,Bottle,110.0,37.0,2,0,71,480,650.0,Interchemie Kenya,nairobi,4,8,0,0
2025-11-01,PRD001,Unga Jogoo 2kg,Flour & Grains,Mini Supermarket,bag,20.0,5.0,1,0,14,145,5224.565957898039,Unga Ltd Nairobi,Nairobi ,3,30,0,1
2025-08-08,PRD008,Royco Mchuzi Mix 75g,Seasonings,Mini Supermarket,Pack,40.0,30.0,3,0,7,42,55.0,Unilever Kenya,nairobi,3,35,0,0
2025-05-06,PRD006,Salit Sugar 1kg,Sugar & Spices,Mini Supermarket,Bag ,73.0,11.0,3,0,59,135,160.0,Mumias Sugar Distributor,Kisumu,5,30,0,0
2026-01-28,PRD016,Maize Seed 2kg,Seeds,Agrovet,PACK,105.0,23.0,0,27,109,380,520.0,Kenya Seed Company,Nakurru,5,15,0,0
2024-11-17,PRD011,ORS Sachets x6,Rehydration,Pharmacy,Pack,53.0,10.0,3,0,40,35,60.0,Dawa Ltd,nairobi,2,50,0,1
2024-11-15,PRD002,Pembe Unga 1kg,Flour & Grains,mini supermarket,BAG,41.0,1.0,1,0,39,78,95.0,Unga Ltd Nairobi,NAIROBI,3,25,0,0
2024-04-25,PRD014,DAP Fertiliser 50kg,Fertilisers,Agrovet,bag,93.0,18.0,1,0,74,3800,4500.0,MEA Fertilisers,NAIROB,7,5,0,0
2024-02-29,PRD017,Newcastle Vaccine 100dos,Veterinary,Agrovet,VIAL,56.0,23.0,1,0,32,250,400.0,Interchemie Kenya,Nairob,4,10,0,0
2024-01-26,PRD002,Pembe Unga 1kg,Flour & Grains,Mini Supermarket,bag,40.0,37.0,2,0,1,78,95.0,Unga Ltd Nairobi,NAIROBI,3,25,0,0
18-Apr-2025,PRD004,KCC Butter 250g,Dairy,Mini Supermarket,piece,96.0,36.0,1,18,77,210,260.0,Brookside Dairy Ltd,kiambu,2,15,0,0
2024-07-08,PRD014,  DAP Fertiliser 50kg  ,Fertilisers,Agrovet,bag,85.0,24.0,0,0,61,3800,4500.0,MEA Fertilisers,Nairob,7,5,0,0
"Oct 02, 2024",PRD019,Infinix Charger 33W,Accessories,Electronics,PCS,,13.0,3,0,-18,380,650.0,Luthuli Ave Wholesale,NAIROBI,2,10,0,0
2025-11-18,PRD020,Earphones Generic,Accessories,electronics,PCS,32.0,8.0,2,0,22,150,300.0,,NAIROBI,2,12,0,0
2024-09-08,PRD010,Amoxicillin 250mg x6,Antibiotics,pharmacy,Strips,69.0,16.0,2,0,51,55,90.0,Cosmos Pharmaceuticals,,3,40,0,1
2025-09-23,PRD005,Elianto Cooking Oil 1L,Oils & Fats,Mini Supermarket,btl,115.0,37.0,3,0,75,230,280.0,Kapa Oil Refineries,,4,20,0,0
2024-01-23,PRD002,Pembe Unga 1kg,Flour & Grains,Mini Supermarket,BAG,18.0,18.0,0,0,0,78,,Unga Ltd Nairobi,NAIROBI,3,25,0,0
2024-07-10,PRD005,Elianto Cooking Oil 1L,Oils & Fats,Mini Supermarket,btl,109.0,14.0,1,0,94,230,280.0,Kapa Oil Refineries,Nairobi,4,20,0,0
2024-11-01,PRD012,Dettol Antiseptic 100ml,Antiseptics,Pharamcy,Bottle,78.0,10.0,2,0,66,145,200.0,Reckitt Kenya,,3,20,0,0
14-Jun-2025,PRD012,Dettol Antiseptic 100ml,Antiseptics,Pharmacy,Bottle,7.0,4.0,3,53,53,145,200.0,Reckitt Kenya,nairobi,3,20,0,1
2025-01-14,PRD007,Omo Washing Powder 1kg,Detergents,Mini Supermarket,Pack,81.0,7.0,0,33,107,295,398.25,Bidco Africa Mombasa Rd,Nairob,3,12,0,0
2025-11-15,PRD019,Infinix Charger 33W,Accessories,Electronics,PCS,52.0,37.0,3,58,70,380,650.0,Luthuli Ave Wholesale,NAIROBI,2,10,0,1
2025-05-09,PRD017,Newcastle Vaccine 100dos,Veterinary,agrovet,VIAL,76.0,28.0,0,0,48,250,400.0,Interchemie Kenya,Nairob,4,10,0,0
2025-01-15,PRD004,KCC Butter 250g,Dairy,Mini Supermarket,piece,71.0,32.0,1,46,84,210,,Brookside Dairy Ltd,kiambu,2,15,0,0
2025-04-28,PRD016,Maize Seed 2kg,Seeds,Agrovet,PACK,55.0,32.0,1,28,50,380,520.0,Kenya Seed Company,Nakurru,5,15,0,0
2024-12-10,PRD006,Salit Sugar 1kg,Sugar & Spices,Mini Supermarket,Bag ,92.0,34.0,0,0,58,135,160.0,Mumias Sugar Distributor,Kisumu,5,30,0,0
2024-02-06,PRD012,Dettol Antiseptic 100ml,Antiseptics,Pharmacy,Bottle,,19.0,1,0,43,145,200.0,Reckitt Kenya,NAIROBI,3,20,0,0
2024-06-02,PRD019,Infinix Charger 33W,Accessories,Electronics,PCS,45.0,1.0,3,0,41,380,650.0,Luthuli Ave Wholesale,NAIROBI,2,10,0,1
2025-12-31,PRD015,CAN Fertiliser 50kg,Fertilisers,Agrovet,BAG,82.0,37.0,1,0,44,3200,3900.0,MEA Fertilisers,NAIROBI,7,5,0,0
2024-09-26,PRD016,Maize Seed 2kg,Seeds,Agrovet,PACK,107.0,18.0,2,0,87,380,520.0,Kenya Seed Company,Nakurru,5,15,0,0
2025-05-29,PRD003,Brookside Milk 500ml,Dairy,Mini Supermarket,piece,43.0,,1,25,42,55,70.0,Brookside Dairy Ltd,Kiambu ,2,40,0,0
06-Jun-2024,PRD017,Newcastle Vaccine 100dos,Veterinary,Agrovet,VIAL,101.0,32.0,1,0,68,250,400.0,Interchemie Kenya,,4,10,0,0
21-Dec-2025,PRD020,Earphones Generic,Accessories,Electronics,PCS,92.0,13.0,1,19,97,150,300.0,,NAIROBI,2,12,0,1
2024-05-08,PRD015,CAN Fertiliser 50kg,Fertilisers,Agrovet,BAG,50.0,14.0,2,0,34,3200,3900.0,MEA Fertilisers,NAIROBI,7,5,0,0
2026-02-10,PRD020,Earphones Generic,Accessories,Electronics,Pcs,10.0,-4.0,2,17,21,150,300.0,,NAIROBI,2,12,0,0
2025-05-12,PRD018,Drenching Gun Dewormer,Veterinary,Agrovet,Bottle,,8.0,0,0,4,480,650.0,Interchemie Kenya,nairobi,4,8,0,0
2026-02-01,PRD017,Newcastle Vaccine 100dos,Veterinary,Agrovet,VIAL,17.0,7.0,1,0,9,250,400.0,Interchemie Kenya,Nairob,4,10,0,1
2025-04-11,PRD012,Dettol Antiseptic 100ml,Antiseptics,Pharmacy,Bottle,27.0,10.0,3,0,14,145,200.0,,NAIROBI,3,20,0,0
2024-09-18,PRD006,Salit Sugar 1kg,Sugar & Spices,Mini Supermarket,Bag ,,40.0,2,0,2,135,160.0,Mumias Sugar Distributor,Kisumu,5,30,0,0
2025-04-05,PRD006,Salit Sugar 1kg,Sugar & Spices,Mini Supermarket,BAG,20.0,3.0,1,0,9,135,160.0,Mumias Sugar Distributor,Kisumu,5,30,0,1
2024-12-09,PRD008,Royco Mchuzi Mix 75g,Seasonings,Mini Supermarket,Pack,59.0,33.0,1,0,25,42,55.0,,nairobi,3,35,0,0
2025-07-30,PRD001,Unga Jogoo 2kg,Flour & Grains,Mini Supermarket,bag,5.0,2.0,3,12,12,145,175.0,Unga Ltd Nairobi,Nairobi ,3,30,0,0
2026-04-14,PRD007,Omo Washing Powder 1kg,Detergents,Mini Supermarket,Pack,84.0,39.0,1,23,67,295,398.25,Bidco Africa Mombasa Rd,Nairob,3,12,0,0
2025-12-30,PRD020,Earphones Generic,Accessories,Electronics,PCS,19.0,5.0,1,0,13,150,300.0,,NAIROBI,2,12,0,0
2024-08-29,PRD013,Malaria RDT Kit,Diagnostics,Pharmacy,PCS,99.0,29.0,1,0,69,120,200.0,Medipharm Ltd,Nairobi ,4,25,0,0
"Apr 29, 2024",PRD014,DAP Fertiliser 50kg,Fertilisers,Agrovet,bag,59.0,5.0,2,0,52,3800,4500.0,MEA Fertilisers,Nairob,7,5,0,0
2025-10-17,PRD001,Unga Jogoo 2kg,Flour & Grains,Mini Supermarket,bag,45.0,15.0,0,0,30,145,175.0,Unga Ltd Nairobi,Nairobi ,3,30,0,0
2024-07-08,PRD020,Earphones Generic,Accessories,Electronics,pcs,10.0,5.0,1,0,4,150,300.0,,NAIROBI,2,12,0,0
2024-07-05,PRD010,  Amoxicillin 250mg x6  ,Antibiotics,Pharmacy,Strips,,7.0,3,67,74,55,90.0,Cosmos Pharmaceuticals,nairobi,3,40,0,0
2025-11-23,PRD001,Unga Jogoo 2kg,Flour & Grains,Mini Supermarket,bag,98.0,1.0,0,0,97,145,175.0,Unga Ltd Nairobi,Nairobi ,3,30,1,1
2025-08-29,PRD015,CAN Fertiliser 50kg,Fertilisers,Agrovet,BAG,10.0,6.0,0,0,4,3200,3900.0,MEA Fertilisers,NAIROBI,7,5,0,0
2025-05-29,PRD004,KCC Butter 250g,Dairy,Mini Supermarket,piece,105.0,5.0,2,0,98,210,,Brookside Dairy Ltd,kiambu,2,15,0,0
2025-06-26,PRD012,Dettol Antiseptic 100ml,Antiseptics,Pharamcy,Bottle,51.0,27.0,0,0,24,145,200.0,Reckitt Kenya,NAIROBI,3,20,0,0
2025-01-04,PRD005,Elianto Cooking Oil 1L,Oils & Fats,Mini Supermarket,btl,114.0,4.0,1,0,109,230,280.0,   ,Nairobi,4,20,0,1
2026-03-25,PRD002,Pembe Unga 1kg,Flour & Grains,Mini Supermarket,bag,67.0,6.0,3,37,95,78,95.0,Unga Ltd Nairobi,NAIROBI,3,25,0,0
2024-03-01,PRD002,Pembe Unga 1kg,Flour & Grains,Mini Supermarket,BAG,52.0,28.0,0,0,24,78,95.0,Unga Ltd Nairobi,,3,25,0,0
2025-06-08,PRD008,Royco Mchuzi Mix 75g,Seasonings,Mini Supermarket,Pack,120.0,17.0,0,0,103,42,55.0,Unilever Kenya,nairobi,3,35,0,1
27-07-2024,PRD009,Paracetamol 500mg x10,Analgesics,Pharmacy,Strips,98.0,33.0,2,0,63,18,30.0,Shelys Pharmaceuticals,Nairobi ,2,60,0,1
2025-01-04,PRD006,Salit Sugar 1kg,Sugar & Spices,Mini Supermarket,Bag ,42.0,24.0,1,0,17,135,160.0,Mumias Sugar Distributor,,5,30,0,1
2024-07-15,PRD004,KCC Butter 250g,Dairy,Mini Supermarket,piece,76.0,34.0,0,18,60,210,260.0,   ,kiambu,2,15,0,0
2024-04-29,PRD017,Newcastle Vaccine 100dos,Veterinary,Agrovet,VIAL,31.0,10.0,2,0,19,250,400.0,Interchemie Kenya,Nairob,4,10,0,0
2024-08-10,PRD001,Unga Jogoo 2kg,Flour & Grains,Mini Supermarket,bag,,27.0,2,0,11,145,175.0,Unga Ltd Nairobi,Nairobi ,3,30,0,1
2024-05-27,PRD007,Omo Washing Powder 1kg,Detergents,Mini Supermarket,pack,9.0,5.0,3,71,72,295,398.25,Bidco Africa Mombasa Rd,Nairob,3,12,0,0
2026-01-22,PRD010,Amoxicillin 250mg x6,Antibiotics,Pharmacy,Strips,36.0,4.0,1,0,31,55,90.0,Cosmos Pharmaceuticals,NAIROBI,3,40,0,0
2024-01-29,PRD018,Drenching Gun Dewormer,Veterinary,Agrovet,Bottle,110.0,9.0,0,39,140,480,650.0,,nairobi,4,8,0,0
2025-11-07,PRD016,Maize Seed 2kg,Seeds,Agrovet,Packs,-77.0,-37.0,3,0,37,380,520.0,Kenya Seed Company,Nakurru,5,15,0,0
2024-11-17,PRD003,Brookside Milk 500ml,Dairy,Mini Supermarket,piece,99.0,27.0,1,0,71,55,70.0,Brookside Dairy Ltd,Kiambu ,2,40,0,1
2024-01-16,PRD015,CAN Fertiliser 50kg,Fertilisers,Agrovet,BAG,108.0,34.0,1,0,73,3200,3900.0,MEA Fertilisers,NAIROBI,7,5,0,0
2025-06-07,PRD007,Omo Washing Powder 1kg,Detergents,Mini Supermarket,pack,83.0,15.0,1,0,67,295,398.25,Bidco Africa Mombasa Rd,Nairob,3,12,0,1
2026-03-31,PRD001,Unga Jogoo 2kg,Flour & Grains,Mini Supermarket,BAG,120.0,21.0,2,0,97,145,175.0,Unga Ltd Nairobi,Nairobi ,3,30,0,0
23-11-2024,PRD017,Newcastle Vaccine 100dos,Veterinary,Agrovet,VIAL,5.0,-5.0,0,66,66,250,400.0,Interchemie Kenya,Nairob,4,10,0,1
2025-03-07,PRD008,Royco Mchuzi Mix 75g,Seasonings,Mini Supermarket,Pack,78.0,30.0,3,0,45,42,55.0,   ,nairobi,3,35,0,0
2024-07-12,PRD013,Malaria RDT Kit,Diagnostics,PHARMACY,PCS,6.0,0.0,3,0,3,120,200.0,Medipharm Ltd,Nairobi ,4,25,0,0
2025-04-22,PRD007,Omo Washing Powder 1kg,Detergents,mini supermarket,pack,22.0,22.0,3,0,0,295,398.25,Bidco Africa Mombasa Rd,Nairob,3,12,0,0
2024-04-09,PRD006,Salit Sugar 1kg,Sugar & Spices,Mini Supermarket,bag,67.0,21.0,0,80,126,135,160.0,Mumias Sugar Distributor,Kisumu,5,30,0,0
2024-09-25,PRD012,Dettol Antiseptic 100ml,Antiseptics,Pharmacy,Bottle,118.0,21.0,0,0,97,145,200.0,Reckitt Kenya,NAIROBI,3,20,0,0
25-Dec-2025,PRD004,KCC Butter 250g,Dairy,Mini Supermarket,piece,32.0,,0,0,9,210,260.0,Brookside Dairy Ltd,kiambu,2,15,0,0
2025-07-18,PRD005,Elianto Cooking Oil 1L,Oils & Fats,Mini Supermarket,btl,56.0,3.0,2,0,51,230,280.0,Kapa Oil Refineries,Nairobi,4,20,0,0
2025-06-19,PRD005,Elianto Cooking Oil 1L,Oils & Fats,Mini Supermarket,btl,118.0,8.0,2,0,108,230,280.0,Kapa Oil Refineries,Nairobi,4,20,0,0
2024-09-11,PRD016,Maize Seed 2kg,Seeds,Agrovet,PACK,53.0,36.0,3,0,14,380,520.0,Kenya Seed Company,Nakurru,5,15,0,0
2024-08-15,PRD006,Salit Sugar 1kg,Sugar & Spices,Mini Supermarket,Bag ,,15.0,1,25,28,135,160.0,Mumias Sugar Distributor,Kisumu,5,30,0,0
2026-04-09,PRD002,Pembe Unga 1kg,Flour & Grains,Mini Supermarket,BAG,106.0,10.0,1,0,95,78,95.0,Unga Ltd Nairobi,NAIROBI,3,25,0,0
2025-09-19,PRD009,Paracetamol 500mg x10,Analgesics,Pharmacy,Strips,83.0,18.0,1,0,64,18,30.0,,Nairobi ,2,60,0,0
2024-09-07,PRD018,Drenching Gun Dewormer,Veterinary,Agrovet,Bottle,84.0,6.0,0,0,78,480,,Interchemie Kenya,nairobi,4,8,0,1
2024-08-01,PRD012,Dettol Antiseptic 100ml,Antiseptics,Pharmacy,Bottle,,20.0,0,0,44,145,200.0,Reckitt Kenya,NAIROBI,3,20,0,0
2025-11-18,PRD006,Salit Sugar 1kg,Sugar & Spices,Mini Supermarket,Bag ,11.0,1.0,3,43,50,135,160.0,Mumias Sugar Distributor,,5,30,0,0
2025-08-05,PRD013,Malaria RDT Kit,Diagnostics,Pharmacy,PCS,100.0,2.0,0,0,98,120,200.0,Medipharm Ltd,Nairobi ,4,25,0,0
2025-08-25,PRD018,Drenching Gun Dewormer,VETERINARY,Agrovet,Bottle,101.0,8.0,2,0,74,480,650.0,Interchemie Kenya,nairobi,4,8,0,0
2025-09-12,PRD001,Unga Jogoo 2kg,Flour & Grains,Mini Supermarket,bag,42.0,,0,0,10,145,175.0,Unga Ltd Nairobi,Nairobi ,3,30,0,0
2025-05-05,PRD010,  Amoxicillin 250mg x6  ,Antibiotics,Pharmacy,Strips,68.0,40.0,1,0,27,55,90.0,Cosmos Pharmaceuticals,NAIROBI,3,40,0,0
2024-11-24,PRD014,DAP Fertiliser 50kg,Fertilisers,Agrovet,bag,40.0,15.0,2,0,23,3800,4500.0,   ,Nairob,7,5,0,1
03/11/2026,PRD006,Salit Sugar 1kg,Sugar & Spices,Mini Supermarket,Bag ,111.0,5.0,1,0,105,135,160.0,Mumias Sugar Distributor,Kisumu,5,30,0,0
2024-04-13,PRD003,Brookside Milk 500ml,Dairy,Mini Supermarket,piece,68.0,40.0,0,0,28,55,70.0,Brookside Dairy Ltd,Kiambu ,2,40,0,1
2025-01-09,PRD002,Pembe Unga 1kg,flour & grains,Mini Supermarket,BAG,111.0,34.0,3,0,74,78,95.0,Unga Ltd Nairobi,nairobi,3,25,0,0
2026-01-13,PRD003,  Brookside Milk 500ml  ,dairy,Mini Supermarket,piece,78.0,10.0,1,0,67,55,70.0,,Kiambu ,2,40,0,0
2026-03-16,PRD010,Amoxicillin 250mg x6,Antibiotics,Pharmacy,Strips,81.0,3.0,1,0,77,55,90.0,Cosmos Pharmaceuticals,NAIROBI,3,40,0,0
2026-01-10,PRD018,Drenching Gun Dewormer,Veterinary,Agrovet,Bottle,54.0,16.0,1,58,95,480,650.0,,nairobi,4,8,0,1
2024-05-24,PRD009,Paracetamol 500mg x10,Analgesics,Pharmacy,Strips,5.0,,0,0,1,18,30.0,Shelys Pharmaceuticals,Nairobi ,2,60,0,0
2026-04-29,PRD010,Amoxicillin 250mg x6,Antibiotics,Pharmacy,Strips,21.0,-7.0,3,51,62,55,90.0,Cosmos Pharmaceuticals,NAIROBI,3,40,0,0
2025-07-16,PRD019,Infinix Charger 33W,Accessories,Electronics,PCS,10.0,0.0,2,17,25,380,650.0,Luthuli Ave Wholesale,NAIROBI,2,10,0,0
2024-02-06,PRD018,Drenching Gun Dewormer,Veterinary,Agrovet,Bottle,77.0,3.0,3,0,71,480,650.0,Interchemie Kenya,nairobi,4,8,0,0
2024-10-01,PRD015,CAN Fertiliser 50kg,Fertilisers,Agrovet,BAG,-94.0,12.0,0,18,100,3200,3900.0,MEA Fertilisers,NAIROBI,7,5,0,0
2024-10-20,PRD004,KCC Butter 250g,Dairy,Mini Supermarket,piece,,34.0,2,0,57,210,260.0,Brookside Dairy Ltd,kiambu,2,15,0,1
2025-02-07,PRD004,KCC Butter 250g,Dairy,MINI SUPERMARKET,piece,97.0,36.0,2,0,59,210,260.0,Brookside Dairy Ltd,kiambu,2,15,0,0
2024-03-22,PRD003,Brookside Milk 500ml,Dairy,Mini Supermarket,piece,17.0,1.0,3,0,13,55,,Brookside Dairy Ltd,,2,40,0,0
2026-04-23,PRD006,Salit Sugar 1kg,Sugar & Spices,Mini Supermarket,Bag,87.0,33.0,0,32,86,135,160.0,Mumias Sugar Distributor,kisumu,5,30,0,0
2025-04-26,PRD009,Paracetamol 500mg x10,Analgesics,Pharmacy,Strips,111.0,15.0,1,0,95,18,30.0,Shelys Pharmaceuticals,Nairobi ,2,60,0,1
2025-07-04,PRD020,Earphones Generic,Accessories,Electronics,PCS,86.0,21.0,1,0,64,150,300.0,,NAIROBI,2,12,0,0
2025-05-13,PRD014,DAP Fertiliser 50kg,Fertilisers,Agrovet,bag,78.0,11.0,3,0,54,3800,4500.0,MEA Fertilisers,Nairob,7,5,0,0
2024-12-13,PRD016,Maize Seed 2kg,Seeds,Agrovet,PACK,59.0,38.0,0,0,9,380,520.0,Kenya Seed Company,Nakurru,5,15,0,0
2025-12-12,PRD013,Malaria RDT Kit,Diagnostics,Pharmacy,PCS,57.0,9.0,1,0,47,120,200.0,Medipharm Ltd,Nairobi ,4,25,0,0
2026-01-11,PRD001,Unga Jogoo 2kg,Flour & Grains,Mini Supermarket,bag,70.0,38.0,2,59,89,145,175.0,Unga Ltd Nairobi,Nairobi ,3,30,1,1
2024-11-26,PRD006,Salit Sugar 1kg,Sugar & Spices,Mini Supermarket,bag,101.0,5.0,0,0,96,135,,Mumias Sugar Distributor,Kisumu,5,30,0,0
20-Sep-2025,PRD005,Elianto Cooking Oil 1L,Oils & Fats,Mini Supermarket,btl,18.0,17.0,3,0,0,230,280.0,Kapa Oil Refineries,Nairobi,4,20,0,1
2024-03-07,PRD002,Pembe Unga 1kg,Flour & Grains,Mini Supermarket,BAG,66.0,15.0,3,0,48,78,95.0,Unga Ltd Nairobi,NAIROBI,3,25,0,0
2026-04-25,PRD019,Infinix Charger 33W,Accessories,Electronics,PCS,81.0,26.0,1,0,54,380,650.0,,NAIROBI,2,10,0,1
2024-11-14,PRD013,Malaria RDT Kit,Diagnostics,Pharmacy,PCS,86.0,14.0,0,78,150,120,200.0,Medipharm Ltd,Nairobi ,4,25,0,0
2024-12-26,PRD014,DAP Fertiliser 50kg,Fertilisers,Agrovet,bag,24.0,21.0,2,0,1,3800,134345.981774521,MEA Fertilisers,Nairob,7,5,0,0
2024-10-20,PRD006,Salit Sugar 1kg,Sugar & Spices,Mini Sup.,Bag ,113.0,26.0,2,66,151,135,160.0,Mumias Sugar Distributor,Kisumu,5,30,0,1
2025-03-11,PRD005,  Elianto Cooking Oil 1L  ,Oils & Fats,Mini Supermarket,btl,22.0,17.0,3,0,2,230,280.0,Kapa Oil Refineries,Nairobi,4,20,0,0
12/25/2025,PRD018,Drenching Gun Dewormer,veterinary,Agrovet,Bottle,44.0,7.0,2,9,44,480,19405.530700764146,Interchemie Kenya,nairobi,4,8,0,0
2024-08-15,PRD017,Newcastle Vaccine 100dos,Veterinary,Agrovet,VIAL,92.0,36.0,1,0,55,250,400.0,Interchemie Kenya,Nairob,4,10,0,0
2024-02-21,PRD002,Pembe Unga 1kg,Flour & Grains,Mini Supermarket,BAG,106.0,40.0,2,12,76,78,95.0,Unga Ltd Nairobi,NAIROBI,3,25,0,0
2024-11-15,PRD017,Newcastle Vaccine 100dos,Veterinary,Agrovet,VIAL,47.0,21.0,1,6,31,250,400.0,Interchemie Kenya,Nairob,4,10,0,0
2024-11-05,PRD005,Elianto Cooking Oil 1L,Oils & Fats,Mini Supermarket,btl,62.0,40.0,2,13,33,230,280.0,Kapa Oil Refineries,Nairobi,4,20,0,0
2025-02-17,PRD010,Amoxicillin 250mg x6,Antibiotics,Pharmacy,Strips,64.0,15.0,1,0,48,55,90.0,,NAIROBI,3,40,0,0
2024-02-08,PRD010,Amoxicillin 250mg x6,Antibiotics,Pharmacy,Strips,6.0,2.0,0,0,4,55,90.0,Cosmos Pharmaceuticals,nairobi,3,40,0,0
2024-02-18,PRD009,Paracetamol 500mg x10,Analgesics,Pharmacy,Strips,70.0,40.0,0,0,30,18,30.0,Shelys Pharmaceuticals,Nairobi ,2,60,0,1
2024-11-11,PRD016,Maize Seed 2kg,Seeds,Agrovet,PACK,54.0,19.0,3,0,32,380,520.0,Kenya Seed Company,NAKURRU,5,15,0,0
2025-12-18,PRD018,Drenching Gun Dewormer,Veterinary,Agrovet,Bottle,,5.0,2,0,55,480,650.0,Interchemie Kenya,nairobi,4,8,0,0
2024-05-25,PRD007,Omo Washing Powder 1kg,Detergents,MINI SUPERMARKET,pack,21.0,3.0,3,0,15,295,398.25,Bidco Africa Mombasa Rd,Nairob,3,12,0,1
2025-06-28,PRD010,Amoxicillin 250mg x6,Antibiotics,Pharmacy,Strips,106.0,11.0,3,5,97,55,90.0,Cosmos Pharmaceuticals,NAIROBI,3,40,0,1
2025-01-14,PRD005,Elianto Cooking Oil 1L,Oils & Fats,Mini Supermarket,btl,57.0,4.0,3,0,50,230,280.0,Kapa Oil Refineries,Nairobi,4,20,0,0
2024-06-15,PRD020,Earphones Generic,ACCESSORIES,Electronics,PCS,109.0,17.0,1,0,91,150,300.0,,NAIROBI,2,12,0,1
2024-07-03,PRD014,DAP Fertiliser 50kg,Fertilisers,Agrovet,bag,29.0,-16.0,3,0,10,3800,4500.0,MEA Fertilisers,Nairob,7,5,0,0
2024-04-03,PRD004,KCC Butter 250g,Dairy,Mini Supermarket,piece,15.0,3.0,1,0,11,210,260.0,Brookside Dairy Ltd,kiambu,2,15,0,0
2024-11-19,PRD015,CAN Fertiliser 50kg,fertilisers,Agrovet,BAG,51.0,40.0,0,0,11,3200,3900.0,MEA Fertilisers,nairobi,7,5,0,0
2024-04-20,PRD020,Earphones Generic,Accessories,Electronics,PCS,108.0,8.0,0,0,100,150,300.0,,NAIROBI,2,12,0,1
2025-10-21,PRD012,Dettol Antiseptic 100ml,Antiseptics,Pharmacy,Bottle,74.0,-11.0,0,0,63,145,200.0,Reckitt Kenya,NAIROBI,3,20,0,0
2025-03-10,PRD002,Pembe Unga 1kg,Flour & Grains,Mini Supermarket,BAG,18.0,13.0,0,0,5,78,95.0,Unga Ltd Nairobi,,3,25,0,0
2024-10-02,PRD004,KCC Butter 250g,Dairy,Mini Supermarket,piece,99.0,37.0,2,51,111,210,260.0,,kiambu,2,15,0,0
11-10-2024,PRD018,Drenching Gun Dewormer,Veterinary,Agrovet,Bottle,52.0,19.0,2,0,31,480,650.0,,nairobi,4,8,0,0
2024-10-27,PRD011,ORS Sachets x6,Rehydration,Pharmacy,Pack,93.0,-29.0,2,0,62,35,60.0,Dawa Ltd,nairobi,2,50,0,1
2025-07-19,PRD009,Paracetamol 500mg x10,Analgesics,Pharmacy,Strips,58.0,36.0,2,0,20,18,30.0,Shelys Pharmaceuticals,Nairobi ,2,60,0,1
2025-11-03,PRD002,Pembe Unga 1kg,Flour & Grains,Mini Supermarket,BAG,94.0,37.0,3,0,54,78,95.0,Unga Ltd Nairobi,NAIROBI,3,25,0,0
2024-09-28,PRD012,Dettol Antiseptic 100ml,Antiseptics,Pharmacy,Bottle,77.0,,2,0,59,145,200.0,Reckitt Kenya,NAIROBI,3,20,0,1
2024-03-29,PRD014,DAP Fertiliser 50kg,Fertilisers,Agrovet,bag,101.0,25.0,0,0,76,3800,134345.981774521,MEA Fertilisers,Nairob,7,5,0,0
2024-09-13,PRD019,Infinix Charger 33W,Accessories,Electronics,PCS,39.0,4.0,3,0,32,380,650.0,Luthuli Ave Wholesale,NAIROBI,2,10,0,0
2024-08-03,PRD012,Dettol Antiseptic 100ml,Antiseptics,Pharmacy,Bottle,23.0,23.0,3,0,0,145,200.0,,NAIROBI,3,20,0,1
2026-03-16,PRD005,Elianto Cooking Oil 1L,Oils & Fats,mini supermarket,BOTTLE,72.0,10.0,0,21,98,230,280.0,Kapa Oil Refineries,Nairobi,4,20,0,0
2024-12-03,PRD015,CAN Fertiliser 50kg,Fertilisers,Agrovet,BAG,73.0,7.0,1,0,65,3200,3900.0,MEA Fertilisers,NAIROBI,7,5,0,0
2025-03-01,PRD015,CAN Fertiliser 50kg,Fertilisers,Agrovet,BAG,,,0,0,101,3200,3900.0,MEA Fertilisers,NAIROBI,7,5,0,1
2024-10-03,PRD012,Dettol Antiseptic 100ml,Antiseptics,Pharmacy,Bottle,80.0,21.0,3,37,93,145,200.0,Reckitt Kenya,NAIROBI,3,20,0,0
2025-03-16,PRD010,Amoxicillin 250mg x6,Antibiotics,Pharmacy,Strips,56.0,26.0,0,64,94,55,90.0,Cosmos Pharmaceuticals,NAIROBI,3,40,0,1
2025-09-30,PRD001,Unga Jogoo 2kg,Flour & Grains,Mini Supermarket,bag,38.0,16.0,3,0,19,145,175.0,Unga Ltd Nairobi,nairobi ,3,30,0,0
2024-02-11,PRD003,  Brookside Milk 500ml  ,Dairy,Mini Supermarket,piece,105.0,38.0,0,0,67,55,70.0,Brookside Dairy Ltd,Kiambu ,2,40,0,1
2024-01-27,PRD016,Maize Seed 2kg,Seeds,Agrovet,PACK,101.0,31.0,0,0,70,380,520.0,Kenya Seed Company,Nakurru,5,15,0,1
2024-11-09,PRD019,Infinix Charger 33W,Accessories,Electronics,PCS,64.0,31.0,3,70,100,380,650.0,Luthuli Ave Wholesale,NAIROBI,2,10,0,1
2025-08-07,PRD006,Salit Sugar 1kg,Sugar & Spices,Mini Supermarket,Bag ,40.0,27.0,0,0,27,135,160.0,Mumias Sugar Distributor,Kisumu,5,30,0,0
2024-07-09,PRD017,Newcastle Vaccine 100dos,Veterinary,Agrovet,VIAL,67.0,25.0,1,0,41,250,400.0,Interchemie Kenya,Nairob,4,10,0,0
2024-10-05,PRD020,Earphones Generic,Accessories,Electronics,PCS,76.0,14.0,3,0,59,150,300.0,,NAIROBI,2,12,0,1
2026-04-25,PRD004,  KCC Butter 250g  ,Dairy,Mini Supermarket,Pcs,103.0,18.0,2,0,83,210,260.0,Brookside Dairy Ltd,kiambu,2,15,0,1
2026-03-29,PRD019,Infinix Charger 33W,Accessories,Electronics,PCS,,3.0,2,0,83,380,650.0,Luthuli Ave Wholesale,NAIROBI,2,10,0,1
2025-04-26,PRD014,DAP Fertiliser 50kg,Fertilisers,Agrovet,bag,79.0,2.0,3,0,74,3800,4500.0,MEA Fertilisers,Nairob,7,5,0,1
2025-02-25,PRD010,Amoxicillin 250mg x6,Antibiotics,Pharmacy,Strips,10.0,1.0,2,0,7,55,90.0,Cosmos Pharmaceuticals,NAIROBI,3,40,0,0
2026-01-20,PRD011,ORS Sachets x6,Rehydration,Pharmacy,Pack,18.0,0.0,0,64,82,35,60.0,Dawa Ltd,nairobi,2,50,0,0
2025-09-04,PRD017,Newcastle Vaccine 100dos,Veterinary,Agrovet,VIAL,42.0,9.0,3,0,30,250,400.0,Interchemie Kenya,,4,10,0,0
2025-10-20,PRD012,Dettol Antiseptic 100ml,Antiseptics,Pharmcy,Bottle,43.0,34.0,1,15,23,145,200.0,,NAIROBI,3,20,0,0
2024-08-19,PRD014,DAP Fertiliser 50kg,Fertilisers,Agrovet,bag,,5.0,0,0,28,3800,4500.0,MEA Fertilisers,Nairob,7,5,0,0
2025-06-20,PRD010,Amoxicillin 250mg x6,Antibiotics,Pharmacy,Strips,,21.0,1,0,59,55,90.0,Cosmos Pharmaceuticals,NAIROBI,3,40,0,0
2024-07-17,PRD011,ORS Sachets x6,Rehydration,Pharmacy,Pack,96.0,23.0,1,0,72,35,60.0,Dawa Ltd,nairobi,2,50,0,0
2024-07-21,PRD009,Paracetamol 500mg x10,Analgesics,Pharmacy,Strips,112.0,38.0,2,0,72,18,30.0,Shelys Pharmaceuticals,Nairobi ,2,60,1,1
2024-09-30,PRD012,Dettol Antiseptic 100ml,Antiseptics,Pharmacy,Bottle,116.0,38.0,3,0,75,145,200.0,Reckitt Kenya,NAIROBI,3,20,0,0
2025-07-20,PRD008,Royco Mchuzi Mix 75g,Seasonings,Mini Supermarket,Pack,26.0,12.0,3,75,86,42,55.0,Unilever Kenya,nairobi,3,35,0,1
2025-03-30,PRD009,Paracetamol 500mg x10,Analgesics,Pharamcy,Strips,49.0,5.0,1,0,43,18,30.0,Shelys Pharmaceuticals,Nairobi ,2,60,0,1
04/22/2026,PRD016,Maize Seed 2kg,Seeds,Agrovet,PACK,43.0,40.0,0,45,48,380,520.0,Kenya Seed Company,,5,15,0,0
2025-09-09,PRD013,Malaria RDT Kit,Diagnostics,Pharmacy,PCS,61.0,28.0,2,0,40,120,200.0,Medipharm Ltd,,4,25,0,0
2024-04-10,PRD013,Malaria RDT Kit,Diagnostics,Pharmacy,PCS,21.0,18.0,1,0,2,120,200.0,Medipharm Ltd,Nairobi ,4,25,0,0
2024-12-01,PRD002,Pembe Unga 1kg,Flour & Grains,Mini Supermarket,BAG,11.0,1.0,2,0,8,78,95.0,Unga Ltd Nairobi,NAIROBI,3,25,0,1
22-12-2024,PRD012,Dettol Antiseptic 100ml,Antiseptics,Pharmacy,Bottle,101.0,25.0,1,0,75,145,200.0,Reckitt Kenya,NAIROBI,3,20,0,1
2025-04-13,PRD007,Omo Washing Powder 1kg,Detergents,Mini Supermarket,pack,,9.0,2,50,70,295,398.25,Bidco Africa Mombasa Rd,Nairob,3,12,0,1
26/02/2025,PRD014,  DAP Fertiliser 50kg  ,Fertilisers,Agrovet,bag,26.0,3.0,2,0,21,3800,4500.0,MEA Fertilisers,Nairob,7,5,0,0
2025-05-02,PRD017,  Newcastle Vaccine 100dos  ,Veterinary,Agrovet,VIAL,33.0,27.0,2,62,66,250,400.0,Interchemie Kenya,Nairob,4,10,0,0
2025-04-13,PRD013,Malaria RDT Kit,Diagnostics,Pharmacy,PCS,38.0,30.0,2,0,6,120,200.0,Medipharm Ltd,Nairobi ,4,25,0,1
2024-02-15,PRD001,Unga Jogoo 2kg,Flour & Grains,Mini Supermarket,bag,52.0,7.0,2,0,43,145,175.0,Unga Ltd Nairobi,Nairobi ,3,30,0,0
2024-06-13,PRD017,Newcastle Vaccine 100dos,Veterinary,Agrovet,VIAL,105.0,21.0,0,0,84,250,400.0,Interchemie Kenya,Nairob,4,10,0,0
01/09/2024,PRD005,Elianto Cooking Oil 1L,Oils & Fats,Mini Supermarket,btl,66.0,13.0,3,0,50,230,280.0,Kapa Oil Refineries,,4,20,0,0
2026-03-19,PRD003,Brookside Milk 500ml,Dairy,Mini Supermarket,piece,96.0,,3,0,58,55,,Brookside Dairy Ltd,Kiambu ,2,40,0,0
2025-04-13,PRD004,KCC Butter 250g,Dairy,Mini Supermarket,piece,55.0,26.0,0,0,29,210,260.0,Brookside Dairy Ltd,kiambu,2,15,0,1
2026-02-17,PRD007,Omo Washing Powder 1kg,Detergents,Mini Supermarket,pack,96.0,39.0,2,18,73,295,,   ,nairob,3,12,0,0
2025-11-09,PRD016,Maize Seed 2kg,Seeds,Agrovet,PACK,77.0,13.0,1,0,63,380,520.0,Kenya Seed Company,Nakurru,5,15,0,1
2025-06-02,PRD020,Earphones Generic,Accessories,electronics,piece,112.0,37.0,2,0,73,150,300.0,,NAIROBI,2,12,0,0
2024-11-04,PRD011,ORS Sachets x6,Rehydration,Pharmcy,Pack,68.0,22.0,2,54,98,35,60.0,Dawa Ltd,nairobi,2,50,0,0
2024-02-16,PRD017,Newcastle Vaccine 100dos,Veterinary,Agrovet,VIAL,48.0,10.0,2,0,36,250,11941.865046624089,Interchemie Kenya,Nairob,4,10,0,0
2024-02-25,PRD010,Amoxicillin 250mg x6,Antibiotics,Pharmacy,Strips,45.0,6.0,2,0,37,55,90.0,Cosmos Pharmaceuticals,NAIROBI,3,40,0,1
2025-05-02,PRD014,DAP Fertiliser 50kg,Fertilisers,Agrovet,bag,51.0,37.0,3,0,11,3800,4500.0,MEA Fertilisers,Nairob,7,5,0,0
2024-01-18,PRD005,Elianto Cooking Oil 1L,Oils & Fats,Mini Supermarket,btl,43.0,-18.0,1,0,4,230,8359.305532636863,Kapa Oil Refineries,Nairobi,4,20,0,0
2024-05-29,PRD005,Elianto Cooking Oil 1L,OILS & FATS,Mini Supermarket,btl,81.0,3.0,2,0,76,230,280.0,Kapa Oil Refineries,Nairobi,4,20,0,0
2025-03-08,PRD014,DAP Fertiliser 50kg,Fertilisers,Agrovet,bag,68.0,25.0,2,0,41,3800,4500.0,MEA Fertilisers,Nairob,7,5,0,1
14-Apr-2025,PRD007,Omo Washing Powder 1kg,Detergents,Mini Supermarket,pack,37.0,18.0,2,54,71,295,398.25,Bidco Africa Mombasa Rd,,3,12,0,0
2025-03-09,PRD009,Paracetamol 500mg x10,Analgesics,Pharamcy,Strips,87.0,,2,80,146,18,895.6398784968067,Shelys Pharmaceuticals,Nairobi ,2,60,0,1
2025-08-13,PRD011,ORS Sachets x6,Rehydration,Pharmacy,Pack,30.0,4.0,2,0,24,35,60.0,Dawa Ltd,nairobi,2,50,0,0
2025-02-26,PRD003,Brookside Milk 500ml,Dairy,Mini Supermarket,piece,10.0,3.0,3,0,4,55,70.0,Brookside Dairy Ltd,Kiambu ,2,40,0,0
2026-01-27,PRD015,CAN Fertiliser 50kg,Fertilisers,Agrovet,BAG,74.0,36.0,1,0,37,3200,3900.0,MEA Fertilisers,NAIROBI,7,5,0,0
2024-03-26,PRD017,Newcastle Vaccine 100dos,Veterinary,Agrovet,VIAL,6.0,1.0,3,0,2,250,400.0,Interchemie Kenya,Nairob,4,10,0,0
2025-04-09,PRD003,Brookside Milk 500ml,Dairy,MINI SUPERMARKET,piece,77.0,40.0,0,0,37,55,70.0,Brookside Dairy Ltd,Kiambu ,2,40,0,0
07/14/2025,PRD015,CAN Fertiliser 50kg,Fertilisers,agrovet,BAG,119.0,40.0,0,0,79,3200,3900.0,MEA Fertilisers,Nairobi,7,5,0,0
16-Aug-2024,PRD018,Drenching Gun Dewormer,Veterinary,Agrovet,Bottle,,28.0,3,22,62,480,,Interchemie Kenya,nairobi,4,8,0,0
2025-07-21,PRD016,Maize Seed 2kg,Seeds,Agrovet,PACK,93.0,18.0,0,0,75,380,520.0,Kenya Seed Company,Nakurru,5,15,0,0
2024-02-26,PRD004,KCC Butter 250g,Dairy,Mini Supermarket,piece,28.0,-21.0,0,0,7,210,260.0,Brookside Dairy Ltd,,2,15,0,0
2024-07-06,PRD002,Pembe Unga 1kg,Flour & Grains,Mini Supermarket,bag,32.0,24.0,2,0,6,78,95.0,Unga Ltd Nairobi,NAIROBI,3,25,0,1
2024-03-24,PRD012,  Dettol Antiseptic 100ml  ,Antiseptics,pharmacy,Bottle,20.0,-15.0,1,0,4,145,200.0,Reckitt Kenya,NAIROBI,3,20,0,1
2024-07-28,PRD016,Maize Seed 2kg,Seeds,Agrovett,PACK,31.0,20.0,1,35,45,380,520.0,Kenya Seed Company,Nakurru,5,15,0,1
2024-02-14,PRD017,Newcastle Vaccine 100dos,Veterinary,agrovet,VIAL,57.0,22.0,3,0,32,250,400.0,Interchemie Kenya,Nairob,4,10,0,0
2025-09-26,PRD007,Omo Washing Powder 1kg,Detergents,Mini Supermarket,pack,84.0,31.0,1,0,52,295,398.25,Bidco Africa Mombasa Rd,Nairob,3,12,0,0
2024-02-28,PRD012,  Dettol Antiseptic 100ml  ,Antiseptics,Pharmacy,Bottle,28.0,15.0,3,0,10,145,200.0,Reckitt Kenya,NAIROBI,3,20,0,0
2025-03-19,PRD020,  Earphones Generic  ,Accessories,Electronics,PCS,24.0,17.0,1,0,6,150,300.0,,NAIROBI,2,12,0,0
2026-01-30,PRD005,Elianto Cooking Oil 1L,Oils & Fats,Mini Supermarket,btl,83.0,38.0,3,0,42,230,8359.305532636863,Kapa Oil Refineries,Nairobi,4,20,0,0
01-Jan-2026,PRD009,Paracetamol 500mg x10,Analgesics,Pharmacy,Strips,18.0,0.0,3,22,37,18,30.0,Shelys Pharmaceuticals,Nairobi ,2,60,0,0
2024-10-12,PRD004,KCC Butter 250g,Dairy,Mini Supermarket,piece,105.0,-24.0,3,0,78,210,260.0,Brookside Dairy Ltd,kiambu,2,15,0,1
2025-09-28,PRD012,Dettol Antiseptic 100ml,Antiseptics,pharmacy,BOTTLE,30.0,14.0,1,0,15,145,200.0,,NAIROBI,3,20,0,1
2024-02-07,PRD008,Royco Mchuzi Mix 75g,Seasonings,Mini Supermarket,pack,46.0,26.0,1,69,88,42,55.0,Unilever Kenya,nairobi,3,35,0,0
2025-10-04,PRD017,Newcastle Vaccine 100dos,Veterinary,Agrovet,VIAL,15.0,6.0,3,14,20,250,400.0,Interchemie Kenya,Nairob,4,10,0,1
2024-11-30,PRD010,Amoxicillin 250mg x6,Antibiotics,Pharmacy,Strips,95.0,19.0,3,0,73,55,90.0,Cosmos Pharmaceuticals,NAIROBI,3,40,0,1
2024-02-13,PRD003,Brookside Milk 500ml,Dairy,Mini Supermarket,piece,14.0,14.0,0,0,0,55,70.0,Brookside Dairy Ltd,Kiambu ,2,40,0,0
2024-07-19,PRD012,Dettol Antiseptic 100ml,Antiseptics,Pharmacy,Bottle,86.0,23.0,0,0,63,145,200.0,Reckitt Kenya,NAIROBI,3,20,0,0
2026-03-19,PRD019,Infinix Charger 33W,Accessories,Electronics,PCS,56.0,15.0,1,0,40,380,650.0,Luthuli Ave Wholesale,NAIROBI,2,10,0,0
2026-04-16,PRD020,Earphones Generic,Accessories,Electronics,PCS,108.0,4.0,2,0,102,150,,,,2,12,0,0
2024-03-03,PRD011,ORS Sachets x6,Rehydration,Pharmacy,Pack,,40.0,1,0,55,35,60.0,Dawa Ltd,nairobi,2,50,0,1
2024-11-03,PRD018,  Drenching Gun Dewormer  ,Veterinary,Agrovet,Bottle,8.0,5.0,1,0,2,480,650.0,Interchemie Kenya,nairobi,4,8,0,1
2026-01-19,PRD007,Omo Washing Powder 1kg,Detergents,Mini Supermarket,pack,112.0,39.0,1,0,74,295,398.25,Bidco Africa Mombasa Rd,Nairob,3,12,0,0
2024-10-15,PRD011,ORS Sachets x6,Rehydration,Pharmacy,Pack,118.0,1.0,2,0,115,35,1791.2797569936133,Dawa Ltd,nairobi,2,50,0,0
2024-07-02,PRD004,  KCC Butter 250g  ,Dairy,Mini Supermarket,Pcs,74.0,31.0,1,0,42,210,260.0,Brookside Dairy Ltd,kiambu,2,15,0,0
2025-04-09,PRD009,  Paracetamol 500mg x10  ,Analgesics,Pharmacy,Strips,-88.0,,2,0,74,18,,Shelys Pharmaceuticals,Nairobi ,2,60,0,0
2024-10-16,PRD018,Drenching Gun Dewormer,Veterinary,Agrovet,bottle,26.0,25.0,1,0,0,480,650.0,Interchemie Kenya,nairobi,4,8,0,0
2024-05-03,PRD015,CAN Fertiliser 50kg,Fertilisers,Agrovet,BAG,106.0,19.0,2,0,85,3200,3900.0,MEA Fertilisers,NAIROBI,7,5,0,0
2024-12-10,PRD003,Brookside Milk 500ml,Dairy,Mini Supermarket,piece,26.0,,1,46,50,55,70.0,Brookside Dairy Ltd,Kiambu ,2,40,0,0
2024-10-03,PRD015,CAN Fertiliser 50kg,Fertilisers,Agrovet,BAG,7.0,2.0,2,0,3,3200,116433.18420458488,MEA Fertilisers,NAIROBI,7,5,0,0
2024-04-12,PRD013,Malaria RDT Kit,Diagnostics,Pharmacy,PCS,113.0,19.0,1,0,93,120,200.0,Medipharm Ltd,Nairobi ,4,25,0,0
2025-12-16,PRD008,Royco Mchuzi Mix 75g,Seasonings,Mini Supermarket,Pack,104.0,37.0,0,0,67,42,55.0,Unilever Kenya,Nairobi,3,35,0,0
2025-01-24,PRD019,Infinix Charger 33W,Accessories,Electronics,PCS,24.0,-12.0,3,0,9,380,650.0,Luthuli Ave Wholesale,NAIROBI,2,10,0,0
2025-03-01,PRD017,Newcastle Vaccine 100dos,Veterinary,Agrovet,VIAL,67.0,11.0,3,0,53,250,400.0,Interchemie Kenya,Nairob,4,10,0,1
2025-09-15,PRD008,Royco Mchuzi Mix 75g,Seasonings,Mini Supermarket,Pack,91.0,23.0,0,0,68,42,55.0,Unilever Kenya,nairobi,3,35,0,0
2025-10-18,PRD019,Infinix Charger 33W,Accessories,Electronics,PCS,19.0,19.0,3,0,0,380,19405.530700764146,Luthuli Ave Wholesale,NAIROBI,2,10,0,1
01-02-2026,PRD020,Earphones Generic,Accessories,Electronics,PCS,86.0,29.0,3,34,98,150,300.0,,nairobi,2,12,0,1
2026-03-03,PRD011,ORS Sachets x6,Rehydration,Pharmacy,Pack,35.0,17.0,3,0,15,35,60.0,Dawa Ltd,,2,50,0,0
2025-06-16,PRD005,Elianto Cooking Oil 1L,Oils & Fats,Mini Supermarket,bottle,99.0,23.0,0,0,76,230,,Kapa Oil Refineries,Nairobi,4,20,0,0
2024-06-14,PRD003,Brookside Milk 500ml,Dairy,Mini Supermarket,Pcs,81.0,3.0,1,0,77,55,70.0,Brookside Dairy Ltd,Kiambu ,2,40,0,0
2026-04-19,PRD020,Earphones Generic,Accessories,Electronics,PCS,74.0,25.0,3,50,96,150,300.0,,NAIROBI,2,12,0,1
2026-01-21,PRD008,  Royco Mchuzi Mix 75g  ,Seasonings,Mini Supermarket,Pack,66.0,31.0,3,5,37,42,55.0,Unilever Kenya,nairobi,3,35,0,0
2025-09-16,PRD015,CAN Fertiliser 50kg,Fertilisers,Agrovet,BAG,-113.0,21.0,0,0,105,3200,3900.0,MEA Fertilisers,NAIROBI,7,5,0,0
2025-01-12,PRD004,KCC Butter 250g,Dairy,Mini Supermarket,pcs,60.0,15.0,3,50,92,210,,Brookside Dairy Ltd,kiambu,2,15,0,1
2024-11-21,PRD003,Brookside Milk 500ml,Dairy,Mini Supermarket,piece,30.0,15.0,1,0,14,55,70.0,Brookside Dairy Ltd,Kiambu ,2,40,0,0
2024-04-23,PRD015,CAN Fertiliser 50kg,Fertilisers,Agrovet,BAG,108.0,22.0,0,0,86,3200,3900.0,MEA Fertilisers,NAIROBI,7,5,0,0
2025-06-17,PRD016,Maize Seed 2kg,Seeds,Agrovet,pck,10.0,10.0,0,0,15,380,520.0,Kenya Seed Company,Nakurru,5,15,0,0
2025-10-18,PRD012,Dettol Antiseptic 100ml,Antiseptics,Pharmacy,Bottle,87.0,4.0,1,0,82,145,200.0,Reckitt Kenya,NAIROBI,3,20,0,1
2025-03-18,PRD006,Salit Sugar 1kg,Sugar & Spices,Mini Supermarket,Bag ,79.0,,2,0,54,135,160.0,Mumias Sugar Distributor,Kisumu,5,30,0,0
2026-03-26,PRD010,Amoxicillin 250mg x6,Antibiotics,Pharmacy,Strips,18.0,13.0,0,22,27,55,90.0,Cosmos Pharmaceuticals,NAIROBI,3,40,0,0
2025-04-02,PRD016,Maize Seed 2kg,Seeds,Agrovet,PACK,-88.0,26.0,3,0,59,380,520.0,Kenya Seed Company,Nakurru,5,15,0,0
2025-02-07,PRD003,Brookside Milk 500ml,Dairy,Mini Supermarket,piece,27.0,20.0,1,0,6,55,70.0,Brookside Dairy Ltd,Kiambu ,2,40,0,0
2024-10-25,PRD006,Salit Sugar 1kg,Sugar & Spices,Mini Supermarket,Bag ,63.0,33.0,2,0,28,135,160.0,Mumias Sugar Distributor,,5,30,0,0
25/03/2024,PRD007,Omo Washing Powder 1kg,Detergents,Mini Supermarket,PACK,67.0,31.0,3,45,78,295,398.25,Bidco Africa Mombasa Rd,Nairob,3,12,0,0
2024-04-21,PRD005,Elianto Cooking Oil 1L,Oils & Fats,Mini Supermarket,btl,26.0,18.0,3,0,5,230,280.0,Kapa Oil Refineries,Nairobi,4,20,0,1
2024-07-30,PRD020,Earphones Generic,Accessories,Electronics,Pcs,90.0,34.0,0,0,56,150,300.0,,NAIROBI,2,12,0,0
2025-08-07,PRD020,Earphones Generic,Accessories,Electronics,PCS,60.0,-29.0,1,7,37,150,,,NAIROBI,2,12,0,0
2025-02-18,PRD011,ORS Sachets x6,Rehydration,Pharmacy,Pack,113.0,35.0,1,0,77,35,60.0,,nairobi,2,50,0,0
2024-06-09,PRD006,Salit Sugar 1kg,Sugar & Spices,Mini Supermarkt,bag,26.0,-8.0,1,0,0,135,160.0,Mumias Sugar Distributor,Kisumu,5,30,0,1
2025-11-27,PRD014,DAP Fertiliser 50kg,Fertilisers,Agrovet,bag,,36.0,2,46,100,3800,4500.0,MEA Fertilisers,Nairob,7,5,0,0
2026-03-28,PRD016,Maize Seed 2kg,Seeds,Agrovet,PACK,25.0,11.0,2,77,89,380,520.0,Kenya Seed Company,Nakurru,5,15,0,1
2024-02-24,PRD001,Unga Jogoo 2kg,Flour & Grains,Mini Supermarket,bag,58.0,3.0,3,0,52,145,175.0,Unga Ltd Nairobi,Nairobi ,3,30,0,1
2025-12-22,PRD020,Earphones Generic,Accessories,Electronics,PCS,9.0,7.0,3,6,5,150,300.0,,NAIROBI,2,12,0,0
2025-03-03,PRD002,Pembe Unga 1kg,Flour & Grains,Mini Supermarket,BAG,92.0,15.0,0,0,77,78,95.0,Unga Ltd Nairobi,NAIROBI,3,25,0,0
2024-06-24,PRD003,Brookside Milk 500ml,Dairy,Mini Supermarket,piece,117.0,30.0,0,50,137,55,,   ,Kiambu ,2,40,0,0
2025-11-04,PRD012,  Dettol Antiseptic 100ml  ,Antiseptics,Pharmacy,Bottle,70.0,11.0,2,71,128,145,200.0,Reckitt Kenya,NAIROBI,3,20,0,0
2025-09-24,PRD011,ORS Sachets x6,Rehydration,Pharmacy,Packs,,39.0,2,16,87,35,60.0,Dawa Ltd,NAIROBI,2,50,0,0
2024-09-15,PRD020,Earphones Generic,Accessories,Electronics,PCS,110.0,19.0,3,0,88,150,,,NAIROBI,2,12,0,1
2024-03-25,PRD003,Brookside Milk 500ml,dairy,Mini Supermarket,piece,7.0,4.0,3,0,0,55,70.0,Brookside Dairy Ltd,Kiambu ,2,40,0,0
2025-09-07,PRD012,Dettol Antiseptic 100ml,Antiseptics,Pharmacy,Btl,,9.0,3,0,62,145,200.0,Reckitt Kenya,NAIROBI,3,20,1,1
2025-03-09,PRD018,Drenching Gun Dewormer,Veterinary,Agrovet,Btl,15.0,4.0,3,0,8,480,650.0,Interchemie Kenya,NAIROBI,4,8,0,1
2026-02-08,PRD014,DAP Fertiliser 50kg,Fertilisers,Agrovet,bag,106.0,39.0,1,0,66,3800,4500.0,MEA Fertilisers,Nairob,7,5,0,1
2024-09-05,PRD018,  Drenching Gun Dewormer  ,Veterinary,Agrovet,Bottle,102.0,20.0,0,0,82,480,650.0,Interchemie Kenya,nairobi,4,8,0,0
2025-01-25,PRD004,KCC Butter 250g,Dairy,Mini Supermarket,piece,-88.0,24.0,3,24,85,210,,Brookside Dairy Ltd,kiambu,2,15,0,1
2025-10-08,PRD020,Earphones Generic,Accessories,Electronics,PCS,102.0,8.0,1,0,93,150,300.0,,NAIROBI,2,12,0,0
2025-11-29,PRD016,Maize Seed 2kg,Seeds,Agrovet,PACK,41.0,19.0,2,0,20,380,520.0,Kenya Seed Company,Nakurru,5,15,0,1
2025-05-25,PRD010,Amoxicillin 250mg x6,Antibiotics,Pharmacy,Strips,116.0,39.0,2,0,75,55,90.0,Cosmos Pharmaceuticals,NAIROBI,3,40,0,1
2025-11-09,PRD005,Elianto Cooking Oil 1L,Oils & Fats,mini supermarket,btl,89.0,35.0,3,20,71,230,280.0,Kapa Oil Refineries,Nairobi,4,20,0,1
2025-04-10,PRD009,Paracetamol 500mg x10,Analgesics,Pharmacy,Strips,98.0,4.0,1,0,93,18,30.0,Shelys Pharmaceuticals,Nairobi ,2,60,0,0
2025-11-22,PRD017,Newcastle Vaccine 100dos,Veterinary,Agrovet,VIAL,27.0,10.0,1,0,16,250,400.0,Interchemie Kenya,Nairob,4,10,0,1
2024-05-04,PRD016,Maize Seed 2kg,Seeds,Agrovet,PACK,64.0,32.0,3,0,29,380,,Kenya Seed Company,Nakurru,5,15,0,1
2025-01-21,PRD020,Earphones Generic,Accessories,Electronics,PCS,115.0,27.0,1,24,111,150,300.0,,NAIROBI,2,12,0,0
2024-11-14,PRD014,DAP Fertiliser 50kg,Fertilisers,Agrovet,bag,,-15.0,0,47,153,3800,4500.0,MEA Fertilisers,Nairob,7,5,0,0
2025-11-27,PRD013,  Malaria RDT Kit  ,Diagnostics,Pharmacy,pcs,54.0,4.0,0,62,112,120,200.0,Medipharm Ltd,Nairobi ,4,25,0,0
2024-05-10,PRD014,DAP Fertiliser 50kg,Fertilisers,Agrovet,Bags,66.0,24.0,0,25,66,3800,4500.0,MEA Fertilisers,Nairob,7,5,0,0
2025-09-08,PRD011,ORS Sachets x6,Rehydration,Pharmacy,Pack,14.0,13.0,2,52,51,35,60.0,Dawa Ltd,nairobi,2,50,0,0
02/19/2026,PRD002,Pembe Unga 1kg,Flour & Grains,Mini Supermarket,BAG,32.0,29.0,0,4,7,78,95.0,Unga Ltd Nairobi,NAIROBI,3,25,0,0
2026-01-08,PRD002,Pembe Unga 1kg,Flour & Grains,Mini Supermarket,BAG,16.0,1.0,0,0,15,78,95.0,Unga Ltd Nairobi,NAIROBI,3,25,0,0
2024-05-07,PRD012,Dettol Antiseptic 100ml,Antiseptics,Pharmacy,Bottle,112.0,35.0,1,0,76,145,200.0,Reckitt Kenya,,3,20,0,0
2024-04-22,PRD004,KCC Butter 250g,Dairy,Mini Supermarket,piece,107.0,33.0,1,0,73,210,260.0,Brookside Dairy Ltd,kiambu,2,15,0,0
2025-10-07,PRD009,Paracetamol 500mg x10,Analgesics,Pharmacy,Strips,-24.0,19.0,2,0,3,18,30.0,Shelys Pharmaceuticals,Nairobi ,2,60,0,0
2025-01-07,PRD019,Infinix Charger 33W,Accessories,Electronics,PCS,15.0,4.0,0,0,11,380,650.0,Luthuli Ave Wholesale,Nairobi,2,10,0,0
2025-10-22,PRD009,  Paracetamol 500mg x10  ,Analgesics,Pharmacy,Strips,10.0,7.0,1,36,22,18,,Shelys Pharmaceuticals,Nairobi ,2,60,0,0
2024-11-13,PRD009,Paracetamol 500mg x10,Analgesics,Pharmacy,Strips,52.0,2.0,0,0,50,18,30.0,Shelys Pharmaceuticals,Nairobi ,2,60,0,0
2025-09-15,PRD005,Elianto Cooking Oil 1L,Oils & Fats,Mini Supermarket,btl,49.0,20.0,1,50,78,230,280.0,Kapa Oil Refineries,Nairobi,4,20,0,0
2025-06-18,PRD015,CAN Fertiliser 50kg,Fertilisers,Agrovet,BAG,8.0,4.0,1,57,62,3200,3900.0,MEA Fertilisers,NAIROBI,7,5,0,0
2025-02-03,PRD010,Amoxicillin 250mg x6,Antibiotics,Pharmacy,Strips,15.0,1.0,2,0,12,55,90.0,Cosmos Pharmaceuticals,NAIROBI,3,40,0,0
2024-10-17,PRD004,KCC Butter 250g,Dairy,Mini Supermarket,piece,47.0,1.0,1,0,45,210,260.0,Brookside Dairy Ltd,kiambu,2,15,0,0
2025-02-13,PRD018,Drenching Gun Dewormer,Veterinary,Agrovet,Bottle,94.0,8.0,3,0,83,480,650.0,Interchemie Kenya,nairobi,4,8,0,0
2025-12-10,PRD012,Dettol Antiseptic 100ml,Antiseptics,Pharmacy,Bottle,51.0,25.0,2,0,24,145,200.0,Reckitt Kenya,NAIROBI,3,20,0,0
2025-12-14,PRD006,Salit Sugar 1kg,Sugar & Spices,Mini Supermarket,Bag ,52.0,36.0,3,0,13,135,160.0,Mumias Sugar Distributor,Kisumu,5,30,0,1
2024-06-14,PRD006,Salit Sugar 1kg,Sugar & Spices,Mini Supermarket,bag,15.0,1.0,3,0,11,135,160.0,Mumias Sugar Distributor,Kisumu,5,30,0,0
2024-09-25,PRD006,Salit Sugar 1kg,Sugar & Spices,Mini Supermarket,Bag ,92.0,7.0,3,0,82,135,160.0,Mumias Sugar Distributor,Kisumu,5,30,0,0
2024-06-27,PRD020,Earphones Generic,Accessories,Electronics,PCS,24.0,1.0,0,13,36,150,300.0,,NAIROBI,2,12,0,0
2024-01-10,PRD012,Dettol Antiseptic 100ml,Antiseptics,Pharmacy,Bottle,12.0,0.0,3,0,9,145,200.0,Reckitt Kenya,NAIROBI,3,20,0,0
2024-07-24,PRD011,ORS Sachets x6,Rehydration,Pharmacy,Pack,76.0,40.0,1,25,60,35,60.0,Dawa Ltd,nairobi,2,50,0,0
2026-01-10,PRD019,Infinix Charger 33W,Accessories,Electronics,PCS,68.0,6.0,1,63,124,380,650.0,Luthuli Ave Wholesale,NAIROBI,2,10,0,1
2024-12-21,PRD010,Amoxicillin 250mg x6,Antibiotics,Pharmacy,Strips,42.0,20.0,0,0,22,55,90.0,Cosmos Pharmaceuticals,NAIROBI,3,40,0,1
2025-09-19,PRD019,Infinix Charger 33W,Accessories,Electroncis,PCS,120.0,36.0,0,0,84,380,650.0,Luthuli Ave Wholesale,NAIROBI,2,10,0,0
2025-11-11,PRD006,Salit Sugar 1kg,Sugar & Spices,Mini Supermarket,Bag ,57.0,37.0,2,0,18,135,160.0,Mumias Sugar Distributor,Kisumu,5,30,0,0
2024-07-10,PRD014,DAP Fertiliser 50kg,Fertilisers,Agrovet,bag,103.0,19.0,1,0,83,3800,4500.0,MEA Fertilisers,Nairob,7,5,0,0
2025-11-22,PRD001,  Unga Jogoo 2kg  ,flour & grains,Mini Supermarket,bag,-37.0,33.0,1,0,1,145,,Unga Ltd Nairobi,Nairobi ,3,30,0,1
2025-01-05,PRD001,Unga Jogoo 2kg,Flour & Grains,Mini Sup.,bag,32.0,,0,0,12,145,175.0,Unga Ltd Nairobi,Nairobi ,3,30,0,1
2025-02-21,PRD004,KCC Butter 250g,Dairy,Mini Supermarket,piece,92.0,26.0,0,0,66,210,260.0,Brookside Dairy Ltd,kiambu,2,15,0,0
2025-07-09,PRD010,Amoxicillin 250mg x6,Antibiotics,Pharmacy,Strips,34.0,17.0,2,0,15,55,90.0,Cosmos Pharmaceuticals,NAIROBI,3,40,0,0
2026-03-23,PRD001,Unga Jogoo 2kg,Flour & Grains,Mini Supermarket,bag,27.0,10.0,2,0,15,145,175.0,Unga Ltd Nairobi,Nairobi ,3,30,0,0
"Jan 27, 2025",PRD016,Maize Seed 2kg,Seeds,Agrovet,PACK,26.0,10.0,0,42,58,380,520.0,Kenya Seed Company,Nakurru,5,15,0,0
2026-02-02,PRD001,Unga Jogoo 2kg,Flour & Grains,Mini Supermarket,bag,75.0,20.0,1,39,93,145,175.0,Unga Ltd Nairobi,Nairobi ,3,30,0,0
2024-08-15,PRD015,CAN Fertiliser 50kg,FERTILISERS,Agrovet,BAG,59.0,21.0,3,0,35,3200,3900.0,MEA Fertilisers,nairobi,7,5,0,0
2024-08-21,PRD018,Drenching Gun Dewormer,Veterinary,Agrovet,Bottle,36.0,15.0,2,0,19,480,650.0,Interchemie Kenya,nairobi,4,8,0,0
2024-12-05,PRD011,ORS Sachets x6,Rehydration,Pharmacy,Pack,32.0,22.0,2,79,87,35,60.0,Dawa Ltd,nairobi,2,50,0,0
2026-02-08,PRD004,KCC Butter 250g,Dairy,Mini Sup.,piece,28.0,23.0,1,0,4,210,260.0,Brookside Dairy Ltd,kiambu,2,15,0,1
2024-02-23,PRD002,  Pembe Unga 1kg  ,Flour & Grains,Mini Supermarket,BAG,78.0,28.0,3,0,47,78,95.0,,NAIROBI,3,25,0,0
2025-04-17,PRD013,Malaria RDT Kit,Diagnostics,Pharmacy,PCS,60.0,17.0,3,0,40,120,200.0,Medipharm Ltd,,4,25,0,0
2026-03-21,PRD016,Maize Seed 2kg,Seeds,AGROVET,Packs,60.0,23.0,2,0,35,380,520.0,Kenya Seed Company,nakurru,5,15,0,1
2024-06-13,PRD011,ORS Sachets x6,Rehydration,Pharmacy,Pack,114.0,7.0,1,0,106,35,60.0,Dawa Ltd,nairobi,2,50,0,0
2024-12-05,PRD020,Earphones Generic,Accessories,Electronics,PCS,114.0,13.0,1,0,100,150,300.0,,NAIROBI,2,12,0,0
2025-12-08,PRD017,Newcastle Vaccine 100dos,Veterinary,Agrovet,VIAL,120.0,37.0,0,0,83,250,400.0,,Nairob,4,10,0,0
2024-01-13,PRD014,DAP Fertiliser 50kg,Fertilisers,Agrovet,bag,111.0,17.0,0,16,110,3800,134345.981774521,MEA Fertilisers,Nairob,7,5,0,1
"Mar 21, 2024",PRD016,Maize Seed 2kg,Seeds,Agrovet,PACK,53.0,24.0,0,0,29,380,520.0,Kenya Seed Company,nakurru,5,15,0,0
2025-05-21,PRD001,Unga Jogoo 2kg,Flour & Grains,Mini Supermarket,bag,37.0,11.0,2,0,24,145,175.0,Unga Ltd Nairobi,Nairobi ,3,30,0,0
2024-10-02,PRD003,Brookside Milk 500ml,Dairy,Mini Supermarket,piece,72.0,1.0,3,0,68,55,70.0,   ,Kiambu ,2,40,0,0
2025-12-08,PRD002,  Pembe Unga 1kg  ,Flour & Grains,Mini Supermarket,BAG,61.0,29.0,3,0,29,78,95.0,Unga Ltd Nairobi,NAIROBI,3,25,0,0
2024-06-22,PRD012,Dettol Antiseptic 100ml,Antiseptics,Pharmacy,Bottle,,31.0,3,0,36,145,200.0,Reckitt Kenya,NAIROBI,3,20,0,1
2025-12-22,PRD018,Drenching Gun Dewormer,Veterinary,Agrovet,Btl,93.0,14.0,2,29,106,480,650.0,   ,nairobi,4,8,0,0
2025-01-22,PRD015,CAN Fertiliser 50kg,Fertilisers,Agrovet,BAG,26.0,4.0,3,40,59,3200,3900.0,MEA Fertilisers,NAIROBI,7,5,0,0
2025-07-13,PRD002,Pembe Unga 1kg,Flour & Grains,Mini Sup.,Bag,50.0,38.0,3,0,9,78,95.0,Unga Ltd Nairobi,NAIROBI,3,25,0,1
2026-04-19,PRD006,Salit Sugar 1kg,SUGAR & SPICES,Mini Supermarket,Bags,47.0,13.0,2,0,32,135,160.0,Mumias Sugar Distributor,Kisumu,5,30,0,1
2026-04-22,PRD020,Earphones Generic,accessories,Electronics,PCS,109.0,34.0,3,47,119,150,,   ,nairobi,2,12,0,0
2024-01-31,PRD008,Royco Mchuzi Mix 75g,Seasonings,Mini Supermarket,Pack,-78.0,2.0,1,0,75,42,55.0,Unilever Kenya,nairobi,3,35,0,0
2025-11-11,PRD010,  Amoxicillin 250mg x6  ,Antibiotics,Pharmacy,Strips,41.0,3.0,1,0,37,55,90.0,,NAIROBI,3,40,0,0
2024-06-08,PRD008,Royco Mchuzi Mix 75g,Seasonings,Mini Supermarket,Pack,66.0,13.0,1,0,52,42,55.0,Unilever Kenya,nairobi,3,35,0,1
2024-12-02,PRD019,Infinix Charger 33W,accessories,Electronics,PCS,17.0,5.0,3,0,9,380,19405.530700764146,Luthuli Ave Wholesale,NAIROBI,2,10,0,0
2024-10-27,PRD006,Salit Sugar 1kg,sugar & spices,Mini Supermarket,Bag ,47.0,,2,0,6,135,160.0,Mumias Sugar Distributor,Kisumu,5,30,0,1
2025-04-07,PRD019,Infinix Charger 33W,Accessories,Electronics,PCS,-93.0,8.0,1,0,84,380,650.0,Luthuli Ave Wholesale,NAIROBI,2,10,0,0
2025-06-19,PRD020,Earphones Generic,Accessories,ELECTRONICS,PCS,97.0,35.0,1,0,61,150,300.0,,NAIROBI,2,12,0,0
2026-02-28,PRD017,Newcastle Vaccine 100dos,Veterinary,Agrovet,VIAL,5.0,4.0,0,15,16,250,400.0,Interchemie Kenya,Nairob,4,10,0,1
2025-02-18,PRD010,Amoxicillin 250mg x6,antibiotics,Pharmacy,Strips,64.0,2.0,2,0,60,55,90.0,Cosmos Pharmaceuticals,NAIROBI,3,40,0,0
2026-01-07,PRD007,Omo Washing Powder 1kg,Detergents,MINI SUPERMARKET,pack,18.0,15.0,3,0,0,295,398.25,Bidco Africa Mombasa Rd,Nairob,3,12,0,0
2025-01-23,PRD020,Earphones Generic,Accessories,Electronics,PCS,111.0,15.0,1,0,95,150,300.0,,NAIROBI,2,12,0,0
2024-07-20,PRD012,Dettol Antiseptic 100ml,Antiseptics,Pharmacy,btl,6.0,3.0,3,0,8,145,200.0,Reckitt Kenya,nairobi,3,20,0,1
2024-04-04,PRD013,Malaria RDT Kit,Diagnostics,Pharmacy,PCS,47.0,35.0,3,0,9,120,200.0,Medipharm Ltd,Nairobi ,4,25,0,0
2025-08-03,PRD006,Salit Sugar 1kg,Sugar & Spices,Mini Supermarket,Bag ,60.0,13.0,3,67,111,135,160.0,Mumias Sugar Distributor,Kisumu,5,30,0,1
2025-06-27,PRD017,Newcastle Vaccine 100dos,Veterinary,Agrovet,VIAL,36.0,8.0,0,11,39,250,400.0,Interchemie Kenya,Nairob,4,10,0,0
2024-06-17,PRD001,Unga Jogoo 2kg,Flour & Grains,Mini Supermarket,bag,112.0,39.0,2,13,84,145,175.0,   ,,3,30,0,0
2026-02-22,PRD013,Malaria RDT Kit,Diagnostics,Pharmacy,PCS,,7.0,1,0,9,120,200.0,Medipharm Ltd,Nairobi ,4,25,1,1
2024-10-17,PRD001,Unga Jogoo 2kg,Flour & Grains,Mini Supermarket,bag,48.0,,2,0,6,145,175.0,Unga Ltd Nairobi,Nairobi ,3,30,0,0
2025-07-18,PRD013,Malaria RDT Kit,Diagnostics,Pharmacy,PCS,24.0,3.0,2,0,19,120,200.0,Medipharm Ltd,Nairobi ,4,25,0,0
2026-02-05,PRD008,Royco Mchuzi Mix 75g,Seasonings,Mini Supermarket,Pack,53.0,31.0,0,0,22,42,55.0,Unilever Kenya,nairobi,3,35,0,0
2026-01-20,PRD019,Infinix Charger 33W,Accessories,Electronics,PCS,106.0,10.0,1,0,95,380,650.0,Luthuli Ave Wholesale,NAIROBI,2,10,0,0
2026-01-17,PRD009,Paracetamol 500mg x10,Analgesics,Pharmacy,Strips,81.0,39.0,2,0,40,18,30.0,Shelys Pharmaceuticals,Nairobi ,2,60,0,1
2025-05-25,PRD006,Salit Sugar 1kg,Sugar & Spices,Mini Supermarket,Bag ,72.0,13.0,1,24,82,135,160.0,Mumias Sugar Distributor,Kisumu,5,30,0,1
2024-08-05,PRD016,  Maize Seed 2kg  ,Seeds,agrovet,PACK,99.0,4.0,2,0,93,380,520.0,Kenya Seed Company,Nakurru,5,15,0,0
2024-10-17,PRD008,Royco Mchuzi Mix 75g,Seasonings,Mini Supermarket,pck,48.0,13.0,3,0,32,42,55.0,Unilever Kenya,nairobi,3,35,0,0
2024-12-06,PRD009,Paracetamol 500mg x10,Analgesics,Pharmacy,Strips,56.0,29.0,0,0,27,18,,Shelys Pharmaceuticals,Nairobi ,2,60,0,0
2026-02-09,PRD010,Amoxicillin 250mg x6,antibiotics,Pharmacy,Strips,105.0,37.0,0,68,139,55,90.0,Cosmos Pharmaceuticals,NAIROBI,3,40,0,0
2026-01-25,PRD005,Elianto Cooking Oil 1L,Oils & Fats,Mini Supermarket,btl,70.0,12.0,2,59,115,230,280.0,Kapa Oil Refineries,Nairobi,4,20,0,1
2026-04-30,PRD020,Earphones Generic,Accessories,Electronics,PCS,81.0,5.0,1,0,75,150,300.0,,NAIROBI,2,12,0,0
2025-03-11,PRD003,Brookside Milk 500ml,DAIRY,Mini Supermarket,Pcs,100.0,8.0,1,0,91,55,70.0,Brookside Dairy Ltd,Kiambu ,2,40,0,0
2024-02-16,PRD006,Salit Sugar 1kg,Sugar & Spices,Mini Supermarket,Bag ,,8.0,2,0,93,135,160.0,Mumias Sugar Distributor,Kisumu,5,30,0,0
2024-08-06,PRD009,Paracetamol 500mg x10,Analgesics,Pharmacy,Strips,15.0,4.0,0,0,11,18,30.0,Shelys Pharmaceuticals,Nairobi ,2,60,0,0
2024-04-24,PRD001,Unga Jogoo 2kg,Flour & Grains,Mini Supermarket,bag,27.0,25.0,2,18,18,145,175.0,,Nairobi ,3,30,0,0
2024-03-15,PRD007,Omo Washing Powder 1kg,Detergents,Mini Supermarket,pck,112.0,-11.0,0,0,101,295,398.25,Bidco Africa Mombasa Rd,nairob,3,12,0,0
2026-03-13,PRD008,Royco Mchuzi Mix 75g,SEASONINGS,Mini Supermarket,pack,115.0,1.0,2,0,112,42,55.0,Unilever Kenya,NAIROBI,3,35,0,0
2024-02-25,PRD009,Paracetamol 500mg x10,ANALGESICS,PHARMACY,Strips,83.0,0.0,0,27,110,18,30.0,Shelys Pharmaceuticals,,2,60,0,1
2024-03-29,PRD019,  Infinix Charger 33W  ,accessories,Electronics,PCS,94.0,10.0,0,0,84,380,650.0,Luthuli Ave Wholesale,NAIROBI,2,10,0,0
2025-08-14,PRD002,Pembe Unga 1kg,Flour & Grains,Mini Supermarket,BAG,60.0,14.0,1,0,45,78,95.0,Unga Ltd Nairobi,NAIROBI,3,25,0,0
2024-04-07,PRD019,Infinix Charger 33W,Accessories,Electronics,PCS,32.0,27.0,0,0,5,380,650.0,Luthuli Ave Wholesale,NAIROBI,2,10,0,1
2026-04-04,PRD004,KCC Butter 250g,Dairy,Mini Supermarket,piece,90.0,32.0,3,0,55,210,260.0,Brookside Dairy Ltd,kiambu,2,15,0,1
2024-03-09,PRD003,Brookside Milk 500ml,Dairy,Mini Supermarket,piece,35.0,,2,36,56,55,,Brookside Dairy Ltd,Kiambu ,2,40,0,1
2024-08-31,PRD004,KCC Butter 250g,Dairy,Mini Supermarkt,Pcs,58.0,40.0,2,37,53,210,260.0,Brookside Dairy Ltd,kiambu,2,15,0,1
2024-12-15,PRD007,  Omo Washing Powder 1kg  ,Detergents,Mini Supermarket,pack,70.0,27.0,0,0,43,295,398.25,Bidco Africa Mombasa Rd,Nairob,3,12,0,1
2024-05-14,PRD002,  Pembe Unga 1kg  ,Flour & Grains,Mini Sup.,BAG,120.0,6.0,0,0,114,78,95.0,Unga Ltd Nairobi,NAIROBI,3,25,0,0
2024-06-13,PRD018,Drenching Gun Dewormer,Veterinary,Agrovet,Bottle,107.0,5.0,1,0,101,480,650.0,Interchemie Kenya,nairobi,4,8,0,0
24/08/2024,PRD015,CAN Fertiliser 50kg,Fertilisers,Agrovet,Bags,27.0,9.0,0,35,61,3200,3900.0,MEA Fertilisers,NAIROBI,7,5,0,1
2024-08-05,PRD019,Infinix Charger 33W,Accessories,Electronics,piece,15.0,2.0,1,0,12,380,650.0,Luthuli Ave Wholesale,NAIROBI,2,10,0,0
23/02/2024,PRD006,Salit Sugar 1kg,Sugar & Spices,Mini Supermarket,BAG,10.0,6.0,2,0,2,135,160.0,Mumias Sugar Distributor,Kisumu,5,30,0,0
2025-07-27,PRD002,Pembe Unga 1kg,Flour & Grains,Mini Supermarket,BAG,26.0,21.0,2,0,3,78,95.0,Unga Ltd Nairobi,NAIROBI,3,25,0,1
2026-03-23,PRD009,Paracetamol 500mg x10,Analgesics,Pharmacy,Strips,111.0,19.0,0,0,92,18,30.0,Shelys Pharmaceuticals,Nairobi ,2,60,0,0
2024-07-15,PRD007,Omo Washing Powder 1kg,Detergents,Mini Supermarket,pack,57.0,26.0,2,0,29,295,398.25,Bidco Africa Mombasa Rd,Nairob,3,12,0,0
2024-09-07,PRD017,Newcastle Vaccine 100dos,Veterinary,Agrovet,VIAL,101.0,25.0,2,0,74,250,400.0,Interchemie Kenya,Nairob,4,10,0,1
2025-07-08,PRD017,Newcastle Vaccine 100dos,Veterinary,Agrovet,VIAL,31.0,13.0,2,0,16,250,400.0,Interchemie Kenya,Nairob,4,10,0,0
2024-11-07,PRD018,Drenching Gun Dewormer,Veterinary,Agrovet,Bottle,10.0,3.0,1,0,6,480,650.0,Interchemie Kenya,nairobi,4,8,0,0
2024-05-25,PRD003,  Brookside Milk 500ml  ,Dairy,Mini Supermarket,Pcs,104.0,11.0,1,0,92,55,70.0,Brookside Dairy Ltd,Kiambu ,2,40,0,1
2024-09-16,PRD018,Drenching Gun Dewormer,VETERINARY,Agrovet,Btl,100.0,15.0,3,13,95,480,650.0,Interchemie Kenya,Nairobi,4,8,0,0
04/01/2026,PRD007,Omo Washing Powder 1kg,Detergents,Mini Supermarket,pack,109.0,35.0,2,0,72,295,398.25,,Nairob,3,12,0,1
2024-01-12,PRD014,DAP Fertiliser 50kg,Fertilisers,Agrovet,bag,22.0,8.0,0,0,14,3800,4500.0,MEA Fertilisers,Nairob,7,5,0,0
2025-07-20,PRD014,DAP Fertiliser 50kg,Fertilisers,Agrovet,bag,26.0,9.0,2,74,89,3800,4500.0,MEA Fertilisers,Nairob,7,5,1,1
2025-12-28,PRD001,Unga Jogoo 2kg,Flour & Grains,Mini Sup.,bag,25.0,3.0,0,0,22,145,175.0,Unga Ltd Nairobi,Nairobi ,3,30,1,1
2025-08-26,PRD012,Dettol Antiseptic 100ml,Antiseptics,Pharmacy,Bottle,110.0,24.0,2,0,84,145,200.0,Reckitt Kenya,NAIROBI,3,20,0,0
2024-06-02,PRD014,DAP Fertiliser 50kg,Fertilisers,Agrovet,bag,22.0,12.0,2,0,8,3800,4500.0,MEA Fertilisers,Nairob,7,5,0,1
2024-04-23,PRD002,Pembe Unga 1kg,Flour & Grains,Mini Supermarket,BAG,28.0,0.0,2,0,26,78,95.0,Unga Ltd Nairobi,NAIROBI,3,25,0,0
2024-11-26,PRD005,Elianto Cooking Oil 1L,Oils & Fats,Mini Supermarket,btl,96.0,1.0,1,0,94,230,280.0,Kapa Oil Refineries,Nairobi,4,20,0,0
2025-03-13,PRD014,DAP Fertiliser 50kg,Fertilisers,Agrovet,bag,,13.0,1,0,98,3800,4500.0,MEA Fertilisers,,7,5,0,0
2024-01-28,PRD002,Pembe Unga 1kg,Flour & Grains,Mini Supermarket,BAG,110.0,4.0,3,0,103,78,95.0,   ,NAIROBI,3,25,0,1
2024-11-14,PRD006,Salit Sugar 1kg,Sugar & Spices,Mini Supermarket,Bags,82.0,37.0,3,0,42,135,160.0,Mumias Sugar Distributor,Kisumu,5,30,0,0
2025-03-17,PRD003,Brookside Milk 500ml,Dairy,Mini Supermarket,piece,30.0,22.0,3,0,5,55,70.0,Brookside Dairy Ltd,Kiambu ,2,40,0,0
2024-09-23,PRD006,  Salit Sugar 1kg  ,Sugar & Spices,Mini Supermarket,Bag ,69.0,31.0,2,0,36,135,160.0,Mumias Sugar Distributor,Kisumu,5,30,0,0
2026-02-18,PRD004,KCC Butter 250g,Dairy,Mini Supermarket,piece,,19.0,1,1,49,210,260.0,Brookside Dairy Ltd,kiambu,2,15,0,0
2025-11-26,PRD009,Paracetamol 500mg x10,Analgesics,Pharmacy,Strips,31.0,7.0,0,0,24,18,30.0,Shelys Pharmaceuticals,Nairobi ,2,60,0,0
2025-03-16,PRD002,Pembe Unga 1kg,Flour & Grains,Mini Supermarket,BAG,83.0,1.0,2,0,80,78,95.0,Unga Ltd Nairobi,NAIROBI,3,25,0,1
2025-01-23,PRD013,Malaria RDT Kit,Diagnostics,Pharmacy,PCS,54.0,28.0,1,0,25,120,200.0,Medipharm Ltd,Nairobi ,4,25,0,0
2025-04-01,PRD001,Unga Jogoo 2kg,Flour & Grains,Mini Supermarket,bag,32.0,26.0,2,0,4,145,175.0,Unga Ltd Nairobi,Nairobi ,3,30,0,0
2025-05-06,PRD009,Paracetamol 500mg x10,Analgesics,Pharmacy,Strips,14.0,3.0,0,76,87,18,30.0,Shelys Pharmaceuticals,Nairobi ,2,60,0,0
2025-05-05,PRD005,Elianto Cooking Oil 1L,Oils & Fats,Mini Supermarket,Btl,94.0,40.0,2,0,52,230,280.0,Kapa Oil Refineries,Nairobi,4,20,0,0
2025-09-19,PRD014,DAP Fertiliser 50kg,FERTILISERS,Agrovet,bag,26.0,8.0,0,0,18,3800,4500.0,MEA Fertilisers,Nairob,7,5,0,0
29-12-2024,PRD007,Omo Washing Powder 1kg,Detergents,Mini Supermarket,pack,9.0,9.0,1,0,0,295,398.25,Bidco Africa Mombasa Rd,Nairob,3,12,1,1
2024-09-28,PRD006,Salit Sugar 1kg,Sugar & Spices,Mini Supermarket,Bag ,10.0,8.0,0,0,2,135,160.0,Mumias Sugar Distributor,Kisumu,5,30,0,1
2024-08-23,PRD001,Unga Jogoo 2kg,Flour & Grains,Mini Supermarket,bag,102.0,14.0,2,0,86,145,175.0,Unga Ltd Nairobi,Nairobi ,3,30,0,0
2024-05-04,PRD010,Amoxicillin 250mg x6,Antibiotics,PHARMACY,Strips,69.0,25.0,1,0,43,55,90.0,Cosmos Pharmaceuticals,NAIROBI,3,40,0,1
2025-04-24,PRD018,  Drenching Gun Dewormer  ,Veterinary,Agrovet,btl,,8.0,3,0,0,480,650.0,Interchemie Kenya,nairobi,4,8,0,0
2024-05-07,PRD018,  Drenching Gun Dewormer  ,Veterinary,Agrovet,Bottle,,8.0,2,0,55,480,650.0,   ,nairobi,4,8,0,0
2024-01-21,PRD011,ORS Sachets x6,Rehydration,Pharmacy,Pack,83.0,32.0,3,0,48,35,60.0,Dawa Ltd,nairobi,2,50,0,1
2025-11-02,PRD007,Omo Washing Powder 1kg,Detergents,Mini Supermarket,pack,,32.0,2,0,18,295,398.25,Bidco Africa Mombasa Rd,Nairob,3,12,0,1
2024-10-16,PRD009,Paracetamol 500mg x10,Analgesics,Pharmacy,Strips,53.0,22.0,1,0,30,18,30.0,Shelys Pharmaceuticals,,2,60,0,0
2024-02-15,PRD002,Pembe Unga 1kg,Flour & Grains,Mini Supermarket,BAG,,22.0,0,18,44,78,95.0,Unga Ltd Nairobi,NAIROBI,3,25,0,0
2024-02-26,PRD007,Omo Washing Powder 1kg,Detergents,Mini Supermarket,pack,81.0,34.0,0,0,47,295,398.25,,,3,12,0,0
2024-10-16,PRD019,Infinix Charger 33W,Accessories,Electronics,PCS,59.0,35.0,3,59,67,380,650.0,Luthuli Ave Wholesale,,2,10,0,0
2024-07-19,PRD011,ORS Sachets x6,Rehydration,Pharmacy,Pack,46.0,28.0,0,75,93,35,60.0,   ,nairobi,2,50,0,0
10-Feb-2024,PRD016,Maize Seed 2kg,Seeds,Agrovet,PACK,29.0,3.0,3,27,50,380,520.0,,Nakurru,5,15,0,1
2025-09-05,PRD004,KCC Butter 250g,Dairy,Mini Sup.,piece,,26.0,0,0,37,210,260.0,Brookside Dairy Ltd,kiambu,2,15,0,0
30-Sep-2024,PRD011,ORS Sachets x6,Rehydration,Pharmacy,Pack,7.0,0.0,3,21,25,35,60.0,Dawa Ltd,nairobi,2,50,0,0
2026-02-24,PRD014,DAP Fertiliser 50kg,Fertilisers,Agrovet,Bags,70.0,26.0,1,48,91,3800,4500.0,MEA Fertilisers,Nairob,7,5,0,0
2024-06-07,PRD020,Earphones Generic,ACCESSORIES,Electronics,PCS,77.0,11.0,3,0,63,150,300.0,,Nairobi,2,12,0,0
2024-03-22,PRD013,Malaria RDT Kit,Diagnostics,Pharmacy,PCS,,,1,0,63,120,200.0,Medipharm Ltd,Nairobi ,4,25,0,0
2025-05-23,PRD019,Infinix Charger 33W,Accessories,Electronics,PCS,14.0,0.0,3,0,11,380,650.0,Luthuli Ave Wholesale,NAIROBI,2,10,0,0
2025-01-13,PRD009,Paracetamol 500mg x10,Analgesics,Pharmacy,Strips,15.0,12.0,0,0,3,18,30.0,Shelys Pharmaceuticals,Nairobi ,2,60,0,0
2025-04-25,PRD016,Maize Seed 2kg,Seeds,Agrovet,PACK,108.0,9.0,1,0,98,380,520.0,Kenya Seed Company,Nakurru,5,15,0,0
2025-10-28,PRD010,Amoxicillin 250mg x6,Antibiotics,Pharmacy,Strips,107.0,3.0,0,17,121,55,90.0,Cosmos Pharmaceuticals,NAIROBI,3,40,0,0
2024-10-18,PRD014,DAP Fertiliser 50kg,Fertilisers,Agrovet,bag,73.0,5.0,0,0,68,3800,4500.0,MEA Fertilisers,Nairob,7,5,0,0
2026-03-04,PRD003,  Brookside Milk 500ml  ,Dairy,Mini Supermarket,piece,17.0,1.0,1,0,15,55,70.0,Brookside Dairy Ltd,,2,40,0,0
08/04/2026,PRD017,Newcastle Vaccine 100dos,Veterinary,Agrovet,VIAL,,20.0,2,74,84,250,400.0,Interchemie Kenya,Nairob,4,10,0,0
02-Sep-2024,PRD003,Brookside Milk 500ml,dairy,Mini Supermarkt,piece,106.0,32.0,0,0,74,55,70.0,Brookside Dairy Ltd,Kiambu ,2,40,0,0
2025-07-03,PRD017,Newcastle Vaccine 100dos,Veterinary,Agrovet,VIAL,83.0,40.0,0,0,43,250,400.0,Interchemie Kenya,Nairob,4,10,0,0
2025-03-26,PRD003,Brookside Milk 500ml,Dairy,Mini Supermarket,piece,50.0,2.0,3,10,55,55,70.0,Brookside Dairy Ltd,Kiambu ,2,40,0,0
2025-09-01,PRD001,Unga Jogoo 2kg,Flour & Grains,Mini Supermarket,bag,116.0,3.0,1,0,112,145,175.0,Unga Ltd Nairobi,,3,30,0,0
2024-02-29,PRD019,Infinix Charger 33W,Accessories,Electronics,PCS,10.0,5.0,3,0,2,380,650.0,Luthuli Ave Wholesale,NAIROBI,2,10,0,0
2024-01-16,PRD002,  Pembe Unga 1kg  ,Flour & Grains,Mini Supermarket,BAG,54.0,36.0,1,0,17,78,95.0,Unga Ltd Nairobi,NAIROBI,3,25,0,0
2026-02-25,PRD012,Dettol Antiseptic 100ml,antiseptics,Pharmacy,Bottle,39.0,28.0,0,0,11,145,200.0,Reckitt Kenya,NAIROBI,3,20,0,0
2025-11-05,PRD008,Royco Mchuzi Mix 75g,Seasonings,Mini Supermarket,Pack,109.0,4.0,3,0,102,42,55.0,Unilever Kenya,nairobi,3,35,0,0
2024-09-30,PRD005,Elianto Cooking Oil 1L,Oils & Fats,Mini Supermarket,btl,88.0,30.0,3,0,55,230,280.0,Kapa Oil Refineries,Nairobi,4,20,0,0
2024-10-31,PRD005,Elianto Cooking Oil 1L,Oils & Fats,Mini Supermarket,btl,72.0,,3,0,39,230,280.0,Kapa Oil Refineries,Nairobi,4,20,0,0
2024-10-21,PRD015,CAN Fertiliser 50kg,Fertilisers,AGROVET,Bags,,6.0,3,43,70,3200,3900.0,MEA Fertilisers,NAIROBI,7,5,0,0
2024-05-16,PRD016,Maize Seed 2kg,Seeds,Agrovet,Pack,,18.0,3,11,9,380,520.0,Kenya Seed Company,Nakurru,5,15,0,0
2025-07-19,PRD008,Royco Mchuzi Mix 75g,Seasonings,Mini Supermarket,PACK,47.0,23.0,0,0,24,42,55.0,Unilever Kenya,nairobi,3,35,0,1
2025-06-04,PRD018,Drenching Gun Dewormer,Veterinary,Agrovet,Bottle,62.0,22.0,3,0,37,480,650.0,   ,nairobi,4,8,0,0
2025-06-26,PRD010,Amoxicillin 250mg x6,Antibiotics,Pharmacy,Strips,92.0,9.0,0,62,145,55,90.0,Cosmos Pharmaceuticals,NAIROBI,3,40,0,0
2026-02-25,PRD004,KCC Butter 250g,Dairy,Mini Supermarket,piece,,,3,0,10,210,260.0,Brookside Dairy Ltd,kiambu,2,15,0,0
2026-03-26,PRD003,Brookside Milk 500ml,DAIRY,Mini Supermarket,pcs,77.0,35.0,0,34,76,55,2089.8263831592158,Brookside Dairy Ltd,Kiambu ,2,40,0,0
2025-08-31,PRD011,ORS Sachets x6,Rehydration,Pharmacy,Pack,20.0,16.0,2,37,39,35,60.0,Dawa Ltd,nairobi,2,50,0,1
2025-07-10,PRD010,Amoxicillin 250mg x6,Antibiotics,Pharmacy,Strips,25.0,2.0,0,0,23,55,90.0,Cosmos Pharmaceuticals,,3,40,0,0
2025-09-07,PRD015,CAN Fertiliser 50kg,Fertilisers,Agrovet,BAG,75.0,24.0,3,0,57,3200,3900.0,MEA Fertilisers,NAIROBI,7,5,0,1
2024-05-10,PRD003,Brookside Milk 500ml,Dairy,Mini Supermarket,piece,101.0,33.0,1,0,67,55,70.0,Brookside Dairy Ltd,,2,40,0,0
2026-01-08,PRD012,Dettol Antiseptic 100ml,Antiseptics,Pharmacy,Bottle,96.0,16.0,1,0,79,145,200.0,Reckitt Kenya,NAIROBI,3,20,0,0
2025-03-10,PRD003,Brookside Milk 500ml,Dairy,Mini Supermarket,piece,101.0,0.0,1,0,100,55,70.0,Brookside Dairy Ltd,Kiambu ,2,40,0,0
2024-08-08,PRD013,Malaria RDT Kit,Diagnostics,Pharmacy,PCS,55.0,29.0,1,0,25,120,200.0,Medipharm Ltd,Nairobi ,4,25,0,0
2026-01-03,PRD004,KCC Butter 250g,Dairy,Mini Supermarket,piece,42.0,11.0,1,0,30,210,260.0,Brookside Dairy Ltd,kiambu,2,15,0,1
2025-12-29,PRD011,ORS Sachets x6,Rehydration,Pharmacy,Pack,65.0,12.0,0,0,53,35,60.0,Dawa Ltd,NAIROBI,2,50,0,0
2025-07-25,PRD016,Maize Seed 2kg,SEEDS,Agrovet,PACK,72.0,25.0,1,0,46,380,520.0,Kenya Seed Company,Nakurru,5,15,0,0
2024-01-20,PRD018,Drenching Gun Dewormer,Veterinary,Agrovet,Bottle,115.0,6.0,3,66,172,480,650.0,Interchemie Kenya,nairobi,4,8,0,1
2025-01-01,PRD001,Unga Jogoo 2kg,Flour & Grains,Mini Supermarket,bag,77.0,,0,11,58,145,175.0,Unga Ltd Nairobi,Nairobi ,3,30,0,0
2024-07-23,PRD018,Drenching Gun Dewormer,Veterinary,Agrovet,Bottle,68.0,33.0,3,0,32,480,650.0,   ,nairobi,4,8,0,0
2025-09-25,PRD020,Earphones Generic,Accessories,Electronics,PCS,86.0,40.0,3,0,43,150,300.0,,NAIROBI,2,12,0,0
2025-02-03,PRD013,Malaria RDT Kit,DIAGNOSTICS,Pharmacy,PCS,102.0,33.0,3,0,66,120,,Medipharm Ltd,Nairobi ,4,25,0,0
2024-05-25,PRD014,DAP Fertiliser 50kg,Fertilisers,Agrovet,bag,82.0,20.0,3,0,59,3800,4500.0,MEA Fertilisers,Nairob,7,5,0,1
2026-02-11,PRD009,Paracetamol 500mg x10,Analgesics,Pharmacy,Strips,117.0,7.0,0,0,110,18,30.0,Shelys Pharmaceuticals,Nairobi ,2,60,0,0
2024-08-30,PRD011,ORS Sachets x6,Rehydration,Pharmacy,Pack,13.0,9.0,2,0,2,35,60.0,Dawa Ltd,nairobi,2,50,0,0
2024-05-26,PRD019,Infinix Charger 33W,Accessories,Electronics,PCS,101.0,10.0,2,0,89,380,19405.530700764146,Luthuli Ave Wholesale,NAIROBI,2,10,0,1
2024-06-30,PRD014,DAP Fertiliser 50kg,Fertilisers,Agrovet,bag,93.0,30.0,1,0,62,3800,4500.0,MEA Fertilisers,Nairob,7,5,1,1
02/12/2025,PRD012,Dettol Antiseptic 100ml,Antiseptics,Pharmacy,Bottle,88.0,22.0,3,0,63,145,200.0,Reckitt Kenya,NAIROBI,3,20,0,0
2025-10-25,PRD007,Omo Washing Powder 1kg,Detergents,Mini Supermarket,pack,13.0,6.0,0,0,7,295,398.25,Bidco Africa Mombasa Rd,Nairob,3,12,0,1
2025-02-06,PRD005,Elianto Cooking Oil 1L,OILS & FATS,Mini Supermarket,btl,30.0,15.0,3,0,12,230,280.0,,Nairobi,4,20,0,0
2024-04-05,PRD012,Dettol Antiseptic 100ml,Antiseptics,Pharmacy,Bottle,78.0,,1,0,71,145,200.0,Reckitt Kenya,NAIROBI,3,20,0,0
2025-11-07,PRD020,Earphones Generic,Accessories,Electronics,PCS,70.0,16.0,3,0,51,150,300.0,,,2,12,0,0
2025-05-19,PRD006,Salit Sugar 1kg,Sugar & Spices,Mini Supermarket,Bag ,117.0,27.0,2,34,122,135,160.0,Mumias Sugar Distributor,Kisumu,5,30,0,0
2025-10-20,PRD008,Royco Mchuzi Mix 75g,Seasonings,Mini Supermarket,Pack,78.0,32.0,3,0,62,42,1642.0064439108123,Unilever Kenya,nairobi,3,35,0,0
2025-10-21,PRD003,Brookside Milk 500ml,Dairy,Mini Supermarket,piece,15.0,9.0,3,10,13,55,70.0,,Kiambu ,2,40,0,0
2025-02-19,PRD020,Earphones Generic,Accessories,Electronics,PCS,,39.0,2,0,0,150,300.0,,NAIROBI,2,12,0,0
2024-09-03,PRD019,Infinix Charger 33W,Accessories,Electronics,PCS,40.0,37.0,2,0,1,380,650.0,Luthuli Ave Wholesale,,2,10,0,0
2026-04-09,PRD013,Malaria RDT Kit,Diagnostics,Pharmacy,PCS,,11.0,0,21,127,120,200.0,,Nairobi ,4,25,0,0
2025-09-28,PRD006,Salit Sugar 1kg,Sugar & Spices,Mini Sup.,Bag ,98.0,6.0,3,23,112,135,160.0,Mumias Sugar Distributor,Kisumu,5,30,0,1
2025-07-20,PRD011,ORS Sachets x6,Rehydration,Pharmacy,Pack,59.0,31.0,0,0,28,35,60.0,Dawa Ltd,nairobi,2,50,0,1
2024-11-29,PRD018,Drenching Gun Dewormer,Veterinary,Agrovet,Bottle,53.0,3.0,2,26,74,480,650.0,Interchemie Kenya,nairobi,4,8,0,0
2025-10-30,PRD019,Infinix Charger 33W,Accessories,Electronics,PCS,53.0,24.0,2,0,27,380,650.0,Luthuli Ave Wholesale,NAIROBI,2,10,0,0
2025-08-29,PRD014,DAP Fertiliser 50kg,Fertilisers,Agrovet,bag,35.0,5.0,1,0,29,3800,4500.0,MEA Fertilisers,Nairob,7,5,0,0
2024-09-24,PRD003,Brookside Milk 500ml,Dairy,Mini Supermarket,piece,11.0,3.0,1,33,28,55,,Brookside Dairy Ltd,Kiambu ,2,40,0,0
2025-12-04,PRD017,Newcastle Vaccine 100dos,Veterinary,Agrovet,VIAL,47.0,35.0,0,0,12,250,400.0,Interchemie Kenya,Nairob,4,10,0,0
2026-01-08,PRD005,Elianto Cooking Oil 1L,Oils & Fats,Mini Supermarket,btl,93.0,35.0,3,0,55,230,280.0,Kapa Oil Refineries,Nairobi,4,20,0,0
2024-10-13,PRD012,Dettol Antiseptic 100ml,Antiseptics,Pharmacy,Bottle,95.0,19.0,0,0,76,145,200.0,Reckitt Kenya,NAIROBI,3,20,1,1
2024-02-28,PRD002,Pembe Unga 1kg,Flour & Grains,Mini Supermarket,BAG,70.0,25.0,3,0,42,78,95.0,Unga Ltd Nairobi,NAIROBI,3,25,0,0
2024-11-17,PRD008,Royco Mchuzi Mix 75g,seasonings,Mini Supermarkt,Pack,82.0,30.0,0,0,52,42,55.0,Unilever Kenya,nairobi,3,35,0,1
2026-02-12,PRD006,Salit Sugar 1kg,Sugar & Spices,Mini Supermarket,Bag ,65.0,31.0,1,0,33,135,160.0,Mumias Sugar Distributor,Kisumu,5,30,0,0
2024-11-30,PRD018,Drenching Gun Dewormer,Veterinary,Agrovet,Bottle,29.0,22.0,3,41,45,480,650.0,Interchemie Kenya,nairobi,4,8,0,1
2025-12-14,PRD003,Brookside Milk 500ml,Dairy,Mini Supermarket,pcs,56.0,37.0,2,0,17,55,70.0,Brookside Dairy Ltd,Kiambu ,2,40,0,1
2024-10-19,PRD020,Earphones Generic,Accessories,Electronics,PCS,19.0,8.0,3,24,32,150,300.0,,NAIROBI,2,12,0,1
2026-04-21,PRD017,Newcastle Vaccine 100dos,Veterinary,Agrovet,VIAL,5.0,4.0,3,0,0,250,400.0,Interchemie Kenya,Nairob,4,10,0,0
2025-03-14,PRD004,KCC Butter 250g,Dairy,Mini Supermarket,piece,100.0,0.0,1,0,99,210,260.0,Brookside Dairy Ltd,kiambu,2,15,0,0
2024-02-13,PRD006,Salit Sugar 1kg,Sugar & Spices,Mini Supermarket,Bag ,45.0,27.0,2,0,16,135,160.0,Mumias Sugar Distributor,Kisumu,5,30,0,0
2025-09-24,PRD009,Paracetamol 500mg x10,Analgesics,Pharmacy,Strips,59.0,23.0,2,0,34,18,30.0,Shelys Pharmaceuticals,Nairobi ,2,60,0,0
2026-01-23,PRD004,  KCC Butter 250g  ,Dairy,Mini Supermarket,piece,118.0,8.0,0,0,110,210,260.0,Brookside Dairy Ltd,kiambu,2,15,0,0
2025-11-07,PRD005,Elianto Cooking Oil 1L,Oils & Fats,Mini Supermarket,btl,88.0,20.0,1,0,67,230,280.0,Kapa Oil Refineries,Nairobi,4,20,0,0
2026-03-12,PRD010,Amoxicillin 250mg x6,Antibiotics,Pharmacy,Strips,25.0,11.0,2,0,12,55,90.0,,NAIROBI,3,40,0,0
2025-01-02,PRD020,Earphones Generic,Accessories,electronics,PCS,,10.0,3,0,4,150,300.0,,NAIROBI,2,12,0,0
2024-01-04,PRD009,Paracetamol 500mg x10,Analgesics,Pharmacy,Strips,115.0,0.0,0,0,115,18,30.0,Shelys Pharmaceuticals,Nairobi ,2,60,0,0
2025-09-04,PRD011,ORS Sachets x6,Rehydration,Pharmacy,Pack,,3.0,3,0,70,35,60.0,Dawa Ltd,Nairobi,2,50,0,0
2024-06-18,PRD004,KCC Butter 250g,Dairy,Mini Supermarket,piece,17.0,10.0,2,0,5,210,260.0,Brookside Dairy Ltd,,2,15,0,0
2025-05-05,PRD007,Omo Washing Powder 1kg,DETERGENTS,Mini Supermarket,pack,73.0,14.0,2,0,57,295,398.25,Bidco Africa Mombasa Rd,NAIROB,3,12,0,0
2025-05-01,PRD011,ORS Sachets x6,Rehydration,Pharmacy,Pack,16.0,11.0,1,0,4,35,60.0,Dawa Ltd,nairobi,2,50,0,0
2024-07-08,PRD015,CAN Fertiliser 50kg,Fertilisers,Agrovet,BAG,20.0,7.0,0,0,13,3200,3900.0,MEA Fertilisers,Nairobi,7,5,0,0
2025-06-21,PRD016,Maize Seed 2kg,Seeds,Agrovet,PACK,100.0,-26.0,0,58,132,380,520.0,Kenya Seed Company,Nakurru,5,15,0,1
2025-09-28,PRD015,CAN Fertiliser 50kg,Fertilisers,Agrovet ,BAG,63.0,11.0,1,0,51,3200,3900.0,,NAIROBI,7,5,0,1
2024-12-02,PRD015,CAN Fertiliser 50kg,Fertilisers,Agrovet,BAG,20.0,15.0,1,73,77,3200,3900.0,MEA Fertilisers,NAIROBI,7,5,0,0
2024-03-22,PRD010,Amoxicillin 250mg x6,antibiotics,Pharmacy,Strips,58.0,39.0,0,8,27,55,90.0,Cosmos Pharmaceuticals,NAIROBI,3,40,0,0
2026-04-30,PRD013,Malaria RDT Kit,Diagnostics,Pharmacy,PCS,82.0,33.0,1,0,63,120,200.0,   ,Nairobi ,4,25,0,0
2026-02-01,PRD018,Drenching Gun Dewormer,Veterinary,Agrovet,Bottle,74.0,15.0,2,0,57,480,650.0,Interchemie Kenya,,4,8,0,1
2025-07-26,PRD010,Amoxicillin 250mg x6,Antibiotics,PHARMACY,Strips,114.0,2.0,1,0,111,55,90.0,Cosmos Pharmaceuticals,NAIROBI,3,40,0,1
2024-03-19,PRD019,Infinix Charger 33W,Accessories,Electronics,PCS,26.0,10.0,3,26,39,380,650.0,Luthuli Ave Wholesale,NAIROBI,2,10,0,0
2026-04-28,PRD009,Paracetamol 500mg x10,analgesics,pharmacy,Strips,110.0,17.0,1,72,164,18,30.0,Shelys Pharmaceuticals,Nairobi ,2,60,0,0
2024-11-14,PRD011,ORS Sachets x6,Rehydration,Pharmacy,Pack,17.0,10.0,3,0,4,35,60.0,Dawa Ltd,nairobi,2,50,0,0
2024-07-08,PRD008,  Royco Mchuzi Mix 75g  ,Seasonings,Mini Supermarket,Pack,49.0,27.0,3,0,19,42,55.0,Unilever Kenya,nairobi,3,35,0,0
2025-01-13,PRD019,Infinix Charger 33W,Accessories,Electronics,PCS,31.0,5.0,0,1,27,380,650.0,Luthuli Ave Wholesale,NAIROBI,2,10,0,0
2026-03-04,PRD012,  Dettol Antiseptic 100ml  ,Antiseptics,Pharmacy,Bottle,87.0,1.0,1,0,85,145,200.0,   ,NAIROBI,3,20,0,0
2025-05-26,PRD018,Drenching Gun Dewormer,Veterinary,Agrovet,Bottle,64.0,15.0,1,0,48,480,650.0,Interchemie Kenya,nairobi,4,8,0,0
2025-06-16,PRD016,Maize Seed 2kg,Seeds,Agrovet,PACK,118.0,13.0,0,0,105,380,520.0,   ,Nakurru,5,15,0,0
2024-09-18,PRD010,Amoxicillin 250mg x6,Antibiotics,Pharmacy,Strips,7.0,0.0,0,0,7,55,,Cosmos Pharmaceuticals,NAIROBI,3,40,0,0
2024-08-12,PRD017,Newcastle Vaccine 100dos,Veterinary,Agrovet,VIAL,78.0,16.0,3,63,122,250,400.0,Interchemie Kenya,Nairob,4,10,0,0
2026-03-10,PRD004,KCC Butter 250g,Dairy,Mini Supermarket,piece,54.0,22.0,3,0,29,210,260.0,Brookside Dairy Ltd,kiambu,2,15,0,0
2025-04-17,PRD014,DAP Fertiliser 50kg,Fertilisers,Agrovet,bag,29.0,24.0,0,0,5,3800,4500.0,   ,Nairob,7,5,0,0
2024-09-05,PRD002,Pembe Unga 1kg,Flour & Grains,Mini Supermarket,BAG,99.0,19.0,3,52,129,78,95.0,Unga Ltd Nairobi,,3,25,0,0
2024-07-14,PRD016,Maize Seed 2kg,Seeds,Agrovet,PACK,88.0,8.0,1,0,79,380,520.0,Kenya Seed Company,Nakurru,5,15,0,1
2026-02-06,PRD020,Earphones Generic,Accessories,Electronics,PCS,19.0,1.0,2,0,16,150,300.0,,NAIROBI,2,12,0,0
2025-06-30,PRD017,Newcastle Vaccine 100dos,Veterinary,Agrovet,VIAL,36.0,-26.0,2,0,17,250,400.0,Interchemie Kenya,Nairob,4,10,0,0
10-May-2024,PRD004,  KCC Butter 250g  ,Dairy,Mini Supermarket,piece,67.0,5.0,1,0,61,210,7762.212280305658,Brookside Dairy Ltd,kiambu,2,15,0,0
2025-10-12,PRD018,Drenching Gun Dewormer,Veterinary,Agrovet,Bottle,84.0,4.0,2,0,83,480,650.0,Interchemie Kenya,nairobi,4,8,0,1
2025-06-04,PRD011,ORS Sachets x6,Rehydration,Pharmacy,Pack,100.0,12.0,1,0,87,35,60.0,Dawa Ltd,nairobi,2,50,0,0
2024-01-03,PRD020,Earphones Generic,Accessories,Electronics,PCS,86.0,23.0,1,0,62,150,300.0,,NAIROBI,2,12,0,0
2024-03-14,PRD016,Maize Seed 2kg,Seeds,Agrovet,PACK,101.0,18.0,2,0,81,380,520.0,,Nakurru,5,15,0,0
2025-07-23,PRD012,Dettol Antiseptic 100ml,Antiseptics,Pharmacy,Bottle,55.0,12.0,2,4,45,145,200.0,Reckitt Kenya,NAIROBI,3,20,0,0
2026-02-13,PRD010,Amoxicillin 250mg x6,Antibiotics,Pharmacy,Strips,31.0,27.0,1,0,3,55,90.0,Cosmos Pharmaceuticals,Nairobi,3,40,0,0
2025-05-11,PRD016,Maize Seed 2kg,Seeds,Agrovet,PACK,27.0,26.0,1,63,55,380,520.0,Kenya Seed Company,Nakurru,5,15,0,1
2025-08-08,PRD010,Amoxicillin 250mg x6,Antibiotics,Pharmacy,Strips,33.0,,1,0,4,55,90.0,Cosmos Pharmaceuticals,NAIROBI,3,40,0,0
2025-01-09,PRD005,Elianto Cooking Oil 1L,Oils & Fats,Mini Supermarket,btl,63.0,27.0,2,76,110,230,280.0,Kapa Oil Refineries,Nairobi,4,20,0,0
2026-02-05,PRD017,Newcastle Vaccine 100dos,Veterinary,Agrovet,VIAL,61.0,24.0,1,0,36,250,400.0,Interchemie Kenya,Nairob,4,10,0,0
11-09-2025,PRD008,  Royco Mchuzi Mix 75g  ,SEASONINGS,Mini Supermarket,Pack,5.0,3.0,0,54,56,42,55.0,,nairobi,3,35,0,0
2026-03-09,PRD001,Unga Jogoo 2kg,Flour & Grains,Mini Supermarket,bag,,-10.0,1,0,62,145,175.0,Unga Ltd Nairobi,,3,30,0,0
2024-05-06,PRD017,Newcastle Vaccine 100dos,Veterinary,Agrovet,VIAL,120.0,3.0,3,0,114,250,400.0,Interchemie Kenya,Nairob,4,10,0,0
2025-01-30,PRD017,Newcastle Vaccine 100dos,Veterinary,Agrovet,VIAL,63.0,36.0,2,0,25,250,400.0,Interchemie Kenya,Nairob,4,10,0,0
2025-04-27,PRD002,Pembe Unga 1kg,Flour & Grains,Mini Supermarket,BAG,8.0,8.0,1,58,57,78,95.0,Unga Ltd Nairobi,NAIROBI,3,25,0,1
2024-01-08,PRD004,  KCC Butter 250g  ,DAIRY,Mini Supermarket,piece,57.0,29.0,0,0,28,210,260.0,Brookside Dairy Ltd,kiambu,2,15,0,0
2025-03-25,PRD006,Salit Sugar 1kg,Sugar & Spices,Mini Supermarket,Bag ,10.0,1.0,3,0,6,135,160.0,,Kisumu,5,30,0,0
2024-12-24,PRD004,KCC Butter 250g,Dairy,Mini Supermarket,piece,102.0,36.0,3,0,63,210,260.0,Brookside Dairy Ltd,kiambu,2,15,0,0
2026-04-07,PRD005,Elianto Cooking Oil 1L,Oils & Fats,Mini Supermarket,btl,53.0,36.0,1,0,16,230,280.0,Kapa Oil Refineries,nairobi,4,20,0,0
2025-01-03,PRD010,Amoxicillin 250mg x6,Antibiotics,Pharmacy,Strips,67.0,2.0,2,0,63,55,90.0,Cosmos Pharmaceuticals,NAIROBI,3,40,0,0
2024-05-15,PRD011,ORS Sachets x6,Rehydration,Pharmacy,Pack,57.0,18.0,1,63,104,35,60.0,Dawa Ltd,nairobi,2,50,0,0
2024-06-06,PRD009,Paracetamol 500mg x10,Analgesics,Pharmacy,Strips,27.0,18.0,1,0,8,18,30.0,Shelys Pharmaceuticals,Nairobi ,2,60,0,0
2024-02-05,PRD018,Drenching Gun Dewormer,Veterinary,Agrovet,Bottle,116.0,24.0,1,0,91,480,650.0,Interchemie Kenya,nairobi,4,8,0,0
2024-05-24,PRD019,Infinix Charger 33W,Accessories,Electronics,PCS,112.0,37.0,0,0,75,380,650.0,Luthuli Ave Wholesale,NAIROBI,2,10,0,0
2026-03-20,PRD019,Infinix Charger 33W,Accessories,Electroncis,Pcs,20.0,10.0,3,43,50,380,650.0,Luthuli Ave Wholesale,NAIROBI,2,10,0,0
2026-03-31,PRD017,Newcastle Vaccine 100dos,Veterinary,Agrovet,VIAL,40.0,16.0,0,0,24,250,400.0,Interchemie Kenya,Nairob,4,10,0,0
2026-04-24,PRD009,Paracetamol 500mg x10,Analgesics,Pharmacy,Strips,31.0,1.0,0,0,30,18,30.0,Shelys Pharmaceuticals,Nairobi ,2,60,0,0
2026-01-01,PRD012,Dettol Antiseptic 100ml,Antiseptics,Pharmacy,BOTTLE,43.0,33.0,2,80,88,145,200.0,Reckitt Kenya,NAIROBI,3,20,0,0
2025-05-15,PRD001,Unga Jogoo 2kg,Flour & Grains,Mini Supermarket,bag,90.0,35.0,0,0,55,145,175.0,Unga Ltd Nairobi,Nairobi ,3,30,0,0
2026-02-20,PRD006,Salit Sugar 1kg,Sugar & Spices,Mini Supermarket,Bag ,95.0,17.0,3,0,75,135,160.0,,Kisumu,5,30,0,0
2025-10-24,PRD015,CAN Fertiliser 50kg,fertilisers,Agrovet,BAG,106.0,14.0,2,0,90,3200,3900.0,MEA Fertilisers,,7,5,0,0
2025-11-17,PRD002,  Pembe Unga 1kg  ,flour & grains,Mini Supermarkt,BAG,66.0,21.0,0,0,50,78,95.0,Unga Ltd Nairobi,NAIROBI,3,25,0,0
2025-08-22,PRD008,Royco Mchuzi Mix 75g,Seasonings,Mini Supermarket,pck,11.0,5.0,2,0,4,42,55.0,Unilever Kenya,nairobi,3,35,0,0
2024-12-10,PRD011,ORS Sachets x6,Rehydration,Pharmacy,Pack,108.0,0.0,3,0,105,35,60.0,Dawa Ltd,nairobi,2,50,0,0
2024-06-28,PRD003,Brookside Milk 500ml,Dairy,mini supermarket,Pcs,23.0,1.0,2,0,20,55,70.0,Brookside Dairy Ltd,Kiambu ,2,40,0,0
2024-02-01,PRD007,Omo Washing Powder 1kg,Detergents,Mini Supermarkt,pack,21.0,9.0,3,0,9,295,398.25,Bidco Africa Mombasa Rd,Nairob,3,12,0,0
2025-12-16,PRD016,Maize Seed 2kg,Seeds,Agrovet,Pack,105.0,,3,0,79,380,520.0,Kenya Seed Company,Nakurru,5,15,0,0
2024-05-17,PRD004,KCC Butter 250g,Dairy,Mini Supermarket,piece,45.0,27.0,0,5,23,210,260.0,Brookside Dairy Ltd,kiambu,2,15,0,0
12/05/2025,PRD016,Maize Seed 2kg,seeds,Agrovet,PACK,17.0,-5.0,0,0,12,380,520.0,Kenya Seed Company,Nakurru,5,15,0,0
2026-02-09,PRD011,ORS Sachets x6,Rehydration,PHARMACY,Pack,21.0,18.0,3,0,0,35,60.0,Dawa Ltd,nairobi,2,50,0,0
2024-06-28,PRD009,Paracetamol 500mg x10,Analgesics,Pharmacy,Strips,48.0,26.0,2,0,20,18,30.0,Shelys Pharmaceuticals,Nairobi ,2,60,0,0
2025-11-03,PRD006,Salit Sugar 1kg,Sugar & Spices,Mini Supermarket,Bag ,96.0,26.0,2,0,68,135,160.0,Mumias Sugar Distributor,Kisumu,5,30,0,0
2025-02-26,PRD005,Elianto Cooking Oil 1L,Oils & Fats,Mini Supermarket,btl,11.0,9.0,3,0,0,230,280.0,Kapa Oil Refineries,,4,20,0,0
2024-09-01,PRD008,Royco Mchuzi Mix 75g,Seasonings,Mini Supermarket,pack,32.0,9.0,1,0,22,42,55.0,,nairobi,3,35,0,1
2025-04-13,PRD005,Elianto Cooking Oil 1L,Oils & Fats,MINI SUPERMARKET,btl,98.0,22.0,2,0,74,230,280.0,Kapa Oil Refineries,Nairobi,4,20,0,1
2024-01-14,PRD017,Newcastle Vaccine 100dos,Veterinary,Agrovet,VIAL,90.0,15.0,2,13,86,250,400.0,Interchemie Kenya,,4,10,0,1
2024-10-12,PRD011,ORS Sachets x6,Rehydration,Pharmacy,Pack,78.0,19.0,3,0,67,35,60.0,Dawa Ltd,nairobi,2,50,0,1
2025-06-14,PRD005,Elianto Cooking Oil 1L,Oils & Fats,Mini Supermarket,Btl,31.0,14.0,3,10,24,230,280.0,Kapa Oil Refineries,Nairobi,4,20,0,1
2024-12-07,PRD010,Amoxicillin 250mg x6,Antibiotics,Pharmacy,Strips,40.0,0.0,0,0,40,55,90.0,Cosmos Pharmaceuticals,NAIROBI,3,40,0,1
2025-04-14,PRD002,Pembe Unga 1kg,Flour & Grains,Mini Supermarket,BAG,10.0,10.0,3,0,0,78,95.0,Unga Ltd Nairobi,NAIROBI,3,25,0,0
11-Sep-2025,PRD020,Earphones Generic,Accessories,Electronics,PCS,45.0,22.0,1,51,73,150,300.0,,NAIROBI,2,12,0,0
2024-04-04,PRD005,Elianto Cooking Oil 1L,Oils & Fats,Mini Supermarket,btl,63.0,13.0,3,0,47,230,280.0,Kapa Oil Refineries,Nairobi,4,20,0,0
2025-10-08,PRD013,Malaria RDT Kit,Diagnostics,Pharmacy,PCS,68.0,1.0,0,58,125,120,200.0,,Nairobi ,4,25,0,0
2025-07-13,PRD018,Drenching Gun Dewormer,Veterinary,Agrovet,Bottle,82.0,2.0,0,0,80,480,650.0,Interchemie Kenya,nairobi,4,8,0,1
2026-02-08,PRD003,Brookside Milk 500ml,Dairy,Mini Supermarket,PCS,15.0,7.0,3,0,5,55,70.0,Brookside Dairy Ltd,Kiambu ,2,40,1,1
2024-02-24,PRD015,CAN Fertiliser 50kg,Fertilisers,Agrovet,BAG,35.0,24.0,0,0,-6,3200,3900.0,MEA Fertilisers,NAIROBI,7,5,0,1
2025-07-04,PRD008,Royco Mchuzi Mix 75g,Seasonings,Mini Supermarket,PACK,108.0,31.0,2,61,136,42,55.0,,nairobi,3,35,0,0
2025-11-27,PRD019,Infinix Charger 33W,ACCESSORIES,Electronics,PCS,85.0,39.0,0,0,46,380,650.0,Luthuli Ave Wholesale,NAIROBI,2,10,0,0
2024-07-19,PRD008,Royco Mchuzi Mix 75g,Seasonings,Mini Supermarket,Pack,119.0,34.0,1,0,84,42,55.0,Unilever Kenya,nairobi,3,35,0,0
01-05-2025,PRD019,Infinix Charger 33W,Accessories,Electronics,PCS,117.0,17.0,0,0,100,380,650.0,Luthuli Ave Wholesale,NAIROBI,2,10,0,0
2025-12-22,PRD001,Unga Jogoo 2kg,Flour & Grains,Mini Supermarket,bag,,2.0,2,0,1,145,175.0,Unga Ltd Nairobi,Nairobi ,3,30,0,0
2025-09-22,PRD012,Dettol Antiseptic 100ml,Antiseptics,Pharmacy,Bottle,27.0,14.0,3,0,10,145,200.0,Reckitt Kenya,NAIROBI,3,20,0,0
2025-12-10,PRD001,Unga Jogoo 2kg,Flour & Grains,Mini Supermarket,bag,,25.0,3,0,30,145,175.0,,Nairobi ,3,30,0,0
2026-02-19,PRD010,Amoxicillin 250mg x6,Antibiotics,Pharmacy,Strips,97.0,8.0,0,0,89,55,90.0,Cosmos Pharmaceuticals,NAIROBI,3,40,0,0
2025-05-04,PRD002,Pembe Unga 1kg,flour & grains,Mini Supermarket,BAG,85.0,21.0,0,0,64,78,95.0,Unga Ltd Nairobi,NAIROBI,3,25,0,1
2024-06-08,PRD010,Amoxicillin 250mg x6,Antibiotics,Pharmacy,Strips,96.0,7.0,1,0,88,55,90.0,Cosmos Pharmaceuticals,NAIROBI,3,40,0,1
2026-02-16,PRD001,Unga Jogoo 2kg,Flour & Grains,Mini Supermarket,bag,10.0,4.0,0,0,6,145,175.0,Unga Ltd Nairobi,,3,30,0,0
2024-09-09,PRD001,Unga Jogoo 2kg,Flour & Grains,Mini Supermarket,bag,59.0,22.0,2,0,35,145,175.0,Unga Ltd Nairobi,Nairobi ,3,30,0,0
2026-02-19,PRD011,ORS Sachets x6,Rehydration,Pharmacy,Pack,65.0,38.0,2,12,37,35,60.0,Dawa Ltd,nairobi,2,50,0,0
2024-11-30,PRD001,Unga Jogoo 2kg,Flour & Grains,Mini Supermarket,bag,59.0,30.0,2,0,27,145,175.0,,Nairobi ,3,30,0,1
2025-08-15,PRD002,Pembe Unga 1kg,Flour & Grains,Mini Supermarket,BAG,53.0,34.0,3,0,16,78,95.0,Unga Ltd Nairobi,NAIROBI,3,25,0,0
2025-02-21,PRD017,Newcastle Vaccine 100dos,Veterinary,Agrovet,VIAL,117.0,18.0,1,77,175,250,400.0,Interchemie Kenya,Nairob,4,10,0,0
2025-07-06,PRD016,Maize Seed 2kg,Seeds,Agrovet,PACK,31.0,2.0,0,43,72,380,520.0,Kenya Seed Company,NAKURRU,5,15,0,1
2025-08-14,PRD009,Paracetamol 500mg x10,Analgesics,Pharmacy,Strips,71.0,35.0,2,0,34,18,30.0,,Nairobi ,2,60,0,0
04/02/2024,PRD020,Earphones Generic,Accessories,Electronics,PCS,68.0,2.0,1,0,65,150,300.0,,NAIROBI,2,12,0,1
2025-01-06,PRD003,Brookside Milk 500ml,Dairy,Mini Supermarket,piece,102.0,27.0,2,0,73,55,70.0,Brookside Dairy Ltd,KIAMBU ,2,40,0,0
2025-12-06,PRD014,DAP Fertiliser 50kg,Fertilisers,Agrovet,bag,24.0,1.0,2,35,56,3800,4500.0,MEA Fertilisers,Nairob,7,5,0,1
2024-06-11,PRD009,Paracetamol 500mg x10,Analgesics,Pharmacy,Strips,99.0,36.0,0,0,63,18,30.0,Shelys Pharmaceuticals,Nairobi ,2,60,0,0
2025-11-06,PRD006,Salit Sugar 1kg,Sugar & Spices,Mini Supermarket,Bag ,70.0,,3,0,63,135,160.0,Mumias Sugar Distributor,Kisumu,5,30,0,0
2025-07-17,PRD020,Earphones Generic,Accessories,Electronics,PCS,105.0,4.0,1,0,100,150,300.0,,NAIROBI,2,12,0,0
2024-11-04,PRD016,Maize Seed 2kg,Seeds,Agrovet,PACK,92.0,25.0,2,0,65,380,15524.424560611316,Kenya Seed Company,Nakurru,5,15,0,0
2024-11-30,PRD007,Omo Washing Powder 1kg,Detergents,Mini Supermarket,pack,,8.0,3,0,67,295,398.25,Bidco Africa Mombasa Rd,Nairob,3,12,0,1
2024-01-07,PRD011,ORS Sachets x6,REHYDRATION,Pharmacy,Pack,96.0,19.0,3,0,74,35,60.0,Dawa Ltd,nairobi,2,50,0,1
2024-07-03,PRD005,Elianto Cooking Oil 1L,Oils & Fats,Mini Supermarket,btl,24.0,19.0,2,0,3,230,280.0,Kapa Oil Refineries,Nairobi,4,20,0,0
19-Jun-2025,PRD013,Malaria RDT Kit,Diagnostics,Pharmacy,pcs,23.0,,3,0,0,120,200.0,Medipharm Ltd,Nairobi ,4,25,0,0
2025-10-09,PRD009,  Paracetamol 500mg x10  ,Analgesics,Pharmacy,Strips,26.0,19.0,0,0,7,18,30.0,Shelys Pharmaceuticals,Nairobi ,2,60,0,0
27-Mar-2024,PRD011,ORS Sachets x6,Rehydration,Pharmacy,Pack,108.0,11.0,0,0,97,35,60.0,Dawa Ltd,nairobi,2,50,0,0
2025-10-16,PRD014,DAP Fertiliser 50kg,Fertilisers,Agrovett,Bag,67.0,29.0,0,0,38,3800,4500.0,MEA Fertilisers,Nairob,7,5,0,0
2025-01-28,PRD016,Maize Seed 2kg,Seeds,Agrovet,PACK,49.0,34.0,2,0,13,380,520.0,Kenya Seed Company,Nakurru,5,15,0,0
2025-04-25,PRD018,Drenching Gun Dewormer,Veterinary,Agrovet,Bottle,64.0,37.0,2,0,25,480,650.0,Interchemie Kenya,nairobi,4,8,0,0
2025-10-21,PRD004,KCC Butter 250g,Dairy,mini supermarket,piece,28.0,,1,0,1,210,260.0,Brookside Dairy Ltd,Kiambu,2,15,0,0
2025-11-06,PRD018,Drenching Gun Dewormer,Veterinary,Agrovet,Bottle,69.0,18.0,0,0,51,480,650.0,Interchemie Kenya,nairobi,4,8,0,0
07-Jun-2025,PRD002,Pembe Unga 1kg,Flour & Grains,Mini Supermarket,BAG,78.0,21.0,1,0,56,78,95.0,Unga Ltd Nairobi,NAIROBI,3,25,0,1
2025-10-23,PRD017,Newcastle Vaccine 100dos,Veterinary,Agrovet,VIAL,70.0,19.0,1,1,51,250,400.0,Interchemie Kenya,Nairob,4,10,0,0
2024-03-22,PRD011,  ORS Sachets x6  ,Rehydration,Pharmacy,Pack,110.0,14.0,1,0,95,35,60.0,Dawa Ltd,nairobi,2,50,0,0
2024-03-31,PRD015,CAN Fertiliser 50kg,Fertilisers,Agrovet,BAG,16.0,10.0,3,52,55,3200,3900.0,MEA Fertilisers,NAIROBI,7,5,0,1
2025-10-03,PRD008,Royco Mchuzi Mix 75g,Seasonings,Mini Supermarket,Pack,,36.0,2,8,79,42,,Unilever Kenya,nairobi,3,35,0,0
2025-08-02,PRD002,Pembe Unga 1kg,Flour & Grains,Mini Supermarkt,BAG,,2.0,2,0,97,78,95.0,Unga Ltd Nairobi,NAIROBI,3,25,0,1
2024-12-10,PRD016,Maize Seed 2kg,Seeds,Agrovet,PACK,94.0,34.0,2,67,125,380,520.0,,Nakurru,5,15,0,0
2024-12-14,PRD018,Drenching Gun Dewormer,Veterinary,Agrovet,Btl,40.0,12.0,1,0,27,480,650.0,Interchemie Kenya,nairobi,4,8,0,1
2025-07-06,PRD017,Newcastle Vaccine 100dos,Veterinary,Agrovet,VIAL,39.0,8.0,0,0,31,250,400.0,Interchemie Kenya,Nairob,4,10,0,1
2024-07-01,PRD014,DAP Fertiliser 50kg,Fertilisers,Agrovet,bag,21.0,15.0,1,0,5,3800,4500.0,MEA Fertilisers,Nairob,7,5,0,0
2025-11-19,PRD018,Drenching Gun Dewormer,veterinary,Agrovet,Bottle,71.0,33.0,1,33,70,480,650.0,Interchemie Kenya,nairobi,4,8,0,0
2025-11-07,PRD009,Paracetamol 500mg x10,Analgesics,Pharmacy,Strips,75.0,6.0,0,0,69,18,30.0,Shelys Pharmaceuticals,Nairobi ,2,60,0,0
2025-02-15,PRD004,KCC Butter 250g,Dairy,Mini Supermarket,piece,43.0,23.0,2,0,18,210,,Brookside Dairy Ltd,kiambu,2,15,0,1
2025-08-12,PRD015,CAN Fertiliser 50kg,Fertilisers,Agrovet,BAG,40.0,0.0,3,0,37,3200,3900.0,MEA Fertilisers,NAIROBI,7,5,0,0
2025-04-12,PRD008,Royco Mchuzi Mix 75g,Seasonings,Mini Supermarket,Pack,48.0,17.0,2,0,29,42,55.0,   ,Nairobi,3,35,0,1
2025-09-08,PRD001,Unga Jogoo 2kg,Flour & Grains,Mini Supermarket,bag,19.0,12.0,1,24,30,145,175.0,Unga Ltd Nairobi,Nairobi ,3,30,0,0
2025-01-26,PRD007,Omo Washing Powder 1kg,Detergents,Mini Supermarket,pack,110.0,17.0,3,26,116,295,398.25,Bidco Africa Mombasa Rd,,3,12,0,1
14-10-2024,PRD020,Earphones Generic,Accessories,Electronics,PCS,57.0,10.0,0,0,47,150,300.0,,NAIROBI,2,12,0,0
2025-04-14,PRD012,Dettol Antiseptic 100ml,Antiseptics,Pharmacy,Bottle,46.0,30.0,3,0,13,145,200.0,Reckitt Kenya,NAIROBI,3,20,0,0
2024-03-29,PRD013,Malaria RDT Kit,DIAGNOSTICS,Pharmacy,PCS,45.0,1.0,1,0,43,120,200.0,Medipharm Ltd,Nairobi ,4,25,0,0
2024-09-08,PRD001,Unga Jogoo 2kg,Flour & Grains,Mini Supermarket,bag,83.0,,2,0,59,145,175.0,Unga Ltd Nairobi,Nairobi ,3,30,1,1
12-Feb-2026,PRD020,Earphones Generic,Accessories,Electronics,PCS,114.0,10.0,3,0,101,150,,,NAIROBI,2,12,0,0
2025-10-06,PRD006,Salit Sugar 1kg,Sugar & Spices,Mini Supermarket,Bag ,117.0,19.0,0,36,134,135,160.0,Mumias Sugar Distributor,,5,30,0,0
2024-10-27,PRD010,Amoxicillin 250mg x6,antibiotics,PHARMACY,Strips,63.0,2.0,3,0,58,55,90.0,Cosmos Pharmaceuticals,NAIROBI,3,40,0,1
2026-03-28,PRD020,Earphones Generic,Accessories,Electronics,PCS,105.0,28.0,3,0,74,150,300.0,,nairobi,2,12,0,1
2024-03-25,PRD002,Pembe Unga 1kg,Flour & Grains,Mini Supermarket,BAG,30.0,10.0,1,0,19,78,95.0,,nairobi,3,25,0,0
2024-09-07,PRD008,Royco Mchuzi Mix 75g,Seasonings,Mini Supermarket,Pack,82.0,25.0,3,0,54,42,55.0,Unilever Kenya,nairobi,3,35,0,1
2026-01-15,PRD003,Brookside Milk 500ml,Dairy,Mini Supermarket,piece,27.0,18.0,3,0,6,55,,Brookside Dairy Ltd,Kiambu ,2,40,0,0
2024-07-16,PRD016,Maize Seed 2kg,Seeds,Agrovet,PACK,-50.0,5.0,3,77,119,380,520.0,Kenya Seed Company,Nakurru,5,15,0,0
2024-10-05,PRD003,Brookside Milk 500ml,Dairy,Mini Supermarket,pcs,48.0,,0,0,26,55,70.0,Brookside Dairy Ltd,Kiambu ,2,40,0,1
22-Apr-2024,PRD008,Royco Mchuzi Mix 75g,Seasonings,Mini Supermarket,Pack,87.0,18.0,3,0,66,42,55.0,Unilever Kenya,nairobi,3,35,0,0
2025-03-09,PRD010,Amoxicillin 250mg x6,Antibiotics,Pharmcy,Strips,46.0,29.0,3,0,14,55,90.0,Cosmos Pharmaceuticals,Nairobi,3,40,0,1
2025-02-11,PRD015,CAN Fertiliser 50kg,Fertilisers,Agrovet,BAG,38.0,1.0,0,0,37,3200,3900.0,MEA Fertilisers,Nairobi,7,5,0,0
2024-07-25,PRD001,Unga Jogoo 2kg,Flour & Grains,Mini Supermarket,bag,37.0,4.0,2,0,31,145,175.0,,Nairobi ,3,30,0,0
2024-04-06,PRD019,Infinix Charger 33W,Accessories,Electronics,PCS,67.0,40.0,1,0,26,380,650.0,Luthuli Ave Wholesale,NAIROBI,2,10,0,1
2026-01-14,PRD019,Infinix Charger 33W,Accessories,Electronics,PCS,8.0,8.0,2,26,24,380,650.0,,NAIROBI,2,10,0,0
2024-01-07,PRD013,Malaria RDT Kit,diagnostics,Pharmacy,PCS,67.0,13.0,1,0,53,120,200.0,Medipharm Ltd,Nairobi ,4,25,0,1
2024-01-02,PRD016,Maize Seed 2kg,Seeds,Agrovet ,PACK,17.0,11.0,2,0,4,380,520.0,Kenya Seed Company,Nakurru,5,15,0,0
2024-03-14,PRD005,Elianto Cooking Oil 1L,Oils & Fats,Mini Supermarket,btl,117.0,30.0,3,0,84,230,280.0,Kapa Oil Refineries,Nairobi,4,20,0,0
2025-04-23,PRD003,Brookside Milk 500ml,Dairy,Mini Supermarket,PCS,47.0,1.0,3,18,61,55,2089.8263831592158,Brookside Dairy Ltd,Kiambu ,2,40,0,0
13-03-2026,PRD017,Newcastle Vaccine 100dos,Veterinary,Agrovet,VIAL,68.0,,0,0,59,250,400.0,Interchemie Kenya,Nairob,4,10,0,0
2024-03-12,PRD018,  Drenching Gun Dewormer  ,Veterinary,Agrovet,Bottle,53.0,25.0,2,0,26,480,650.0,Interchemie Kenya,nairobi,4,8,0,0
2024-03-05,PRD002,Pembe Unga 1kg,Flour & Grains,Mini Supermarket,BAG,71.0,18.0,0,0,53,78,95.0,,NAIROBI,3,25,0,0
2024-01-28,PRD006,Salit Sugar 1kg,Sugar & Spices,Mini Supermarket,Bags,61.0,19.0,3,0,39,135,160.0,Mumias Sugar Distributor,Kisumu,5,30,0,1
11/12/2024,PRD015,  CAN Fertiliser 50kg  ,Fertilisers,Agrovet,BAG,28.0,12.0,2,55,69,3200,3900.0,MEA Fertilisers,NAIROBI,7,5,0,0
2026-01-18,PRD017,Newcastle Vaccine 100dos,Veterinary,Agrovet,VIAL,95.0,0.0,0,25,120,250,400.0,Interchemie Kenya,Nairob,4,10,0,1
2024-04-07,PRD006,  Salit Sugar 1kg  ,Sugar & Spices,Mini Supermarket,Bag ,109.0,,0,0,96,135,160.0,Mumias Sugar Distributor,Kisumu,5,30,0,1
2025-03-31,PRD017,  Newcastle Vaccine 100dos  ,Veterinary,Agrovet,VIAL,7.0,4.0,3,0,0,250,400.0,Interchemie Kenya,Nairob,4,10,0,0
2025-07-24,PRD018,Drenching Gun Dewormer,Veterinary,Agrovet,Bottle,47.0,9.0,0,0,38,480,650.0,Interchemie Kenya,nairobi,4,8,0,0
2026-02-21,PRD019,Infinix Charger 33W,accessories,Electronics,PCS,79.0,17.0,2,0,60,380,650.0,Luthuli Ave Wholesale,NAIROBI,2,10,0,1
2025-08-27,PRD006,Salit Sugar 1kg,Sugar & Spices,Mini Supermarket,Bags,109.0,33.0,0,0,76,135,160.0,Mumias Sugar Distributor,Kisumu,5,30,0,0
2024-03-12,PRD019,Infinix Charger 33W,Accessories,Electroncis,pcs,89.0,30.0,3,0,56,380,650.0,Luthuli Ave Wholesale,Nairobi,2,10,0,0
2026-03-11,PRD008,Royco Mchuzi Mix 75g,Seasonings,Mini Supermarket,Pack,44.0,26.0,3,0,15,42,55.0,Unilever Kenya,nairobi,3,35,0,0
2025-08-07,PRD019,Infinix Charger 33W,Accessories,Electronics,PCS,29.0,27.0,1,0,1,380,650.0,Luthuli Ave Wholesale,NAIROBI,2,10,0,0
2024-09-17,PRD002,Pembe Unga 1kg,Flour & Grains,Mini Supermarket,BAG,115.0,37.0,0,0,93,78,,Unga Ltd Nairobi,NAIROBI,3,25,0,0
2024-06-07,PRD011,ORS Sachets x6,Rehydration,Pharmacy,PACK,118.0,38.0,0,0,80,35,60.0,Dawa Ltd,nairobi,2,50,0,0
2024-04-13,PRD014,DAP Fertiliser 50kg,Fertilisers,Agrovet,bag,6.0,2.0,1,7,10,3800,4500.0,MEA Fertilisers,Nairob,7,5,0,1
2024-12-10,PRD002,Pembe Unga 1kg,flour & grains,Mini Supermarket,BAG,48.0,15.0,0,0,33,78,95.0,Unga Ltd Nairobi,NAIROBI,3,25,0,0
2026-02-13,PRD001,Unga Jogoo 2kg,Flour & Grains,Mini Supermarket,bag,38.0,2.0,2,0,34,145,175.0,Unga Ltd Nairobi,Nairobi ,3,30,0,0
2024-01-07,PRD001,Unga Jogoo 2kg,Flour & Grains,Mini Supermarket,bag,,0.0,2,30,41,145,175.0,Unga Ltd Nairobi,Nairobi ,3,30,0,1
09/19/2025,PRD017,Newcastle Vaccine 100dos,Veterinary,Agrovet,VIAL,111.0,14.0,1,0,96,250,400.0,Interchemie Kenya,Nairob,4,10,0,0
2024-01-11,PRD015,CAN Fertiliser 50kg,Fertilisers,Agrovet,BAG,21.0,21.0,2,0,0,3200,3900.0,MEA Fertilisers,NAIROBI,7,5,0,0
"Jul 27, 2024",PRD015,CAN Fertiliser 50kg,Fertilisers,Agrovet,BAG,63.0,24.0,0,5,44,3200,3900.0,MEA Fertilisers,NAIROBI,7,5,0,1
2025-07-10,PRD002,  Pembe Unga 1kg  ,Flour & Grains,Mini Supermarket,BAG,28.0,7.0,3,0,18,78,95.0,Unga Ltd Nairobi,NAIROBI,3,25,0,0
2025-01-18,PRD020,Earphones Generic,Accessories,electronics,PCS,54.0,18.0,1,0,35,150,300.0,,NAIROBI,2,12,0,1
2024-08-08,PRD003,Brookside Milk 500ml,Dairy,Mini Supermarket,piece,80.0,12.0,2,0,66,55,70.0,Brookside Dairy Ltd,Kiambu ,2,40,0,0
2024-11-28,PRD007,Omo Washing Powder 1kg,Detergents,Mini Supermarket,pack,,8.0,1,1,98,295,398.25,Bidco Africa Mombasa Rd,Nairob,3,12,0,0
2024-10-05,PRD004,KCC Butter 250g,Dairy,Mini Supermarket,piece,76.0,17.0,1,0,58,210,260.0,Brookside Dairy Ltd,kiambu,2,15,0,1
2025-12-15,PRD014,DAP Fertiliser 50kg,Fertilisers,Agrovet,BAG,28.0,24.0,3,0,1,3800,,MEA Fertilisers,Nairob,7,5,0,0
2024-11-17,PRD006,Salit Sugar 1kg,Sugar & Spices,Mini Supermarket,Bag ,100.0,23.0,3,0,74,135,160.0,,Kisumu,5,30,0,1
2025-08-06,PRD004,KCC Butter 250g,Dairy,Mini Supermarket,piece,57.0,6.0,2,18,67,210,260.0,Brookside Dairy Ltd,kiambu,2,15,0,0
2026-02-19,PRD006,Salit Sugar 1kg,Sugar & Spices,Mini Supermarket,Bag ,,15.0,1,0,52,135,160.0,Mumias Sugar Distributor,Kisumu,5,30,0,0
2024-06-02,PRD011,ORS Sachets x6,Rehydration,Pharmacy,Pack,91.0,-23.0,0,0,68,35,60.0,Dawa Ltd,nairobi,2,50,0,1
2025-01-02,PRD005,Elianto Cooking Oil 1L,Oils & Fats,Mini Supermarket,btl,66.0,37.0,0,0,40,230,280.0,Kapa Oil Refineries,Nairobi,4,20,0,0
2025-06-25,PRD005,Elianto Cooking Oil 1L,Oils & Fats,MINI SUPERMARKET,btl,-91.0,1.0,3,23,110,230,280.0,Kapa Oil Refineries,Nairobi,4,20,0,0
2026-04-01,PRD012,Dettol Antiseptic 100ml,Antiseptics,Pharamcy,Bottle,79.0,32.0,2,0,45,145,200.0,Reckitt Kenya,NAIROBI,3,20,0,0
2025-08-20,PRD001,Unga Jogoo 2kg,Flour & Grains,Mini Supermarket,bag,12.0,12.0,0,0,0,145,175.0,Unga Ltd Nairobi,Nairobi ,3,30,0,0
31-03-2026,PRD016,Maize Seed 2kg,Seeds,Agrovet,pack,26.0,5.0,0,0,21,380,520.0,Kenya Seed Company,Nakurru,5,15,0,0
29-Aug-2025,PRD005,Elianto Cooking Oil 1L,Oils & Fats,Mini Supermarket,btl,17.0,14.0,3,0,0,230,280.0,,NAIROBI,4,20,0,0
2024-09-29,PRD013,Malaria RDT Kit,Diagnostics,Pharmacy,piece,43.0,,3,0,20,120,200.0,Medipharm Ltd,Nairobi ,4,25,0,1
"Nov 24, 2025",PRD005,Elianto Cooking Oil 1L,Oils & Fats,Mini Supermarket,btl,12.0,0.0,1,0,11,230,280.0,Kapa Oil Refineries,Nairobi,4,20,0,0
2024-11-21,PRD005,  Elianto Cooking Oil 1L  ,Oils & Fats,Mini Supermarket,btl,72.0,26.0,2,0,44,230,280.0,Kapa Oil Refineries,Nairobi,4,20,0,0
2025-07-11,PRD002,Pembe Unga 1kg,Flour & Grains,Mini Supermarket,BAG,82.0,4.0,0,0,78,78,95.0,   ,NAIROBI,3,25,0,0
2024-11-10,PRD004,KCC Butter 250g,Dairy,Mini Supermarket,piece,73.0,13.0,3,0,56,210,260.0,Brookside Dairy Ltd,kiambu,2,15,0,1
2024-01-22,PRD009,Paracetamol 500mg x10,Analgesics,Pharmacy,Strips,21.0,19.0,0,0,2,18,,Shelys Pharmaceuticals,Nairobi ,2,60,0,0
2025-08-27,PRD011,ORS Sachets x6,Rehydration,Pharmacy,Pack,71.0,11.0,2,0,58,35,60.0,Dawa Ltd,nairobi,2,50,0,0
2024-01-07,PRD020,Earphones Generic,Accessories,Electronics,PCS,,33.0,3,28,53,150,300.0,,NAIROBI,2,12,1,1
05-May-2024,PRD011,ORS Sachets x6,Rehydration,Pharmacy,PACK,,0.0,3,0,89,35,60.0,Dawa Ltd,nairobi,2,50,0,1
2025-08-07,PRD005,Elianto Cooking Oil 1L,Oils & Fats,Mini Supermarket,bottle,,12.0,1,45,93,230,280.0,Kapa Oil Refineries,,4,20,0,0
2025-09-18,PRD013,Malaria RDT Kit,Diagnostics,Pharmacy,PCS,100.0,2.0,2,0,96,120,200.0,Medipharm Ltd,Nairobi ,4,25,0,0
2025-10-31,PRD006,Salit Sugar 1kg,Sugar & Spices,Mini Supermarket,Bag ,60.0,31.0,3,55,81,135,160.0,Mumias Sugar Distributor,Kisumu,5,30,0,0
2025-07-26,PRD014,DAP Fertiliser 50kg,Fertilisers,Agrovet,bag,,12.0,2,0,0,3800,,   ,Nairob,7,5,0,1
2024-12-19,PRD011,ORS Sachets x6,Rehydration,Pharmacy,Pack,97.0,33.0,2,0,62,35,60.0,Dawa Ltd,nairobi,2,50,0,0
2025-11-22,PRD019,Infinix Charger 33W,Accessories,Electronics,PCS,37.0,19.0,1,0,17,380,650.0,Luthuli Ave Wholesale,NAIROBI,2,10,0,1
2025-09-21,PRD004,KCC Butter 250g,Dairy,mini supermarket,piece,103.0,18.0,2,24,107,210,260.0,Brookside Dairy Ltd,kiambu,2,15,0,1
2025-09-05,PRD007,Omo Washing Powder 1kg,Detergents,Mini Supermarket,pck,97.0,14.0,1,0,82,295,11889.619387045108,Bidco Africa Mombasa Rd,nairob,3,12,0,0
2024-01-13,PRD002,  Pembe Unga 1kg  ,Flour & Grains,Mini Supermarket,BAG,86.0,16.0,1,0,69,78,2836.192948573221,Unga Ltd Nairobi,NAIROBI,3,25,0,1
04/12/2026,PRD017,Newcastle Vaccine 100dos,Veterinary,Agrovet,VIAL,12.0,7.0,3,0,2,250,400.0,Interchemie Kenya,Nairob,4,10,0,1
2024-10-19,PRD001,Unga Jogoo 2kg,Flour & Grains,Mini Supermarket,bag,95.0,38.0,1,50,106,145,175.0,Unga Ltd Nairobi,Nairobi ,3,30,0,1
2024-04-10,PRD017,Newcastle Vaccine 100dos,Veterinary,Agrovet,VIAL,5.0,3.0,1,0,1,250,400.0,Interchemie Kenya,Nairob,4,10,0,0
2026-03-18,PRD019,Infinix Charger 33W,Accessories,Electronics,PCS,110.0,9.0,3,61,159,380,650.0,Luthuli Ave Wholesale,NAIROBI,2,10,0,0
2025-02-02,PRD011,ORS Sachets x6,Rehydration,Pharmacy,Pack,69.0,22.0,3,0,44,35,60.0,Dawa Ltd,nairobi,2,50,0,1
2026-01-07,PRD002,  Pembe Unga 1kg  ,flour & grains,Mini Supermarket,BAG,85.0,9.0,2,0,74,78,95.0,Unga Ltd Nairobi,NAIROBI,3,25,0,0
2026-04-15,PRD014,DAP Fertiliser 50kg,Fertilisers,Agrovet,Bags,40.0,15.0,2,0,23,3800,4500.0,MEA Fertilisers,Nairob,7,5,0,0
2024-11-19,PRD004,KCC Butter 250g,Dairy,Mini Sup.,piece,,24.0,3,0,60,210,260.0,Brookside Dairy Ltd,kiambu,2,15,0,0
2025-10-25,PRD006,Salit Sugar 1kg,Sugar & Spices,Mini Supermarket,Bag ,13.0,1.0,2,14,24,135,,Mumias Sugar Distributor,Kisumu,5,30,0,1
2026-03-20,PRD017,Newcastle Vaccine 100dos,Veterinary,Agrovet,VIAL,109.0,37.0,3,0,69,250,400.0,Interchemie Kenya,Nairob,4,10,0,0
2024-01-10,PRD005,Elianto Cooking Oil 1L,Oils & Fats,Mini Supermarket,btl,114.0,33.0,1,65,145,230,280.0,Kapa Oil Refineries,Nairobi,4,20,0,0
01-05-2025,PRD013,  Malaria RDT Kit  ,Diagnostics,Pharmacy,PCS,93.0,,2,13,73,120,200.0,Medipharm Ltd,Nairobi ,4,25,0,0
2026-04-11,PRD015,CAN Fertiliser 50kg,Fertilisers,Agrovet,BAG,112.0,29.0,0,75,158,3200,3900.0,MEA Fertilisers,NAIROBI,7,5,0,1
2026-02-14,PRD018,Drenching Gun Dewormer,Veterinary,Agrovet,Bottle,38.0,38.0,0,0,0,480,650.0,Interchemie Kenya,nairobi,4,8,0,1
2024-08-16,PRD015,CAN Fertiliser 50kg,Fertilisers,Agrovet,BAG,26.0,22.0,2,0,2,3200,3900.0,MEA Fertilisers,NAIROBI,7,5,0,0
29/12/2025,PRD016,Maize Seed 2kg,Seeds,Agrovet,PACK,44.0,5.0,3,0,36,380,520.0,Kenya Seed Company,Nakurru,5,15,0,0
2024-02-27,PRD011,ORS Sachets x6,Rehydration,pharmacy,Pack,13.0,11.0,3,25,24,35,60.0,Dawa Ltd,nairobi,2,50,0,0
2025-10-11,PRD006,Salit Sugar 1kg,Sugar & Spices,Mini Supermarket,Bag ,36.0,3.0,0,46,79,135,160.0,Mumias Sugar Distributor,Kisumu,5,30,0,1
2026-02-07,PRD014,DAP Fertiliser 50kg,Fertilisers,Agrovet,bag,61.0,10.0,2,0,49,3800,4500.0,MEA Fertilisers,Nairob,7,5,0,1
2025-12-04,PRD010,Amoxicillin 250mg x6,Antibiotics,Pharmacy,Strips,117.0,20.0,3,0,107,55,2686.91963549042,Cosmos Pharmaceuticals,NAIROBI,3,40,0,0
2026-04-17,PRD005,Elianto Cooking Oil 1L,Oils & Fats,Mini Supermarket,btl,44.0,21.0,0,0,23,230,280.0,Kapa Oil Refineries,Nairobi,4,20,0,0
2026-02-07,PRD007,Omo Washing Powder 1kg,Detergents,mini supermarket,pack,118.0,31.0,2,0,85,295,398.25,Bidco Africa Mombasa Rd,Nairob,3,12,0,1
2024-03-26,PRD011,ORS Sachets x6,REHYDRATION,Pharmacy,PACK,112.0,40.0,1,19,90,35,60.0,Dawa Ltd,nairobi,2,50,0,0
2024-05-03,PRD001,Unga Jogoo 2kg,Flour & Grains,Mini Supermarket,bag,82.0,-5.0,1,0,76,145,175.0,Unga Ltd Nairobi,Nairobi ,3,30,0,0
2024-01-05,PRD019,Infinix Charger 33W,Accessories,Electronics,PCS,25.0,14.0,0,0,11,380,650.0,Luthuli Ave Wholesale,NAIROBI,2,10,0,0
2024-03-11,PRD017,Newcastle Vaccine 100dos,Veterinary,Agrovet,VIAL,99.0,3.0,1,0,95,250,400.0,Interchemie Kenya,Nairob,4,10,0,0
2024-02-03,PRD014,DAP Fertiliser 50kg,Fertilisers,Agrovet ,bag,62.0,34.0,3,0,25,3800,4500.0,MEA Fertilisers,Nairob,7,5,0,1
2024-05-19,PRD010,Amoxicillin 250mg x6,Antibiotics,Pharmacy,Strips,-57.0,28.0,0,40,69,55,90.0,Cosmos Pharmaceuticals,NAIROBI,3,40,1,1
2024-10-06,PRD008,Royco Mchuzi Mix 75g,Seasonings,Mini Supermarket,Pack,111.0,30.0,2,0,79,42,55.0,Unilever Kenya,nairobi,3,35,0,1
2024-07-19,PRD014,DAP Fertiliser 50kg,Fertilisers,Agrovet,bag,77.0,9.0,1,0,67,3800,4500.0,MEA Fertilisers,Nairob,7,5,0,0
2025-12-06,PRD006,Salit Sugar 1kg,Sugar & Spices,Mini Supermarket,Bag ,112.0,14.0,1,0,97,135,160.0,Mumias Sugar Distributor,Kisumu,5,30,0,1
2025-09-23,PRD010,Amoxicillin 250mg x6,Antibiotics,Pharmacy,Strips,118.0,8.0,2,0,108,55,90.0,Cosmos Pharmaceuticals,NAIROBI,3,40,0,0
2026-01-14,PRD005,Elianto Cooking Oil 1L,Oils & Fats,Mini Supermarket,btl,14.0,5.0,2,0,7,230,280.0,Kapa Oil Refineries,Nairobi,4,20,0,0
25-11-2025,PRD019,  Infinix Charger 33W  ,Accessories,Electronics,PCS,95.0,,1,0,82,380,650.0,Luthuli Ave Wholesale,NAIROBI,2,10,0,0
2024-03-21,PRD010,Amoxicillin 250mg x6,Antibiotics,Pharmacy,Strips,49.0,7.0,1,0,41,55,90.0,Cosmos Pharmaceuticals,NAIROBI,3,40,0,0
2025-07-31,PRD020,Earphones Generic,Accessories,Electronics,PCS,109.0,24.0,1,0,84,150,300.0,,NAIROBI,2,12,0,0
2025-05-31,PRD001,Unga Jogoo 2kg,Flour & Grains,Mini Supermarket,bag,57.0,21.0,1,0,35,145,175.0,Unga Ltd Nairobi,Nairobi ,3,30,0,1
31/07/2024,PRD009,Paracetamol 500mg x10,Analgesics,Pharmacy,Strips,,31.0,0,14,46,18,30.0,Shelys Pharmaceuticals,Nairobi ,2,60,0,0
2024-10-12,PRD005,Elianto Cooking Oil 1L,Oils & Fats,Mini Supermarket,btl,69.0,-40.0,3,0,26,230,280.0,Kapa Oil Refineries,Nairobi,4,20,0,1
2025-09-05,PRD006,Salit Sugar 1kg,Sugar & Spices,Mini Supermarket,Bag ,89.0,38.0,2,0,49,135,160.0,Mumias Sugar Distributor,,5,30,0,0
2025-12-12,PRD014,DAP Fertiliser 50kg,Fertilisers,Agrovet,bag,32.0,26.0,1,0,5,3800,4500.0,MEA Fertilisers,Nairob,7,5,0,0
2024-04-01,PRD017,Newcastle Vaccine 100dos,Veterinary,Agrovet,VIAL,14.0,5.0,2,0,7,250,400.0,Interchemie Kenya,Nairob,4,10,0,0
2025-04-28,PRD015,CAN Fertiliser 50kg,Fertilisers,Agrovet,BAG,104.0,1.0,1,0,102,3200,3900.0,MEA Fertilisers,,7,5,0,0
2025-08-14,PRD012,Dettol Antiseptic 100ml,Antiseptics,Pharmcy,Bottle,65.0,24.0,0,4,57,145,200.0,Reckitt Kenya,NAIROBI,3,20,0,0
2024-03-12,PRD001,Unga Jogoo 2kg,Flour & Grains,Mini Supermarket,bag,67.0,20.0,3,0,44,145,175.0,Unga Ltd Nairobi,Nairobi ,3,30,0,0
2025-08-27,PRD020,Earphones Generic,Accessories,Electronics,pcs,22.0,14.0,0,0,8,150,300.0,,NAIROBI,2,12,0,0
2025-08-17,PRD017,Newcastle Vaccine 100dos,Veterinary,Agrovet,VIAL,107.0,14.0,0,0,93,250,400.0,Interchemie Kenya,,4,10,0,1
2026-03-27,PRD017,Newcastle Vaccine 100dos,Veterinary,Agrovet,VIAL,118.0,21.0,0,0,97,250,400.0,Interchemie Kenya,Nairob,4,10,0,0
2026-03-15,PRD009,Paracetamol 500mg x10,analgesics,Pharmacy,Strips,50.0,39.0,0,0,11,18,30.0,Shelys Pharmaceuticals,Nairobi ,2,60,0,1
2025-01-08,PRD017,Newcastle Vaccine 100dos,Veterinary,Agrovet,VIAL,79.0,6.0,0,24,97,250,400.0,Interchemie Kenya,Nairob,4,10,0,0
2025-05-22,PRD007,Omo Washing Powder 1kg,Detergents,Mini Supermarket,pack,47.0,28.0,0,0,19,295,398.25,Bidco Africa Mombasa Rd,Nairob,3,12,0,0
2024-12-21,PRD020,Earphones Generic,Accessories,electronics,PCS,97.0,8.0,3,0,86,150,300.0,,NAIROBI,2,12,0,1
"Jan 15, 2026",PRD010,Amoxicillin 250mg x6,Antibiotics,Pharmacy,Strips,43.0,0.0,0,0,43,55,90.0,Cosmos Pharmaceuticals,NAIROBI,3,40,0,0
2024-08-26,PRD017,  Newcastle Vaccine 100dos  ,Veterinary,Agrovet,VIAL,76.0,2.0,2,0,72,250,400.0,Interchemie Kenya,Nairob,4,10,0,0
2025-09-06,PRD017,Newcastle Vaccine 100dos,Veterinary,Agrovet,VIAL,118.0,7.0,1,0,110,250,400.0,Interchemie Kenya,Nairob,4,10,0,1
2026-04-23,PRD011,ORS Sachets x6,Rehydration,Pharmacy,pack,,14.0,0,0,25,35,,,,2,50,0,0
2024-01-16,PRD008,Royco Mchuzi Mix 75g,Seasonings,Mini Supermarket,pck,13.0,10.0,2,0,1,42,55.0,Unilever Kenya,NAIROBI,3,35,0,0
2025-03-24,PRD003,Brookside Milk 500ml,Dairy,Mini Supermarket,piece,6.0,1.0,2,64,67,55,70.0,,Kiambu ,2,40,0,0
2025-11-22,PRD015,CAN Fertiliser 50kg,Fertilisers,Agrovet,BAG,22.0,17.0,0,0,5,3200,3900.0,MEA Fertilisers,NAIROBI,7,5,0,1
2024-12-08,PRD003,Brookside Milk 500ml,Dairy,mini supermarket,piece,117.0,25.0,3,0,89,55,70.0,Brookside Dairy Ltd,kiambu ,2,40,0,1
2025-01-10,PRD002,Pembe Unga 1kg,Flour & Grains,Mini Supermarkt,BAG,57.0,6.0,3,0,48,78,95.0,Unga Ltd Nairobi,NAIROBI,3,25,0,0
12/12/2024,PRD013,Malaria RDT Kit,Diagnostics,Pharmacy,PCS,10.0,2.0,3,0,22,120,,Medipharm Ltd,NAIROBI ,4,25,0,0
2025-11-06,PRD014,DAP Fertiliser 50kg,Fertilisers,Agrovet,Bags,49.0,11.0,2,0,36,3800,4500.0,,Nairob,7,5,0,0
2024-03-19,PRD011,ORS Sachets x6,Rehydration,Pharmacy,Pack,91.0,19.0,0,0,72,35,60.0,Dawa Ltd,nairobi,2,50,0,0
2024-11-15,PRD008,Royco Mchuzi Mix 75g,Seasonings,Mini Supermarket,Pack,53.0,33.0,2,80,98,42,55.0,Unilever Kenya,Nairobi,3,35,0,0
2026-01-14,PRD004,KCC Butter 250g,Dairy,Mini Supermarket,piece,105.0,4.0,2,0,99,210,260.0,Brookside Dairy Ltd,kiambu,2,15,0,0
2024-03-09,PRD014,DAP Fertiliser 50kg,FERTILISERS,Agrovet,Bag,,35.0,2,0,25,3800,4500.0,MEA Fertilisers,Nairob,7,5,0,1
2026-04-03,PRD010,Amoxicillin 250mg x6,Antibiotics,Pharmacy,Strips,28.0,12.0,3,29,42,55,90.0,Cosmos Pharmaceuticals,NAIROBI,3,40,0,0
2024-09-23,PRD019,Infinix Charger 33W,Accessories,Electronics,PCS,76.0,-2.0,1,0,73,380,650.0,Luthuli Ave Wholesale,NAIROBI,2,10,0,0
2024-10-16,PRD001,Unga Jogoo 2kg,Flour & Grains,Mini Supermarket,bag,,-6.0,1,0,8,145,175.0,Unga Ltd Nairobi,,3,30,0,0
2024-06-05,PRD018,Drenching Gun Dewormer,Veterinary,Agrovet,Bottle,24.0,11.0,3,75,85,480,650.0,   ,,4,8,0,0
2025-03-18,PRD002,Pembe Unga 1kg,Flour & Grains,Mini Supermarket,BAG,71.0,28.0,1,74,116,78,95.0,,NAIROBI,3,25,0,0
"Jan 03, 2024",PRD005,Elianto Cooking Oil 1L,Oils & Fats,Mini Supermarket,btl,31.0,17.0,0,0,14,230,280.0,Kapa Oil Refineries,Nairobi,4,20,0,0
2025-11-25,PRD020,Earphones Generic,Accessories,Electronics,PCS,80.0,23.0,0,0,57,150,300.0,,NAIROBI,2,12,0,0
2025-09-04,PRD016,Maize Seed 2kg,Seeds,Agrovet,PACK,116.0,18.0,3,66,161,380,520.0,Kenya Seed Company,NAKURRU,5,15,0,0
2024-07-06,PRD009,Paracetamol 500mg x10,Analgesics,Pharmacy,Strips,41.0,38.0,0,0,3,18,30.0,Shelys Pharmaceuticals,Nairobi ,2,60,0,1
21-Mar-2026,PRD005,Elianto Cooking Oil 1L,Oils & Fats,Mini Supermarket,btl,12.0,-8.0,3,49,65,230,280.0,Kapa Oil Refineries,Nairobi,4,20,0,1
2025-10-25,PRD020,Earphones Generic,Accessories,Electronics,PCS,116.0,13.0,3,27,127,150,300.0,,NAIROBI,2,12,0,1
2025-07-22,PRD017,Newcastle Vaccine 100dos,Veterinary,agrovet,VIAL,41.0,-21.0,2,0,18,250,400.0,Interchemie Kenya,Nairob,4,10,0,0
25-11-2024,PRD001,Unga Jogoo 2kg,Flour & Grains,Mini Supermarket,bag,49.0,27.0,3,0,19,145,175.0,Unga Ltd Nairobi,Nairobi ,3,30,0,0
03/09/2026,PRD019,  Infinix Charger 33W  ,Accessories,Electronics,PCS,44.0,31.0,1,0,12,380,650.0,Luthuli Ave Wholesale,NAIROBI,2,10,0,0
2025-03-04,PRD009,Paracetamol 500mg x10,Analgesics,Pharmacy,Strips,109.0,2.0,2,0,105,18,30.0,Shelys Pharmaceuticals,Nairobi ,2,60,0,0
2026-01-08,PRD014,DAP Fertiliser 50kg,Fertilisers,Agrovet,bag,70.0,2.0,1,0,67,3800,4500.0,MEA Fertilisers,Nairob,7,5,0,0
2025-09-13,PRD005,Elianto Cooking Oil 1L,Oils & Fats,Mini Supermarket,btl,80.0,34.0,1,24,69,230,280.0,Kapa Oil Refineries,Nairobi,4,20,0,1
28-12-2024,PRD014,DAP Fertiliser 50kg,Fertilisers,Agrovet,bag,113.0,8.0,2,0,103,3800,4500.0,MEA Fertilisers,Nairob,7,5,0,1
2024-02-13,PRD020,Earphones Generic,Accessories,Electronics,PCS,63.0,25.0,3,0,35,150,300.0,,NAIROBI,2,12,0,0
2025-11-28,PRD009,Paracetamol 500mg x10,Analgesics,PHARMACY,Strips,66.0,16.0,0,0,50,18,30.0,Shelys Pharmaceuticals,Nairobi ,2,60,0,0
2024-12-24,PRD005,Elianto Cooking Oil 1L,Oils & Fats,Mini Supermarket,btl,6.0,,0,0,0,230,280.0,Kapa Oil Refineries,Nairobi,4,20,0,0
2026-01-27,PRD011,ORS Sachets x6,Rehydration,Pharmacy,Pack,107.0,2.0,2,0,103,35,60.0,Dawa Ltd,,2,50,0,0
2024-04-25,PRD002,Pembe Unga 1kg,Flour & Grains,Mini Supermarket,BAG,98.0,27.0,3,0,68,78,95.0,Unga Ltd Nairobi,NAIROBI,3,25,0,0
2026-03-17,PRD019,Infinix Charger 33W,Accessories,Electronics,PCS,106.0,24.0,3,0,79,380,650.0,Luthuli Ave Wholesale,NAIROBI,2,10,0,0
2025-05-04,PRD010,Amoxicillin 250mg x6,Antibiotics,Pharmacy,Strips,50.0,15.0,2,0,33,55,90.0,Cosmos Pharmaceuticals,NAIROBI,3,40,1,1
2025-04-17,PRD008,Royco Mchuzi Mix 75g,Seasonings,Mini Supermarket,Pack,56.0,36.0,2,49,67,42,55.0,Unilever Kenya,nairobi,3,35,0,0
2026-03-24,PRD007,Omo Washing Powder 1kg,Detergents,Mini Supermarket,pack,78.0,26.0,0,0,52,295,398.25,Bidco Africa Mombasa Rd,Nairob,3,12,0,0
2024-11-12,PRD017,Newcastle Vaccine 100dos,Veterinary,Agrovet,VIAL,33.0,6.0,1,0,26,250,400.0,Interchemie Kenya,Nairob,4,10,0,0
2024-03-06,PRD016,Maize Seed 2kg,Seeds,Agrovet,PACK,8.0,7.0,2,0,0,380,520.0,Kenya Seed Company,NAKURRU,5,15,0,0
17-Sep-2025,PRD015,CAN Fertiliser 50kg,Fertilisers,agrovet,BAG,66.0,12.0,1,78,131,3200,3900.0,MEA Fertilisers,Nairobi,7,5,0,0
2026-03-31,PRD014,DAP Fertiliser 50kg,Fertilisers,Agrovet,bag,90.0,-6.0,1,0,83,3800,4500.0,MEA Fertilisers,Nairob,7,5,0,0
2024-08-14,PRD010,Amoxicillin 250mg x6,Antibiotics,Pharmacy,Strips,56.0,7.0,1,0,48,55,90.0,Cosmos Pharmaceuticals,NAIROBI,3,40,0,0
2026-01-03,PRD017,Newcastle Vaccine 100dos,Veterinary,Agrovet,VIAL,55.0,24.0,1,28,58,250,400.0,Interchemie Kenya,Nairob,4,10,0,1
2026-04-07,PRD008,Royco Mchuzi Mix 75g,SEASONINGS,Mini Supermarket,Pack,105.0,22.0,1,0,82,42,55.0,Unilever Kenya,nairobi,3,35,0,0
2026-03-30,PRD015,CAN Fertiliser 50kg,Fertilisers,Agrovet,BAG,75.0,,2,0,60,3200,3900.0,MEA Fertilisers,NAIROBI,7,5,0,0
2024-05-03,PRD014,DAP Fertiliser 50kg,Fertilisers,Agrovet,Bags,11.0,11.0,3,0,-8,3800,4500.0,MEA Fertilisers,Nairob,7,5,0,0
2024-02-23,PRD001,Unga Jogoo 2kg,Flour & Grains,Mini Supermarket,bag,103.0,39.0,1,0,63,145,175.0,Unga Ltd Nairobi,Nairobi ,3,30,0,0
2026-04-29,PRD014,  DAP Fertiliser 50kg  ,Fertilisers,Agrovet,bag,108.0,29.0,3,0,76,3800,4500.0,MEA Fertilisers,Nairob,7,5,0,0
2024-01-26,PRD003,Brookside Milk 500ml,Dairy,Mini Supermarket,piece,102.0,11.0,1,61,151,55,70.0,Brookside Dairy Ltd,Kiambu ,2,40,0,0
2025-09-04,PRD018,Drenching Gun Dewormer,veterinary,Agrovet,Bottle,7.0,7.0,1,0,0,480,,Interchemie Kenya,nairobi,4,8,0,0
2024-04-08,PRD015,  CAN Fertiliser 50kg  ,Fertilisers,Agrovet,BAG,78.0,40.0,2,0,36,3200,3900.0,   ,Nairobi,7,5,0,0
2024-12-21,PRD014,DAP Fertiliser 50kg,Fertilisers,AGROVET,bag,6.0,6.0,2,35,33,3800,4500.0,MEA Fertilisers,Nairob,7,5,0,1
2025-04-24,PRD004,KCC Butter 250g,Dairy,Mini Supermarket,piece,13.0,-1.0,3,0,9,210,260.0,Brookside Dairy Ltd,kiambu,2,15,0,0
2024-07-26,PRD016,  Maize Seed 2kg  ,Seeds,Agrovet,PACK,54.0,11.0,0,0,43,380,520.0,Kenya Seed Company,Nakurru,5,15,0,0
2025-03-29,PRD012,Dettol Antiseptic 100ml,Antiseptics,Pharmcy,Bottle,26.0,21.0,3,0,2,145,200.0,Reckitt Kenya,NAIROBI,3,20,0,1
2025-09-12,PRD015,CAN Fertiliser 50kg,Fertilisers,Agrovet,BAG,46.0,3.0,1,0,42,3200,3900.0,MEA Fertilisers,NAIROBI,7,5,0,0
2025-02-09,PRD012,Dettol Antiseptic 100ml,Antiseptics,pharmacy,Bottle,41.0,14.0,1,0,11,145,200.0,Reckitt Kenya,NAIROBI,3,20,0,1
2024-12-07,PRD004,KCC Butter 250g,Dairy,Mini Supermarket,piece,,21.0,2,28,56,210,260.0,Brookside Dairy Ltd,kiambu,2,15,0,1
2025-12-22,PRD013,Malaria RDT Kit,DIAGNOSTICS,Pharmacy,PCS,59.0,27.0,0,0,32,120,200.0,Medipharm Ltd,Nairobi ,4,25,0,0
2024-02-27,PRD012,Dettol Antiseptic 100ml,Antiseptics,Pharmacy,Bottle,10.0,3.0,0,0,7,145,,Reckitt Kenya,NAIROBI,3,20,0,0
2025-08-09,PRD019,Infinix Charger 33W,Accessories,Electronics,PCS,75.0,32.0,1,47,89,380,650.0,Luthuli Ave Wholesale,NAIROBI,2,10,0,1
2024-12-09,PRD002,Pembe Unga 1kg,Flour & Grains,Mini Sup.,BAG,107.0,29.0,2,0,76,78,2836.192948573221,Unga Ltd Nairobi,NAIROBI,3,25,0,0
2024-12-04,PRD006,Salit Sugar 1kg,Sugar & Spices,Mini Supermarket,Bags,15.0,3.0,2,0,10,135,160.0,Mumias Sugar Distributor,Kisumu,5,30,0,0
2024-03-12,PRD020,Earphones Generic,Accessories,Electronics,PCS,27.0,14.0,2,0,11,150,,,,2,12,0,0
2025-11-25,PRD006,Salit Sugar 1kg,Sugar & Spices,Mini Supermarket,Bag ,75.0,3.0,2,0,70,135,160.0,Mumias Sugar Distributor,Kisumu,5,30,0,0
2024-06-23,PRD017,Newcastle Vaccine 100dos,Veterinary,Agrovet,VIAL,115.0,23.0,3,0,89,250,400.0,,Nairob,4,10,0,1
2024-02-15,PRD003,Brookside Milk 500ml,Dairy,Mini Supermarket,piece,77.0,25.0,0,3,55,55,70.0,Brookside Dairy Ltd,Kiambu ,2,40,0,0
2026-04-08,PRD020,Earphones Generic,Accessories,Electronics,PCS,55.0,10.0,1,44,88,150,300.0,,Nairobi,2,12,0,0
2025-01-13,PRD015,CAN Fertiliser 50kg,Fertilisers,Agrovet,BAG,85.0,37.0,1,69,116,3200,3900.0,MEA Fertilisers,NAIROBI,7,5,0,0
2024-09-03,PRD013,Malaria RDT Kit,Diagnostics,Pharamcy,PCS,114.0,32.0,1,0,81,120,200.0,Medipharm Ltd,Nairobi ,4,25,0,0
08/11/2025,PRD017,Newcastle Vaccine 100dos,Veterinary,Agrovet,VIAL,118.0,38.0,0,0,80,250,400.0,Interchemie Kenya,Nairob,4,10,0,1
2025-04-05,PRD016,Maize Seed 2kg,Seeds,Agrovet,PACK,42.0,25.0,0,0,17,380,520.0,Kenya Seed Company,,5,15,0,1
2025-11-21,PRD012,Dettol Antiseptic 100ml,Antiseptics,Pharmacy,Bottle,89.0,39.0,3,23,70,145,200.0,Reckitt Kenya,NAIROBI,3,20,0,0
2024-12-24,PRD009,Paracetamol 500mg x10,Analgesics,Pharmacy,Strips,18.0,17.0,2,53,52,18,30.0,Shelys Pharmaceuticals,Nairobi ,2,60,0,0
03/13/2026,PRD007,  Omo Washing Powder 1kg  ,Detergents,Mini Supermarket,PACK,87.0,32.0,3,7,59,295,398.25,Bidco Africa Mombasa Rd,Nairob,3,12,0,0
2025-09-14,PRD016,Maize Seed 2kg,Seeds,Agrovet,PACK,111.0,31.0,3,54,131,380,520.0,Kenya Seed Company,Nakurru,5,15,0,1
2025-04-19,PRD002,Pembe Unga 1kg,Flour & Grains,Mini Supermarket,BAG,8.0,2.0,3,48,45,78,95.0,Unga Ltd Nairobi,NAIROBI,3,25,0,1
2025-10-27,PRD012,Dettol Antiseptic 100ml,Antiseptics,Pharmacy,Bottle,81.0,34.0,0,0,47,145,200.0,Reckitt Kenya,NAIROBI,3,20,0,0
2024-10-22,PRD018,Drenching Gun Dewormer,Veterinary,Agrovet,Bottle,110.0,21.0,1,0,88,480,650.0,Interchemie Kenya,nairobi,4,8,0,0
2026-04-11,PRD007,Omo Washing Powder 1kg,Detergents,Mini Supermarket,pack,78.0,14.0,1,0,63,295,398.25,,Nairob,3,12,0,1
2024-08-06,PRD009,Paracetamol 500mg x10,Analgesics,Pharmacy,Strips,15.0,4.0,0,0,11,18,30.0,Shelys Pharmaceuticals,Nairobi ,2,60,0,0
2025-08-12,PRD010,Amoxicillin 250mg x6,Antibiotics,Pharmacy,Strips,74.0,10.0,0,0,64,55,90.0,Cosmos Pharmaceuticals,NAIROBI,3,40,0,0
2024-06-10,PRD012,Dettol Antiseptic 100ml,Antiseptics,Pharmacy,Bottle,71.0,32.0,3,0,36,145,,Reckitt Kenya,NAIROBI,3,20,0,0
2026-02-06,PRD008,Royco Mchuzi Mix 75g,Seasonings,Mini Supermarket,Pack,92.0,21.0,1,10,80,42,55.0,Unilever Kenya,nairobi,3,35,0,0
2025-12-16,PRD011,ORS Sachets x6,Rehydration,Pharmacy,Pack,58.0,7.0,2,0,49,35,60.0,Dawa Ltd,nairobi,2,50,0,0
2024-08-22,PRD013,Malaria RDT Kit,DIAGNOSTICS,Pharmcy,PCS,,23.0,0,46,127,120,200.0,Medipharm Ltd,Nairobi ,4,25,0,0
2024-01-09,PRD017,Newcastle Vaccine 100dos,Veterinary,Agrovet,VIAL,101.0,15.0,1,0,85,250,400.0,Interchemie Kenya,Nairob,4,10,0,0
2024-05-05,PRD019,Infinix Charger 33W,Accessories,Electronics,PCS,38.0,5.0,2,6,37,380,650.0,Luthuli Ave Wholesale,NAIROBI,2,10,0,1
2024-02-08,PRD017,Newcastle Vaccine 100dos,Veterinary,Agrovet,VIAL,23.0,7.0,3,0,13,250,400.0,Interchemie Kenya,NAIROB,4,10,0,0
2025-04-13,PRD014,DAP Fertiliser 50kg,Fertilisers,Agrovet,bag,114.0,10.0,1,0,103,3800,4500.0,MEA Fertilisers,Nairob,7,5,0,1
2024-06-07,PRD010,Amoxicillin 250mg x6,Antibiotics,Pharmacy,Strips,,10.0,2,66,64,55,90.0,Cosmos Pharmaceuticals,NAIROBI,3,40,0,0
2024-09-14,PRD017,Newcastle Vaccine 100dos,Veterinary,Agrovet,VIAL,106.0,4.0,2,0,100,250,400.0,Interchemie Kenya,Nairob,4,10,0,1
30-Apr-2024,PRD005,Elianto Cooking Oil 1L,Oils & Fats,Mini Supermarket,btl,113.0,7.0,2,0,104,230,280.0,Kapa Oil Refineries,Nairobi,4,20,0,0
2024-08-25,PRD012,Dettol Antiseptic 100ml,Antiseptics,Pharmcy,btl,27.0,26.0,1,14,14,145,200.0,Reckitt Kenya,NAIROBI,3,20,1,1
2024-01-05,PRD010,Amoxicillin 250mg x6,Antibiotics,Pharmacy,Strips,18.0,9.0,1,20,28,55,90.0,Cosmos Pharmaceuticals,NAIROBI,3,40,0,0
2024-04-16,PRD014,DAP Fertiliser 50kg,Fertilisers,Agrovet,bag,54.0,9.0,1,0,44,3800,4500.0,MEA Fertilisers,Nairob,7,5,0,0
03-01-2025,PRD020,Earphones Generic,Accessories,electronics,PCS,61.0,8.0,0,0,53,150,300.0,,NAIROBI,2,12,0,0
2025-12-28,PRD009,Paracetamol 500mg x10,Analgesics,Pharmacy,Strips,5.0,1.0,3,0,1,18,30.0,Shelys Pharmaceuticals,,2,60,0,1
2026-04-01,PRD008,Royco Mchuzi Mix 75g,Seasonings,Mini Supermarket,Pack,41.0,,0,51,71,42,55.0,Unilever Kenya,nairobi,3,35,0,0
2026-04-11,PRD014,DAP Fertiliser 50kg,FERTILISERS,Agrovet,bag,,24.0,0,0,24,3800,4500.0,MEA Fertilisers,Nairob,7,5,0,1
2026-03-18,PRD007,Omo Washing Powder 1kg,Detergents,MINI SUPERMARKET,pack,38.0,25.0,3,56,66,295,398.25,Bidco Africa Mombasa Rd,Nairob,3,12,0,0
2025-12-21,PRD006,Salit Sugar 1kg,Sugar & Spices,Mini Supermarket,Bag ,,12.0,0,0,77,135,160.0,,Kisumu,5,30,0,1
2026-01-11,PRD009,Paracetamol 500mg x10,Analgesics,Pharmacy,Strips,61.0,-1.0,2,0,58,18,30.0,Shelys Pharmaceuticals,Nairobi ,2,60,0,1
2025-06-17,PRD019,Infinix Charger 33W,Accessories,Electronics,PCS,57.0,11.0,0,0,46,380,650.0,Luthuli Ave Wholesale,nairobi,2,10,0,0
2025-09-03,PRD002,Pembe Unga 1kg,Flour & Grains,Mini Supermarket,BAG,34.0,23.0,0,47,58,78,,Unga Ltd Nairobi,NAIROBI,3,25,0,0
09/06/2024,PRD015,CAN Fertiliser 50kg,Fertilisers,Agrovet,BAG,116.0,30.0,1,52,137,3200,3900.0,MEA Fertilisers,NAIROBI,7,5,0,1
27-Dec-2024,PRD014,DAP Fertiliser 50kg,Fertilisers,Agrovet,bag,89.0,23.0,2,0,64,3800,4500.0,MEA Fertilisers,NAIROB,7,5,0,0
2024-11-06,PRD006,Salit Sugar 1kg,Sugar & Spices,mini supermarket,Bag ,44.0,27.0,3,73,87,135,160.0,Mumias Sugar Distributor,Kisumu,5,30,0,0
2024-09-26,PRD007,Omo Washing Powder 1kg,Detergents,Mini Supermarket,pack,100.0,4.0,3,32,125,295,398.25,Bidco Africa Mombasa Rd,,3,12,0,0
2024-11-27,PRD003,Brookside Milk 500ml,Dairy,Mini Supermarket,piece,19.0,,2,0,15,55,70.0,Brookside Dairy Ltd,KIAMBU ,2,40,0,0
2026-04-20,PRD007,Omo Washing Powder 1kg,Detergents,Mini Supermarket,pack,77.0,34.0,1,0,42,295,398.25,Bidco Africa Mombasa Rd,Nairob,3,12,0,0
2025-01-20,PRD002,Pembe Unga 1kg,Flour & Grains,Mini Sup.,BAG,97.0,19.0,2,0,88,78,95.0,Unga Ltd Nairobi,NAIROBI,3,25,0,0
2025-05-16,PRD004,KCC Butter 250g,dairy,Mini Supermarket,piece,59.0,25.0,3,0,31,210,260.0,Brookside Dairy Ltd,kiambu,2,15,0,0
2024-12-30,PRD005,Elianto Cooking Oil 1L,Oils & Fats,Mini Supermarket,btl,33.0,25.0,1,0,7,230,280.0,Kapa Oil Refineries,nairobi,4,20,0,0
2025-08-24,PRD019,  Infinix Charger 33W  ,Accessories,Electronics,PCS,117.0,,1,0,101,380,650.0,Luthuli Ave Wholesale,NAIROBI,2,10,0,1
2025-04-21,PRD014,DAP Fertiliser 50kg,Fertilisers,Agrovet,Bag,17.0,11.0,2,0,5,3800,4500.0,MEA Fertilisers,Nairob,7,5,0,0
2026-02-07,PRD010,Amoxicillin 250mg x6,Antibiotics,Pharmacy,Strips,,7.0,0,9,101,55,90.0,Cosmos Pharmaceuticals,NAIROBI,3,40,0,1
2025-05-06,PRD007,Omo Washing Powder 1kg,Detergents,Mini Supermarket,pack,33.0,28.0,0,19,24,295,398.25,Bidco Africa Mombasa Rd,Nairob,3,12,0,0
2025-10-14,PRD003,Brookside Milk 500ml,Dairy,Mini Supermarket,PCS,59.0,,2,0,19,55,70.0,Brookside Dairy Ltd,Kiambu ,2,40,0,0
2025-07-27,PRD013,Malaria RDT Kit,Diagnostics,Pharamcy,PCS,73.0,35.0,2,0,36,120,200.0,Medipharm Ltd,Nairobi ,4,25,0,1
2024-02-19,PRD009,Paracetamol 500mg x10,Analgesics,Pharmacy,Strips,114.0,5.0,3,0,106,18,30.0,Shelys Pharmaceuticals,Nairobi ,2,60,0,0
2026-04-16,PRD011,ORS Sachets x6,Rehydration,Pharmacy,Pack,63.0,3.0,3,0,57,35,60.0,Dawa Ltd,nairobi,2,50,0,0
2026-02-17,PRD016,Maize Seed 2kg,Seeds,Agrovet,PACK,39.0,23.0,1,0,15,380,520.0,Kenya Seed Company,Nakurru,5,15,0,0
2025-06-26,PRD014,DAP Fertiliser 50kg,Fertilisers,Agrovet,bag,36.0,0.0,3,0,33,3800,4500.0,MEA Fertilisers,,7,5,0,0
2024-09-07,PRD005,Elianto Cooking Oil 1L,Oils & Fats,Mini Supermarket,Btl,111.0,,3,0,104,230,,Kapa Oil Refineries,nairobi,4,20,0,1
2024-08-21,PRD012,Dettol Antiseptic 100ml,Antiseptics,Pharmacy,Bottle,10.0,0.0,3,0,7,145,,Reckitt Kenya,NAIROBI,3,20,0,0
2024-05-07,PRD010,Amoxicillin 250mg x6,Antibiotics,Pharmacy,Strips,96.0,14.0,3,0,79,55,90.0,Cosmos Pharmaceuticals,NAIROBI,3,40,0,0
2026-02-14,PRD004,KCC Butter 250g,dairy,Mini Supermarket,pcs,70.0,29.0,2,0,39,210,260.0,Brookside Dairy Ltd,,2,15,0,1
2026-03-19,PRD009,Paracetamol 500mg x10,Analgesics,Pharmacy,Strips,34.0,2.0,1,9,40,18,30.0,Shelys Pharmaceuticals,Nairobi ,2,60,0,0
2024-07-03,PRD012,Dettol Antiseptic 100ml,Antiseptics,Pharmacy,Bottle,82.0,4.0,0,0,78,145,200.0,Reckitt Kenya,NAIROBI,3,20,0,0
2024-06-19,PRD002,Pembe Unga 1kg,Flour & Grains,Mini Supermarket,BAG,83.0,21.0,2,54,114,78,95.0,Unga Ltd Nairobi,NAIROBI,3,25,0,0
2024-02-19,PRD006,  Salit Sugar 1kg  ,Sugar & Spices,Mini Supermarket,Bags,80.0,3.0,2,0,75,135,160.0,Mumias Sugar Distributor,,5,30,0,0
2025-05-02,PRD019,Infinix Charger 33W,Accessories,Electronics,PCS,80.0,6.0,0,30,104,380,650.0,Luthuli Ave Wholesale,NAIROBI,2,10,0,0
2024-06-15,PRD006,Salit Sugar 1kg,Sugar & Spices,Mini Supermarket,Bag ,19.0,16.0,2,0,1,135,160.0,Mumias Sugar Distributor,Kisumu,5,30,0,1
2025-11-23,PRD009,Paracetamol 500mg x10,Analgesics,Pharmacy,Strips,,,0,0,66,18,30.0,   ,Nairobi ,2,60,0,1
2025-07-11,PRD014,DAP Fertiliser 50kg,FERTILISERS,Agrovet,bag,34.0,5.0,0,0,29,3800,4500.0,MEA Fertilisers,Nairob,7,5,0,0
2025-04-30,PRD005,Elianto Cooking Oil 1L,Oils & Fats,Mini Supermarket,bottle,,,2,15,87,230,280.0,Kapa Oil Refineries,Nairobi,4,20,0,0
2025-01-24,PRD015,CAN Fertiliser 50kg,Fertilisers,Agrovet,BAG,28.0,8.0,0,0,20,3200,3900.0,MEA Fertilisers,NAIROBI,7,5,0,0
2024-01-01,PRD008,Royco Mchuzi Mix 75g,Seasonings,Mini Supermarket,Pack,82.0,1.0,1,0,80,42,55.0,Unilever Kenya,nairobi,3,35,0,0
2025-02-13,PRD008,Royco Mchuzi Mix 75g,Seasonings,Mini Supermarket,Pack,7.0,,0,0,7,42,55.0,Unilever Kenya,nairobi,3,35,0,0
2025-07-28,PRD019,Infinix Charger 33W,Accessories,Electronics,PCS,64.0,-32.0,0,0,32,380,650.0,Luthuli Ave Wholesale,NAIROBI,2,10,0,0
2025-08-13,PRD013,  Malaria RDT Kit  ,Diagnostics,pharmacy,PCS,9.0,1.0,1,0,7,120,200.0,Medipharm Ltd,Nairobi ,4,25,0,0
2024-08-17,PRD006,Salit Sugar 1kg,Sugar & Spices,mini supermarket,Bag ,76.0,15.0,1,67,127,135,160.0,Mumias Sugar Distributor,Kisumu,5,30,0,1
2025-01-15,PRD007,Omo Washing Powder 1kg,Detergents,Mini Supermarket,pack,49.0,30.0,0,32,62,295,398.25,Bidco Africa Mombasa Rd,Nairob,3,12,0,0
2026-03-15,PRD011,ORS Sachets x6,Rehydration,Pharmacy,Pack,118.0,40.0,3,0,75,35,,Dawa Ltd,nairobi,2,50,0,1
2024-03-25,PRD013,Malaria RDT Kit,Diagnostics,Pharmacy,PCS,10.0,9.0,1,0,0,120,200.0,Medipharm Ltd,Nairobi ,4,25,0,0
2024-03-25,PRD009,Paracetamol 500mg x10,Analgesics,Pharmacy,Strips,87.0,3.0,0,0,84,18,30.0,Shelys Pharmaceuticals,Nairobi ,2,60,0,0
2025-06-08,PRD015,CAN Fertiliser 50kg,Fertilisers,Agrovet,BAG,,12.0,0,0,98,3200,3900.0,MEA Fertilisers,NAIROBI,7,5,1,1
2024-12-06,PRD015,CAN Fertiliser 50kg,Fertilisers,Agrovet,BAG,87.0,32.0,1,0,54,3200,3900.0,MEA Fertilisers,NAIROBI,7,5,0,0
2025-02-06,PRD007,Omo Washing Powder 1kg,Detergents,Mini Supermarket,pack,74.0,16.0,3,0,55,295,398.25,   ,Nairob,3,12,0,0
2024-08-16,PRD009,Paracetamol 500mg x10,Analgesics,Pharmacy,Strips,95.0,37.0,2,0,56,18,,Shelys Pharmaceuticals,Nairobi ,2,60,0,0
2025-11-12,PRD005,Elianto Cooking Oil 1L,Oils & Fats,Mini Supermarket,btl,100.0,,3,0,60,230,280.0,Kapa Oil Refineries,Nairobi,4,20,0,0
2024-02-10,PRD006,  Salit Sugar 1kg  ,Sugar & Spices,Mini Supermarket,Bag ,114.0,23.0,0,0,91,135,160.0,Mumias Sugar Distributor,Kisumu,5,30,0,1
2025-09-26,PRD002,Pembe Unga 1kg,Flour & Grains,Mini Supermarket,BAG,113.0,33.0,3,0,77,78,95.0,   ,NAIROBI,3,25,0,0
2024-08-14,PRD008,Royco Mchuzi Mix 75g,Seasonings,Mini Supermarket,Pack,67.0,1.0,3,0,63,42,55.0,Unilever Kenya,nairobi,3,35,0,0
2024-07-09,PRD013,Malaria RDT Kit,Diagnostics,Pharmacy,PCS,99.0,33.0,1,34,99,120,200.0,Medipharm Ltd,Nairobi ,4,25,0,0
2024-06-27,PRD005,Elianto Cooking Oil 1L,Oils & Fats,Mini Supermarket,btl,107.0,39.0,2,0,66,230,280.0,Kapa Oil Refineries,Nairobi,4,20,0,0
2024-08-04,PRD003,Brookside Milk 500ml,Dairy,MINI SUPERMARKET,piece,74.0,36.0,2,4,40,55,70.0,Brookside Dairy Ltd,Kiambu ,2,40,0,1
2025-09-02,PRD013,  Malaria RDT Kit  ,Diagnostics,Pharmacy,PCS,111.0,16.0,2,0,93,120,200.0,Medipharm Ltd,Nairobi ,4,25,0,0
2025-12-23,PRD015,CAN Fertiliser 50kg,Fertilisers,Agrovet,BAG,38.0,8.0,1,27,56,3200,3900.0,MEA Fertilisers,NAIROBI,7,5,0,0
20-05-2024,PRD010,Amoxicillin 250mg x6,Antibiotics,Pharmacy,Strips,71.0,33.0,0,0,38,55,90.0,Cosmos Pharmaceuticals,NAIROBI,3,40,0,0
2026-03-26,PRD015,CAN Fertiliser 50kg,Fertilisers,Agrovet,BAG,28.0,0.0,1,0,27,3200,3900.0,MEA Fertilisers,NAIROBI,7,5,0,0
13/06/2024,PRD009,Paracetamol 500mg x10,Analgesics,Pharmacy,Strips,101.0,,3,0,85,18,,Shelys Pharmaceuticals,Nairobi ,2,60,0,0
2025-07-08,PRD003,Brookside Milk 500ml,Dairy,Mini Supermarket,piece,31.0,31.0,3,0,0,55,70.0,Brookside Dairy Ltd,Kiambu ,2,40,0,0
2025-05-14,PRD006,Salit Sugar 1kg,Sugar & Spices,Mini Supermarket,Bag ,80.0,33.0,1,0,46,135,160.0,Mumias Sugar Distributor,Kisumu,5,30,0,0
2024-12-29,PRD012,Dettol Antiseptic 100ml,Antiseptics,Pharmcy,BOTTLE,77.0,26.0,1,0,50,145,,Reckitt Kenya,NAIROBI,3,20,0,1
2026-01-13,PRD020,  Earphones Generic  ,Accessories,Electronics,pcs,19.0,2.0,2,0,15,150,300.0,,NAIROBI,2,12,0,0
2025-07-19,PRD016,Maize Seed 2kg,Seeds,Agrovet,PACK,36.0,10.0,3,0,23,380,520.0,Kenya Seed Company,Nakurru,5,15,0,1
2025-11-18,PRD004,KCC Butter 250g,Dairy,Mini Supermarket,piece,23.0,4.0,2,0,17,210,260.0,Brookside Dairy Ltd,kiambu,2,15,0,0
2025-02-07,PRD020,Earphones Generic,Accessories,Electronics,Pcs,95.0,33.0,3,0,59,150,8956.398784968067,,NAIROBI,2,12,0,0
2024-08-21,PRD007,Omo Washing Powder 1kg,Detergents,Mini Supermarket,pack,40.0,0.0,3,0,37,295,398.25,Bidco Africa Mombasa Rd,Nairob,3,12,0,0
2026-01-09,PRD008,Royco Mchuzi Mix 75g,Seasonings,Mini Supermarket,Pack,63.0,,3,0,57,42,55.0,   ,nairobi,3,35,0,0
2024-10-06,PRD003,Brookside Milk 500ml,Dairy,Mini Supermarket,Pcs,20.0,6.0,2,37,49,55,70.0,Brookside Dairy Ltd,Kiambu ,2,40,0,1
2024-03-12,PRD009,Paracetamol 500mg x10,Analgesics,Pharmacy,Strips,40.0,35.0,2,38,41,18,30.0,Shelys Pharmaceuticals,nairobi ,2,60,0,0
2024-02-22,PRD003,Brookside Milk 500ml,Dairy,Mini Supermarket,piece,59.0,32.0,2,39,64,55,70.0,Brookside Dairy Ltd,Kiambu ,2,40,0,0
2025-05-01,PRD002,Pembe Unga 1kg,Flour & Grains,Mini Supermarket,BAG,43.0,7.0,3,43,76,78,95.0,Unga Ltd Nairobi,NAIROBI,3,25,0,0
2024-01-06,PRD015,CAN Fertiliser 50kg,Fertilisers,Agrovet,BAG,75.0,10.0,2,0,63,3200,3900.0,MEA Fertilisers,NAIROBI,7,5,0,1
2024-08-18,PRD003,Brookside Milk 500ml,Dairy,Mini Supermarket,piece,31.0,17.0,0,19,33,55,70.0,Brookside Dairy Ltd,Kiambu ,2,40,0,1
2026-01-01,PRD013,Malaria RDT Kit,Diagnostics,Pharmacy,PCS,107.0,37.0,1,0,69,120,200.0,Medipharm Ltd,Nairobi ,4,25,0,0
2025-07-27,PRD020,Earphones Generic,Accessories,Electroncis,piece,59.0,5.0,2,0,52,150,300.0,,NAIROBI,2,12,0,1
2026-02-24,PRD010,Amoxicillin 250mg x6,Antibiotics,Pharmacy,Strips,12.0,0.0,2,0,10,55,,Cosmos Pharmaceuticals,,3,40,0,0
2024-08-07,PRD020,Earphones Generic,Accessories,Electronics,PCS,67.0,11.0,0,0,56,150,300.0,,NAIROBI,2,12,0,0
2024-04-02,PRD012,Dettol Antiseptic 100ml,Antiseptics,Pharmacy,Bottle,31.0,28.0,2,0,1,145,200.0,Reckitt Kenya,NAIROBI,3,20,0,0
2026-02-11,PRD006,Salit Sugar 1kg,Sugar & Spices,Mini Supermarket,bag,36.0,25.0,0,0,11,135,,Mumias Sugar Distributor,Kisumu,5,30,0,0
2024-08-12,PRD008,Royco Mchuzi Mix 75g,Seasonings,Mini Supermarket,Packs,96.0,16.0,0,9,89,42,55.0,Unilever Kenya,nairobi,3,35,0,0
2025-07-30,PRD011,  ORS Sachets x6  ,Rehydration,Pharmacy,pck,,4.0,2,47,46,35,60.0,   ,nairobi,2,50,0,0
2025-08-01,PRD017,Newcastle Vaccine 100dos,Veterinary,Agrovet,VIAL,,35.0,0,0,77,250,400.0,Interchemie Kenya,,4,10,0,0
2025-06-06,PRD012,Dettol Antiseptic 100ml,Antiseptics,Pharmacy,Bottle,95.0,30.0,2,66,129,145,200.0,Reckitt Kenya,NAIROBI,3,20,0,0
2025-12-02,PRD009,Paracetamol 500mg x10,Analgesics,pharmacy,Strips,106.0,8.0,0,0,98,18,30.0,Shelys Pharmaceuticals,Nairobi ,2,60,0,0
2024-10-14,PRD003,Brookside Milk 500ml,Dairy,Mini Supermarket,piece,43.0,24.0,0,0,19,55,70.0,Brookside Dairy Ltd,Kiambu ,2,40,0,0
2025-11-11,PRD013,Malaria RDT Kit,Diagnostics,Pharmacy,PCS,42.0,20.0,1,0,21,120,200.0,Medipharm Ltd,Nairobi ,4,25,0,0
2024-09-19,PRD006,Salit Sugar 1kg,Sugar & Spices,Mini Supermarket,Bag ,106.0,8.0,0,0,79,135,160.0,Mumias Sugar Distributor,Kisumu,5,30,0,0
2025-09-20,PRD001,Unga Jogoo 2kg,Flour & Grains,Mini Supermarket,bag,8.0,7.0,2,0,0,145,175.0,Unga Ltd Nairobi,Nairobi ,3,30,0,1
27-Apr-2025,PRD005,Elianto Cooking Oil 1L,Oils & Fats,Mini Supermarket,btl,48.0,33.0,2,46,59,230,280.0,Kapa Oil Refineries,Nairobi,4,20,0,1
2025-01-20,PRD019,  Infinix Charger 33W  ,Accessories,Electronics,PCS,9.0,,0,0,1,380,650.0,Luthuli Ave Wholesale,nairobi,2,10,0,0
"Nov 07, 2024",PRD015,CAN Fertiliser 50kg,Fertilisers,Agrovet,BAG,36.0,33.0,2,0,1,3200,3900.0,MEA Fertilisers,NAIROBI,7,5,0,0
2025-10-17,PRD019,Infinix Charger 33W,Accessories,Electronics,PCS,27.0,1.0,2,0,24,380,650.0,Luthuli Ave Wholesale,,2,10,0,0
2024-01-03,PRD015,CAN Fertiliser 50kg,Fertilisers,Agrovet,BAG,36.0,35.0,2,0,0,3200,3900.0,MEA Fertilisers,NAIROBI,7,5,0,0
2026-03-23,PRD020,Earphones Generic,Accessories,Electronics,PCS,119.0,28.0,1,0,90,150,300.0,,NAIROBI,2,12,0,0
2024-12-24,PRD014,DAP Fertiliser 50kg,Fertilisers,Agrovet,bag,74.0,17.0,0,5,62,3800,4500.0,MEA Fertilisers,Nairob,7,5,0,0
2024-06-14,PRD009,Paracetamol 500mg x10,Analgesics,Pharmacy,Strips,91.0,2.0,2,0,87,18,895.6398784968067,Shelys Pharmaceuticals,Nairobi ,2,60,0,0
2025-01-10,PRD016,Maize Seed 2kg,Seeds,Agrovet,pack,18.0,2.0,0,0,16,380,520.0,Kenya Seed Company,Nakurru,5,15,0,0
2026-01-14,PRD008,Royco Mchuzi Mix 75g,SEASONINGS,Mini Supermarket,Pack,97.0,6.0,1,0,90,42,55.0,Unilever Kenya,NAIROBI,3,35,0,0
2025-10-27,PRD006,Salit Sugar 1kg,Sugar & Spices,Mini Supermarket,Bag ,74.0,27.0,1,0,46,135,160.0,Mumias Sugar Distributor,Kisumu,5,30,0,0
2026-03-22,PRD020,Earphones Generic,Accessories,Electronics,PCS,72.0,1.0,1,0,70,150,300.0,,NAIROBI,2,12,0,1
2025-05-20,PRD004,KCC Butter 250g,Dairy,Mini Supermarket,piece,69.0,12.0,1,0,56,210,,Brookside Dairy Ltd,kiambu,2,15,0,0
2025-01-07,PRD018,Drenching Gun Dewormer,Veterinary,Agrovet,Bottle,15.0,9.0,3,0,3,480,650.0,Interchemie Kenya,nairobi,4,8,0,0
07/24/2025,PRD015,CAN Fertiliser 50kg,Fertilisers,Agrovet,BAG,107.0,,2,0,66,3200,3900.0,MEA Fertilisers,NAIROBI,7,5,0,0
2025-09-28,PRD004,KCC Butter 250g,Dairy,Mini Supermarket,piece,25.0,6.0,3,0,16,210,260.0,Brookside Dairy Ltd,kiambu,2,15,0,1
2025-05-19,PRD013,Malaria RDT Kit,Diagnostics,Pharmacy,PCS,57.0,0.0,3,0,54,120,200.0,Medipharm Ltd,Nairobi ,4,25,0,0
2025-07-09,PRD017,Newcastle Vaccine 100dos,Veterinary,Agrovet,VIAL,59.0,5.0,3,0,51,250,,   ,Nairob,4,10,0,0
2024-07-22,PRD001,Unga Jogoo 2kg,flour & grains,Mini Supermarket,bag,13.0,4.0,3,35,41,145,175.0,,Nairobi ,3,30,0,0
2025-10-10,PRD009,Paracetamol 500mg x10,Analgesics,Pharmacy,Strips,115.0,10.0,0,36,141,18,30.0,Shelys Pharmaceuticals,Nairobi ,2,60,0,0
2025-01-28,PRD008,Royco Mchuzi Mix 75g,Seasonings,Mini Supermarket,Pack,111.0,14.0,1,0,96,42,55.0,Unilever Kenya,nairobi,3,35,0,0
2024-12-18,PRD006,Salit Sugar 1kg,Sugar & Spices,Mini Supermarket,Bag ,20.0,13.0,0,0,7,135,160.0,Mumias Sugar Distributor,Kisumu,5,30,0,0
2024-06-09,PRD007,Omo Washing Powder 1kg,Detergents,Mini Supermarket,pack,13.0,3.0,3,0,7,295,398.25,Bidco Africa Mombasa Rd,Nairob,3,12,0,1
2025-06-21,PRD001,Unga Jogoo 2kg,Flour & Grains,mini supermarket,bag,99.0,14.0,2,0,83,145,175.0,Unga Ltd Nairobi,Nairobi ,3,30,0,1
2026-04-23,PRD012,Dettol Antiseptic 100ml,Antiseptics,Pharmacy,btl,5.0,3.0,3,0,0,145,200.0,   ,NAIROBI,3,20,0,0
2025-05-17,PRD016,Maize Seed 2kg,Seeds,Agrovet,PACK,105.0,18.0,0,0,87,380,520.0,,Nakurru,5,15,0,1
2026-03-11,PRD019,Infinix Charger 33W,Accessories,Electronics,PCS,113.0,17.0,2,0,94,380,650.0,Luthuli Ave Wholesale,NAIROBI,2,10,0,0
2024-12-27,PRD004,KCC Butter 250g,Dairy,Mini Supermarket,piece,68.0,27.0,3,0,38,210,260.0,   ,kiambu,2,15,0,0
2024-02-15,PRD018,Drenching Gun Dewormer,Veterinary,Agrovet,Bottle,33.0,6.0,2,0,25,480,650.0,Interchemie Kenya,nairobi,4,8,0,0
2025-07-31,PRD011,ORS Sachets x6,Rehydration,Pharmacy,Pack,113.0,26.0,0,0,74,35,60.0,Dawa Ltd,nairobi,2,50,0,0
2025-09-24,PRD008,Royco Mchuzi Mix 75g,Seasonings,Mini Supermarket,Pack,-43.0,39.0,0,0,4,42,55.0,Unilever Kenya,nairobi,3,35,0,0
2024-10-30,PRD007,Omo Washing Powder 1kg,Detergents,Mini Supermarket,pack,80.0,12.0,2,0,66,295,398.25,Bidco Africa Mombasa Rd,Nairob,3,12,0,0
2025-07-25,PRD004,KCC Butter 250g,Dairy,MINI SUPERMARKET,piece,98.0,2.0,3,0,93,210,260.0,   ,kiambu,2,15,0,0
2025-09-09,PRD012,Dettol Antiseptic 100ml,Antiseptics,Pharmacy,Bottle,81.0,8.0,2,11,82,145,200.0,Reckitt Kenya,NAIROBI,3,20,0,0
2024-04-30,PRD009,Paracetamol 500mg x10,Analgesics,Pharmacy,Strips,64.0,16.0,1,0,47,18,30.0,Shelys Pharmaceuticals,Nairobi ,2,60,0,0
2025-07-31,PRD003,Brookside Milk 500ml,Dairy,Mini Supermarket,piece,68.0,35.0,2,4,35,55,70.0,Brookside Dairy Ltd,Kiambu ,2,40,0,0
2026-01-30,PRD014,DAP Fertiliser 50kg,Fertilisers,Agrovet,bag,9.0,6.0,1,0,2,3800,4500.0,MEA Fertilisers,Nairob,7,5,0,0
2025-01-18,PRD010,  Amoxicillin 250mg x6  ,Antibiotics,Pharmacy,Strips,106.0,20.0,1,0,85,55,90.0,Cosmos Pharmaceuticals,NAIROBI,3,40,0,1
30-Apr-2026,PRD007,Omo Washing Powder 1kg,Detergents,Mini Supermarket,pack,52.0,27.0,0,0,25,295,398.25,,Nairob,3,12,0,0
2026-01-06,PRD003,Brookside Milk 500ml,Dairy,Mini Supermarket,piece,25.0,21.0,1,0,3,55,70.0,Brookside Dairy Ltd,Kiambu ,2,40,0,0
2025-06-26,PRD018,Drenching Gun Dewormer,VETERINARY,Agrovet,Bottle,99.0,38.0,0,0,61,480,650.0,Interchemie Kenya,,4,8,0,0
2024-07-31,PRD015,CAN Fertiliser 50kg,Fertilisers,Agrovet,BAG,49.0,30.0,3,0,16,3200,3900.0,MEA Fertilisers,NAIROBI,7,5,0,0
2025-02-17,PRD011,ORS Sachets x6,Rehydration,Pharmacy,Pack,8.0,5.0,2,0,1,35,1791.2797569936133,Dawa Ltd,nairobi,2,50,0,0
2024-04-02,PRD008,  Royco Mchuzi Mix 75g  ,Seasonings,Mini Supermarket,Pack,109.0,25.0,2,72,154,42,55.0,Unilever Kenya,nairobi,3,35,0,0
2024-08-21,PRD020,Earphones Generic,Accessories,Electronics,PCS,7.0,7.0,2,58,56,150,300.0,,NAIROBI,2,12,0,0
2025-06-28,PRD018,Drenching Gun Dewormer,Veterinary,Agrovet,Bottle,74.0,23.0,2,0,49,480,19405.530700764146,Interchemie Kenya,nairobi,4,8,0,1
2026-03-24,PRD005,Elianto Cooking Oil 1L,Oils & Fats,Mini Supermarket,btl,71.0,25.0,1,42,87,230,280.0,Kapa Oil Refineries,Nairobi,4,20,0,0
2024-05-22,PRD002,Pembe Unga 1kg,Flour & Grains,Mini Supermarket,Bag,107.0,18.0,2,0,87,78,95.0,Unga Ltd Nairobi,nairobi,3,25,0,0
2024-07-05,PRD016,Maize Seed 2kg,seeds,Agrovet,PACK,76.0,26.0,0,0,50,380,520.0,Kenya Seed Company,Nakurru,5,15,0,0
2024-07-04,PRD006,Salit Sugar 1kg,Sugar & Spices,Mini Supermarkt,Bag ,98.0,,2,27,119,135,160.0,Mumias Sugar Distributor,Kisumu,5,30,0,0
2025-04-30,PRD006,Salit Sugar 1kg,Sugar & Spices,Mini Supermarket,Bag ,46.0,8.0,2,32,68,135,160.0,Mumias Sugar Distributor,Kisumu,5,30,0,0
2026-02-11,PRD013,Malaria RDT Kit,Diagnostics,Pharmacy,PCS,,28.0,1,42,55,120,200.0,Medipharm Ltd,Nairobi ,4,25,0,0
2024-03-17,PRD019,Infinix Charger 33W,Accessories,Electronics,PCS,35.0,3.0,0,0,32,380,650.0,Luthuli Ave Wholesale,NAIROBI,2,10,0,1
2025-08-19,PRD015,  CAN Fertiliser 50kg  ,Fertilisers,Agrovet,BAG,15.0,10.0,1,0,4,3200,3900.0,MEA Fertilisers,NAIROBI,7,5,0,0
2024-01-22,PRD004,KCC Butter 250g,Dairy,Mini Supermarket,piece,80.0,36.0,0,54,98,210,7762.212280305658,Brookside Dairy Ltd,kiambu,2,15,0,0
2024-03-22,PRD007,Omo Washing Powder 1kg,Detergents,Mini Supermarket,pack,97.0,,3,0,60,295,398.25,Bidco Africa Mombasa Rd,Nairob,3,12,0,0
2024-05-26,PRD020,Earphones Generic,Accessories,Electronics,PCS,73.0,18.0,3,0,52,150,300.0,,NAIROBI,2,12,0,1
2024-05-19,PRD001,Unga Jogoo 2kg,Flour & Grains,Mini Supermarket,bag,18.0,13.0,3,0,2,145,175.0,Unga Ltd Nairobi,Nairobi ,3,30,0,1
2024-05-07,PRD003,Brookside Milk 500ml,Dairy,Mini Supermarket,piece,38.0,26.0,3,0,9,55,70.0,Brookside Dairy Ltd,Kiambu ,2,40,0,0
"Nov 08, 2024",PRD007,  Omo Washing Powder 1kg  ,Detergents,Mini Supermarket,pack,94.0,13.0,3,0,78,295,398.25,Bidco Africa Mombasa Rd,Nairob,3,12,0,0
2024-09-09,PRD019,Infinix Charger 33W,Accessories,Electronics,PCS,21.0,11.0,2,0,-11,380,650.0,Luthuli Ave Wholesale,NAIROBI,2,10,0,0
2024-07-22,PRD004,KCC Butter 250g,Dairy,Mini Supermarket,piece,47.0,33.0,3,0,11,210,260.0,Brookside Dairy Ltd,kiambu,2,15,0,0
2025-01-06,PRD016,Maize Seed 2kg,Seeds,Agrovet,pack,108.0,23.0,3,0,82,380,520.0,Kenya Seed Company,Nakurru,5,15,0,0
2025-04-01,PRD012,Dettol Antiseptic 100ml,Antiseptics,Pharmacy,Btl,51.0,40.0,0,0,11,145,200.0,Reckitt Kenya,NAIROBI,3,20,0,0
2024-12-02,PRD010,Amoxicillin 250mg x6,Antibiotics,Pharmacy,Strips,-61.0,23.0,0,10,48,55,90.0,Cosmos Pharmaceuticals,NAIROBI,3,40,0,0
2024-10-03,PRD017,Newcastle Vaccine 100dos,Veterinary,Agrovet,VIAL,,5.0,3,25,117,250,400.0,Interchemie Kenya,Nairob,4,10,0,0
2024-12-27,PRD020,Earphones Generic,Accessories,Electronics,PCS,40.0,9.0,0,0,31,150,,,,2,12,0,0
2026-01-01,PRD011,ORS Sachets x6,Rehydration,Pharmacy,Pack,69.0,26.0,1,0,42,35,60.0,Dawa Ltd,nairobi,2,50,0,0
2025-04-12,PRD008,  Royco Mchuzi Mix 75g  ,Seasonings,Mini Supermarket,Pack,48.0,17.0,2,0,29,42,55.0,Unilever Kenya,Nairobi,3,35,0,1
2024-04-04,PRD008,Royco Mchuzi Mix 75g,Seasonings,Mini Supermarket,Pack,43.0,2.0,0,43,84,42,55.0,Unilever Kenya,nairobi,3,35,0,0
2026-02-09,PRD016,Maize Seed 2kg,Seeds,Agrovet,PACK,16.0,10.0,0,0,6,380,520.0,Kenya Seed Company,NAKURRU,5,15,0,0
2024-04-11,PRD018,Drenching Gun Dewormer,Veterinary,Agrovet,Bottle,59.0,20.0,1,10,48,480,650.0,Interchemie Kenya,Nairobi,4,8,0,0
2026-04-05,PRD014,DAP Fertiliser 50kg,fertilisers,Agrovet,bag,90.0,3.0,3,0,84,3800,4500.0,MEA Fertilisers,Nairob,7,5,0,1
2024-07-30,PRD019,  Infinix Charger 33W  ,Accessories,Electronics,PCS,55.0,11.0,2,0,42,380,650.0,Luthuli Ave Wholesale,NAIROBI,2,10,0,0
2025-05-07,PRD001,  Unga Jogoo 2kg  ,Flour & Grains,Mini Supermarket,Bags,113.0,33.0,3,0,77,145,175.0,Unga Ltd Nairobi,Nairobi ,3,30,0,0
2025-04-14,PRD006,Salit Sugar 1kg,Sugar & Spices,Mini Supermarket,Bag ,99.0,12.0,1,0,86,135,160.0,Mumias Sugar Distributor,Kisumu,5,30,0,0
2025-11-12,PRD013,Malaria RDT Kit,Diagnostics,Pharmacy,PCS,5.0,2.0,2,0,1,120,200.0,Medipharm Ltd,Nairobi ,4,25,0,0
2025-06-29,PRD020,Earphones Generic,Accessories,Electronics,PCS,107.0,13.0,1,0,93,150,300.0,,NAIROBI,2,12,0,1
2025-06-08,PRD007,Omo Washing Powder 1kg,Detergents,Mini Supermarket,pack,109.0,0.0,2,0,107,295,398.25,Bidco Africa Mombasa Rd,Nairob,3,12,0,1
2025-11-22,PRD003,Brookside Milk 500ml,Dairy,Mini Supermarket,Pcs,107.0,40.0,2,0,65,55,70.0,Brookside Dairy Ltd,Kiambu ,2,40,0,1
2024-04-02,PRD009,Paracetamol 500mg x10,Analgesics,Pharmacy,Strips,96.0,27.0,3,76,142,18,30.0,Shelys Pharmaceuticals,Nairobi ,2,60,0,0
2025-01-23,PRD010,Amoxicillin 250mg x6,Antibiotics,Pharmacy,Strips,14.0,7.0,0,27,34,55,90.0,Cosmos Pharmaceuticals,NAIROBI,3,40,0,0
11/02/2026,PRD015,CAN Fertiliser 50kg,Fertilisers,Agrovet,BAG,85.0,21.0,2,0,62,3200,3900.0,MEA Fertilisers,NAIROBI,7,5,0,0
2025-08-26,PRD015,CAN Fertiliser 50kg,Fertilisers,Agrovet,BAG,97.0,23.0,2,0,72,3200,3900.0,MEA Fertilisers,NAIROBI,7,5,0,0
2025-06-02,PRD006,Salit Sugar 1kg,Sugar & Spices,Mini Supermarket,Bag ,101.0,14.0,1,0,86,135,160.0,Mumias Sugar Distributor,Kisumu,5,30,0,0
2024-03-11,PRD019,Infinix Charger 33W,Accessories,Electronics,PCS,104.0,39.0,3,0,62,380,19405.530700764146,,NAIROBI,2,10,0,0
2024-08-28,PRD008,Royco Mchuzi Mix 75g,Seasonings,Mini Supermarket,Pack,99.0,26.0,3,0,70,42,55.0,Unilever Kenya,Nairobi,3,35,0,0
2024-04-27,PRD004,KCC Butter 250g,Dairy,Mini Supermarket,piece,118.0,26.0,3,0,89,210,260.0,Brookside Dairy Ltd,kiambu,2,15,0,1
2025-01-30,PRD014,DAP Fertiliser 50kg,Fertilisers,Agrovet,bag,6.0,3.0,1,0,2,3800,4500.0,MEA Fertilisers,Nairob,7,5,0,0
2024-02-16,PRD008,Royco Mchuzi Mix 75g,Seasonings,Mini Supermarket,Pack,81.0,3.0,0,27,105,42,1642.0064439108123,Unilever Kenya,nairobi,3,35,0,0
2024-11-23,PRD008,Royco Mchuzi Mix 75g,Seasonings,Mini Supermarket,Pack,102.0,17.0,3,0,82,42,55.0,Unilever Kenya,NAIROBI,3,35,0,1
08/01/2025,PRD003,Brookside Milk 500ml,DAIRY,Mini Supermarket,piece,110.0,20.0,0,58,148,55,70.0,Brookside Dairy Ltd,Kiambu ,2,40,0,0
2024-03-30,PRD020,  Earphones Generic  ,Accessories,Electronics,PCS,99.0,8.0,0,0,91,150,300.0,,NAIROBI,2,12,0,1
2024-01-19,PRD014,DAP Fertiliser 50kg,Fertilisers,Agrovet ,bag,89.0,5.0,2,0,82,3800,4500.0,MEA Fertilisers,Nairob,7,5,0,0
2024-09-19,PRD007,  Omo Washing Powder 1kg  ,Detergents,Mini Supermarket,pack,109.0,6.0,1,0,102,295,398.25,Bidco Africa Mombasa Rd,Nairob,3,12,0,0
2024-06-03,PRD008,Royco Mchuzi Mix 75g,Seasonings,Mini Supermarket,Pack,37.0,12.0,0,72,97,42,55.0,Unilever Kenya,nairobi,3,35,0,0
2025-05-05,PRD020,Earphones Generic,Accessories,Electronics,PCS,17.0,2.0,3,0,12,150,300.0,,,2,12,0,0
2025-01-30,PRD007,Omo Washing Powder 1kg,Detergents,Mini Supermarkt,pack,13.0,12.0,2,5,4,295,398.25,Bidco Africa Mombasa Rd,Nairob,3,12,0,0
20/09/2025,PRD012,Dettol Antiseptic 100ml,Antiseptics,Pharmacy,Bottle,113.0,35.0,2,41,117,145,200.0,Reckitt Kenya,NAIROBI,3,20,0,1
2024-06-05,PRD001,Unga Jogoo 2kg,Flour & Grains,Mini Supermarket,bag,75.0,6.0,1,0,68,145,175.0,Unga Ltd Nairobi,Nairobi ,3,30,0,0
2025-10-19,PRD009,  Paracetamol 500mg x10  ,Analgesics,Pharmacy,Strips,89.0,8.0,0,6,87,18,,Shelys Pharmaceuticals,Nairobi ,2,60,0,1
2025-04-07,PRD004,  KCC Butter 250g  ,Dairy,Mini Supermarket,piece,61.0,18.0,1,0,42,210,7762.212280305658,Brookside Dairy Ltd,kiambu,2,15,0,0
2025-11-09,PRD018,Drenching Gun Dewormer,Veterinary,Agrovet,Bottle,80.0,28.0,1,0,51,480,650.0,Interchemie Kenya,nairobi,4,8,0,1
"Jun 08, 2024",PRD016,Maize Seed 2kg,Seeds,Agrovet,PACK,61.0,10.0,1,35,85,380,520.0,Kenya Seed Company,Nakurru,5,15,0,1
2026-04-12,PRD015,CAN Fertiliser 50kg,Fertilisers,Agrovet,BAG,32.0,22.0,0,41,51,3200,3900.0,MEA Fertilisers,,7,5,0,1
2025-09-30,PRD008,Royco Mchuzi Mix 75g,Seasonings,Mini Supermarket,Pack,82.0,37.0,3,73,115,42,55.0,Unilever Kenya,nairobi,3,35,0,0
2024-07-26,PRD013,Malaria RDT Kit,Diagnostics,Pharmacy,PCS,107.0,22.0,0,0,85,120,200.0,Medipharm Ltd,Nairobi ,4,25,0,0
2024-11-09,PRD002,Pembe Unga 1kg,Flour & Grains,Mini Supermarket,BAG,31.0,2.0,3,59,85,78,95.0,Unga Ltd Nairobi,NAIROBI,3,25,0,1
2025-11-19,PRD017,Newcastle Vaccine 100dos,Veterinary,Agrovet,VIAL,96.0,28.0,1,53,120,250,11941.865046624089,Interchemie Kenya,Nairob,4,10,0,0
2025-01-03,PRD019,Infinix Charger 33W,Accessories,Electronics,PCS,,9.0,1,73,89,380,650.0,,NAIROBI,2,10,0,0
22-02-2025,PRD001,Unga Jogoo 2kg,Flour & Grains,Mini Supermarket,BAG,24.0,18.0,0,27,33,145,5224.565957898039,Unga Ltd Nairobi,Nairobi ,3,30,0,1
2025-03-17,PRD005,Elianto Cooking Oil 1L,Oils & Fats,Mini Supermarket,btl,28.0,23.0,0,75,80,230,280.0,,Nairobi,4,20,0,0
2024-12-11,PRD007,Omo Washing Powder 1kg,Detergents,Mini Supermarket,pack,18.0,0.0,2,0,16,295,398.25,Bidco Africa Mombasa Rd,Nairob,3,12,0,0
2025-08-17,PRD018,Drenching Gun Dewormer,Veterinary,Agrovet,Bottle,35.0,34.0,0,0,12,480,650.0,Interchemie Kenya,nairobi,4,8,0,1
2026-03-21,PRD002,Pembe Unga 1kg,Flour & Grains,Mini Supermarket,BAG,64.0,29.0,1,8,42,78,95.0,Unga Ltd Nairobi,,3,25,0,1
2024-11-18,PRD010,Amoxicillin 250mg x6,Antibiotics,Pharmacy,Strips,37.0,22.0,3,0,12,55,90.0,Cosmos Pharmaceuticals,NAIROBI,3,40,0,0
2024-05-08,PRD020,Earphones Generic,Accessories,Electronics,PCS,29.0,16.0,0,0,13,150,300.0,,NAIROBI,2,12,0,0
"Nov 19, 2025",PRD008,  Royco Mchuzi Mix 75g  ,Seasonings,Mini Supermarket,Pack,14.0,6.0,2,8,14,42,55.0,Unilever Kenya,nairobi,3,35,0,0
2025-11-07,PRD012,Dettol Antiseptic 100ml,Antiseptics,Pharmacy,Bottle,31.0,23.0,0,0,8,145,200.0,Reckitt Kenya,NAIROBI,3,20,0,0
2025-04-15,PRD010,Amoxicillin 250mg x6,Antibiotics,Pharmacy,Strips,40.0,34.0,2,0,4,55,90.0,Cosmos Pharmaceuticals,NAIROBI,3,40,0,0
2026-04-26,PRD007,  Omo Washing Powder 1kg  ,Detergents,Mini Supermarket,pack,32.0,20.0,3,0,9,295,398.25,Bidco Africa Mombasa Rd,Nairob,3,12,0,1
2025-09-21,PRD014,DAP Fertiliser 50kg,Fertilisers,Agrovett,Bag,112.0,23.0,1,0,88,3800,4500.0,MEA Fertilisers,Nairob,7,5,1,1
2025-09-16,PRD016,Maize Seed 2kg,Seeds,Agrovet,PACK,83.0,32.0,0,0,51,380,520.0,Kenya Seed Company,Nakurru,5,15,0,0
2025-06-24,PRD016,Maize Seed 2kg,Seeds,Agrovet,PACK,104.0,28.0,1,0,75,380,520.0,Kenya Seed Company,Nakurru,5,15,0,0
2025-11-23,PRD013,  Malaria RDT Kit  ,Diagnostics,Pharmacy,PCS,47.0,20.0,0,80,107,120,5970.932523312044,Medipharm Ltd,Nairobi ,4,25,0,1
2024-05-30,PRD005,  Elianto Cooking Oil 1L  ,Oils & Fats,Mini Supermarket,btl,110.0,0.0,0,0,110,230,280.0,Kapa Oil Refineries,nairobi,4,20,0,0
2025-04-02,PRD020,  Earphones Generic  ,Accessories,Electronics,Pcs,86.0,,1,79,163,150,300.0,,NAIROBI,2,12,0,0
2024-09-19,PRD015,CAN Fertiliser 50kg,Fertilisers,Agrovet,Bag,98.0,35.0,2,0,61,3200,3900.0,MEA Fertilisers,NAIROBI,7,5,0,0
2025-05-31,PRD020,Earphones Generic,Accessories,Electronics,PCS,116.0,29.0,2,0,85,150,300.0,,NAIROBI,2,12,0,1
2024-05-26,PRD019,Infinix Charger 33W,Accessories,Electronics,PCS,101.0,10.0,2,0,89,380,19405.530700764146,Luthuli Ave Wholesale,NAIROBI,2,10,0,1
2024-10-05,PRD015,CAN Fertiliser 50kg,Fertilisers,Agrovet,BAG,116.0,32.0,0,0,84,3200,3900.0,MEA Fertilisers,NAIROBI,7,5,0,1
2025-03-24,PRD010,Amoxicillin 250mg x6,Antibiotics,Pharmacy,Strips,90.0,25.0,3,0,62,55,90.0,Cosmos Pharmaceuticals,NAIROBI,3,40,0,0
2024-06-29,PRD012,Dettol Antiseptic 100ml,Antiseptics,Pharmacy,Bottle,86.0,19.0,1,0,66,145,200.0,Reckitt Kenya,NAIROBI,3,20,0,1
24-Jul-2025,PRD005,Elianto Cooking Oil 1L,Oils & Fats,Mini Supermarket,btl,18.0,15.0,1,42,44,230,,Kapa Oil Refineries,NAIROBI,4,20,0,0
26/07/2024,PRD015,CAN Fertiliser 50kg,Fertilisers,Agrovet,BAG,101.0,19.0,2,0,80,3200,3900.0,,NAIROBI,7,5,0,0
2025-11-05,PRD013,  Malaria RDT Kit  ,Diagnostics,PHARMACY,PCS,87.0,10.0,3,24,98,120,200.0,Medipharm Ltd,Nairobi ,4,25,0,0
2024-10-06,PRD014,DAP Fertiliser 50kg,Fertilisers,Agrovet,bag,102.0,32.0,3,0,67,3800,4500.0,MEA Fertilisers,NAIROB,7,5,1,1
2024-12-27,PRD010,Amoxicillin 250mg x6,Antibiotics,Pharmacy,Strips,24.0,24.0,1,0,0,55,90.0,Cosmos Pharmaceuticals,NAIROBI,3,40,0,0
2024-08-20,PRD011,  ORS Sachets x6  ,Rehydration,Pharmacy,Pack,86.0,39.0,1,0,46,35,60.0,Dawa Ltd,nairobi,2,50,0,0
2024-10-21,PRD001,Unga Jogoo 2kg,Flour & Grains,Mini Supermarket,bag,71.0,2.0,1,53,121,145,175.0,Unga Ltd Nairobi,nairobi ,3,30,0,0
2025-08-26,PRD014,DAP Fertiliser 50kg,Fertilisers,Agrovet,bag,32.0,6.0,2,0,24,3800,4500.0,,Nairob,7,5,0,0
2024-02-01,PRD002,Pembe Unga 1kg,Flour & Grains,Mini Supermarket,BAG,67.0,7.0,0,0,60,78,95.0,Unga Ltd Nairobi,NAIROBI,3,25,0,0
2025-12-23,PRD017,Newcastle Vaccine 100dos,Veterinary,Agrovet,VIAL,17.0,11.0,1,0,5,250,400.0,Interchemie Kenya,NAIROB,4,10,0,0
2024-02-23,PRD003,Brookside Milk 500ml,Dairy,Mini Supermarket,piece,105.0,28.0,1,0,76,55,,Brookside Dairy Ltd,Kiambu ,2,40,0,0
2025-04-20,PRD003,  Brookside Milk 500ml  ,Dairy,Mini Supermarket,piece,61.0,13.0,3,56,101,55,70.0,Brookside Dairy Ltd,Kiambu ,2,40,0,1
02/23/2026,PRD005,Elianto Cooking Oil 1L,Oils & Fats,Mini Supermarket,btl,49.0,7.0,3,13,52,230,280.0,Kapa Oil Refineries,Nairobi,4,20,0,0
"Apr 18, 2024",PRD003,Brookside Milk 500ml,Dairy,Mini Supermarket,piece,119.0,33.0,3,0,83,55,70.0,Brookside Dairy Ltd,Kiambu ,2,40,0,0
2024-08-11,PRD020,Earphones Generic,Accessories,Electronics,PCS,38.0,16.0,1,0,21,150,300.0,,NAIROBI,2,12,0,1
2024-04-14,PRD012,Dettol Antiseptic 100ml,Antiseptics,Pharmacy,Bottle,111.0,4.0,2,0,105,145,200.0,Reckitt Kenya,NAIROBI,3,20,0,1
2025-02-26,PRD011,ORS Sachets x6,Rehydration,Pharmacy,Pack,91.0,29.0,3,0,59,35,60.0,,nairobi,2,50,0,0
2026-03-13,PRD020,Earphones Generic,Accessories,Electronics,PCS,20.0,12.0,0,0,8,150,300.0,,NAIROBI,2,12,0,0
2025-02-16,PRD019,Infinix Charger 33W,Accessories,Electronics,PCS,20.0,11.0,1,30,38,380,650.0,Luthuli Ave Wholesale,NAIROBI,2,10,0,1
2024-01-26,PRD005,  Elianto Cooking Oil 1L  ,Oils & Fats,Mini Supermarket,btl,56.0,15.0,2,0,39,230,280.0,Kapa Oil Refineries,Nairobi,4,20,0,0
2026-03-23,PRD007,Omo Washing Powder 1kg,Detergents,Mini Supermarket,pack,59.0,16.0,1,48,90,295,398.25,Bidco Africa Mombasa Rd,Nairob,3,12,0,0
2025-01-30,PRD008,  Royco Mchuzi Mix 75g  ,Seasonings,Mini Supermarket,Pack,40.0,19.0,1,66,86,42,55.0,Unilever Kenya,nairobi,3,35,0,0
2025-05-08,PRD004,KCC Butter 250g,Dairy,Mini Supermarket,piece,120.0,15.0,2,0,103,210,260.0,Brookside Dairy Ltd,kiambu,2,15,0,0
2025-10-12,PRD019,  Infinix Charger 33W  ,Accessories,Electronics,PCS,108.0,16.0,3,0,89,380,650.0,Luthuli Ave Wholesale,Nairobi,2,10,0,1
2026-03-29,PRD015,CAN Fertiliser 50kg,Fertilisers,Agrovet,BAG,119.0,36.0,0,0,83,3200,3900.0,MEA Fertilisers,,7,5,0,1
2025-05-06,PRD001,Unga Jogoo 2kg,Flour & Grains,Mini Supermarket,bag,-69.0,35.0,2,0,32,145,175.0,Unga Ltd Nairobi,nairobi ,3,30,0,0
2024-08-02,PRD014,DAP Fertiliser 50kg,Fertilisers,Agrovet,bag,,5.0,0,0,44,3800,4500.0,   ,Nairob,7,5,0,0
2026-01-17,PRD013,Malaria RDT Kit,Diagnostics,Pharmacy,PCS,62.0,9.0,3,0,50,120,200.0,Medipharm Ltd,Nairobi ,4,25,0,1
2025-07-27,PRD017,Newcastle Vaccine 100dos,Veterinary,Agrovet,VIAL,86.0,4.0,0,0,82,250,,Interchemie Kenya,Nairob,4,10,0,1
2024-03-18,PRD011,ORS Sachets x6,Rehydration,Pharmcy,Pack,82.0,23.0,3,0,56,35,60.0,Dawa Ltd,nairobi,2,50,0,0
2025-06-28,PRD013,Malaria RDT Kit,Diagnostics,Pharmacy,PCS,,25.0,0,0,75,120,200.0,Medipharm Ltd,Nairobi ,4,25,0,1
2025-06-09,PRD001,Unga Jogoo 2kg,Flour & Grains,Mini Supermarket,Bags,8.0,6.0,0,0,2,145,175.0,Unga Ltd Nairobi,NAIROBI ,3,30,0,0
2024-01-18,PRD005,Elianto Cooking Oil 1L,Oils & Fats,Mini Supermarket,btl,43.0,-18.0,1,0,24,230,8359.305532636863,Kapa Oil Refineries,Nairobi,4,20,0,0
2024-04-06,PRD010,Amoxicillin 250mg x6,Antibiotics,Pharmacy,Strips,15.0,0.0,1,0,14,55,90.0,Cosmos Pharmaceuticals,NAIROBI,3,40,0,1
2024-11-20,PRD012,Dettol Antiseptic 100ml,antiseptics,Pharmacy,Bottle,37.0,19.0,3,0,15,145,200.0,Reckitt Kenya,NAIROBI,3,20,0,0
2026-03-28,PRD006,Salit Sugar 1kg,Sugar & Spices,Mini Supermarket,Bag,53.0,36.0,1,0,16,135,160.0,Mumias Sugar Distributor,Kisumu,5,30,0,1
2024-12-11,PRD010,  Amoxicillin 250mg x6  ,antibiotics,Pharmacy,Strips,87.0,32.0,0,0,55,55,90.0,Cosmos Pharmaceuticals,NAIROBI,3,40,0,0
27-12-2025,PRD015,CAN Fertiliser 50kg,Fertilisers,Agrovet,Bags,108.0,8.0,0,0,100,3200,3900.0,MEA Fertilisers,NAIROBI,7,5,0,1
2026-03-21,PRD008,Royco Mchuzi Mix 75g,Seasonings,Mini Supermarket,Pack,108.0,38.0,3,49,116,42,55.0,Unilever Kenya,nairobi,3,35,0,1
2025-02-16,PRD004,KCC Butter 250g,Dairy,Mini Supermarket,piece,40.0,39.0,3,0,0,210,7762.212280305658,Brookside Dairy Ltd,kiambu,2,15,0,1
2024-06-04,PRD017,Newcastle Vaccine 100dos,Veterinary,agrovet,VIAL,59.0,10.0,0,0,49,250,400.0,Interchemie Kenya,Nairob,4,10,0,0
2025-12-02,PRD002,Pembe Unga 1kg,Flour & Grains,Mini Supermarket,BAG,91.0,21.0,3,0,67,78,95.0,Unga Ltd Nairobi,NAIROBI,3,25,0,0
2026-03-28,PRD005,Elianto Cooking Oil 1L,Oils & Fats,Mini Supermarket,btl,76.0,0.0,1,0,75,230,280.0,Kapa Oil Refineries,Nairobi,4,20,0,1
2025-05-22,PRD020,Earphones Generic,Accessories,Electronics,PCS,69.0,4.0,1,24,88,150,300.0,,NAIROBI,2,12,0,0
2025-10-12,PRD008,Royco Mchuzi Mix 75g,Seasonings,Mini Supermarket,Pack,36.0,16.0,3,0,17,42,55.0,Unilever Kenya,nairobi,3,35,0,1
2024-12-01,PRD016,Maize Seed 2kg,Seeds,Agrovet,PACK,85.0,25.0,1,30,89,380,520.0,Kenya Seed Company,Nakurru,5,15,0,1
2024-10-14,PRD001,Unga Jogoo 2kg,Flour & Grains,Mini Supermarket,bag,110.0,7.0,0,76,179,145,175.0,Unga Ltd Nairobi,Nairobi ,3,30,0,0
2025-11-18,PRD010,  Amoxicillin 250mg x6  ,Antibiotics,Pharmacy,Strips,67.0,2.0,2,0,63,55,90.0,Cosmos Pharmaceuticals,NAIROBI,3,40,0,0
"Jul 18, 2024",PRD009,Paracetamol 500mg x10,Analgesics,Pharmacy,Strips,85.0,-3.0,1,0,81,18,30.0,Shelys Pharmaceuticals,Nairobi ,2,60,0,0
2024-02-26,PRD012,Dettol Antiseptic 100ml,Antiseptics,Pharmacy,Bottle,19.0,9.0,1,0,9,145,200.0,Reckitt Kenya,NAIROBI,3,20,0,0
11-05-2025,PRD015,CAN Fertiliser 50kg,Fertilisers,Agrovet,bag,98.0,12.0,1,0,85,3200,3900.0,MEA Fertilisers,NAIROBI,7,5,0,1
2026-03-15,PRD002,Pembe Unga 1kg,Flour & Grains,Mini Supermarket,BAG,,18.0,3,0,58,78,95.0,Unga Ltd Nairobi,NAIROBI,3,25,0,1
2025-09-14,PRD017,Newcastle Vaccine 100dos,Veterinary,Agrovet,VIAL,78.0,28.0,0,0,50,250,400.0,Interchemie Kenya,Nairob,4,10,0,1
2024-07-23,PRD002,Pembe Unga 1kg,Flour & Grains,Mini Supermarket,BAG,93.0,38.0,2,0,53,78,95.0,Unga Ltd Nairobi,,3,25,0,0
2024-03-16,PRD004,KCC Butter 250g,Dairy,Mini Supermarket,pcs,110.0,27.0,2,12,93,210,260.0,Brookside Dairy Ltd,kiambu,2,15,0,1
2024-10-28,PRD007,Omo Washing Powder 1kg,Detergents,Mini Supermarket,pack,110.0,0.0,2,45,153,295,398.25,Bidco Africa Mombasa Rd,Nairob,3,12,0,0
2025-12-29,PRD002,Pembe Unga 1kg,Flour & Grains,Mini Supermarket,BAG,54.0,22.0,3,0,29,78,2836.192948573221,Unga Ltd Nairobi,Nairobi,3,25,0,0
2024-10-10,PRD015,  CAN Fertiliser 50kg  ,Fertilisers,Agrovet,BAG,118.0,8.0,3,9,116,3200,3900.0,MEA Fertilisers,NAIROBI,7,5,0,0
2025-09-09,PRD019,Infinix Charger 33W,Accessories,Electronics,PCS,97.0,25.0,3,0,69,380,650.0,Luthuli Ave Wholesale,NAIROBI,2,10,0,0
2024-02-20,PRD007,Omo Washing Powder 1kg,Detergents,Mini Supermarket,pck,12.0,7.0,0,0,5,295,398.25,   ,Nairob,3,12,0,0
2024-08-14,PRD004,KCC Butter 250g,Dairy,Mini Supermarket,piece,26.0,26.0,0,0,0,210,260.0,Brookside Dairy Ltd,kiambu,2,15,0,0
2024-04-10,PRD008,Royco Mchuzi Mix 75g,Seasonings,Mini Supermarket,Pack,109.0,7.0,3,0,99,42,55.0,Unilever Kenya,nairobi,3,35,0,0
2025-03-13,PRD010,Amoxicillin 250mg x6,Antibiotics,Pharmacy,Strips,111.0,17.0,1,0,93,55,90.0,Cosmos Pharmaceuticals,NAIROBI,3,40,0,0
2024-06-25,PRD020,Earphones Generic,Accessories,Electronics,PCS,99.0,18.0,3,0,86,150,300.0,,NAIROBI,2,12,0,0
2024-07-07,PRD005,Elianto Cooking Oil 1L,Oils & Fats,Mini Supermarket,BOTTLE,110.0,36.0,0,0,74,230,,Kapa Oil Refineries,Nairobi,4,20,0,1
2025-09-03,PRD020,Earphones Generic,Accessories,electronics,PCS,96.0,28.0,2,0,66,150,300.0,,NAIROBI,2,12,0,0
2025-11-23,PRD011,ORS Sachets x6,Rehydration,Pharmacy,Pack,15.0,3.0,3,0,9,35,60.0,Dawa Ltd,nairobi,2,50,0,1
2025-09-01,PRD005,Elianto Cooking Oil 1L,Oils & Fats,mini supermarket,bottle,55.0,38.0,0,0,17,230,280.0,Kapa Oil Refineries,Nairobi,4,20,0,0
2025-03-23,PRD009,Paracetamol 500mg x10,Analgesics,Pharmacy,Strips,98.0,27.0,3,0,68,18,30.0,Shelys Pharmaceuticals,Nairobi ,2,60,0,1
2024-02-27,PRD005,Elianto Cooking Oil 1L,Oils & Fats,Mini Supermarket,btl,,11.0,3,0,34,230,280.0,Kapa Oil Refineries,,4,20,0,0
2025-12-19,PRD004,KCC Butter 250g,Dairy,Mini Supermarket,piece,5.0,0.0,2,0,3,210,260.0,Brookside Dairy Ltd,kiambu,2,15,0,0
2026-02-14,PRD020,Earphones Generic,Accessories,Electronics,PCS,35.0,21.0,3,62,73,150,300.0,,NAIROBI,2,12,0,1
01/11/2024,PRD008,Royco Mchuzi Mix 75g,Seasonings,Mini Supermarket,Pack,,6.0,0,0,71,42,55.0,Unilever Kenya,nairobi,3,35,0,0
2025-09-21,PRD005,Elianto Cooking Oil 1L,Oils & Fats,Mini Supermarket,btl,95.0,21.0,1,0,73,230,280.0,Kapa Oil Refineries,Nairobi,4,20,1,1
2024-04-11,PRD008,Royco Mchuzi Mix 75g,Seasonings,Mini Supermarket,Pack,91.0,9.0,0,0,82,42,55.0,Unilever Kenya,nairobi,3,35,0,0
2024-10-13,PRD003,Brookside Milk 500ml,Dairy,Mini Supermarket,piece,115.0,1.0,2,0,112,55,70.0,Brookside Dairy Ltd,Kiambu ,2,40,0,1
2024-03-14,PRD013,Malaria RDT Kit,Diagnostics,Pharmacy,piece,86.0,14.0,0,42,114,120,200.0,   ,Nairobi ,4,25,0,0
2025-09-12,PRD003,Brookside Milk 500ml,Dairy,Mini Supermarket,piece,17.0,13.0,2,0,2,55,70.0,Brookside Dairy Ltd,Kiambu ,2,40,0,0
2026-02-23,PRD002,Pembe Unga 1kg,Flour & Grains,Mini Supermarket,Bags,39.0,22.0,2,0,15,78,95.0,Unga Ltd Nairobi,NAIROBI,3,25,0,0
2026-04-22,PRD017,Newcastle Vaccine 100dos,Veterinary,Agrovet,VIAL,38.0,38.0,1,0,-18,250,400.0,,Nairob,4,10,0,0
2025-01-03,PRD015,CAN Fertiliser 50kg,Fertilisers,Agrovet,BAG,51.0,22.0,0,58,87,3200,3900.0,MEA Fertilisers,NAIROBI,7,5,0,0
2024-06-29,PRD011,ORS Sachets x6,Rehydration,Pharmacy,Pack,10.0,8.0,0,0,2,35,60.0,Dawa Ltd,nairobi,2,50,0,1
2026-04-07,PRD017,Newcastle Vaccine 100dos,Veterinary,Agrovet ,VIAL,95.0,30.0,1,0,64,250,400.0,Interchemie Kenya,Nairob,4,10,0,0
2024-12-30,PRD004,KCC Butter 250g,DAIRY,mini supermarket,pcs,56.0,24.0,1,47,78,210,260.0,Brookside Dairy Ltd,kiambu,2,15,0,0
2025-05-28,PRD019,Infinix Charger 33W,Accessories,Electronics,PCS,90.0,36.0,2,0,52,380,650.0,Luthuli Ave Wholesale,NAIROBI,2,10,0,0
2024-03-06,PRD014,DAP Fertiliser 50kg,Fertilisers,Agrovet,bag,97.0,38.0,2,0,57,3800,4500.0,MEA Fertilisers,Nairob,7,5,0,0
2025-07-17,PRD006,Salit Sugar 1kg,Sugar & Spices,Mini Supermarket,Bag ,38.0,36.0,2,0,0,135,160.0,   ,Kisumu,5,30,0,0
2025-10-30,PRD007,Omo Washing Powder 1kg,Detergents,Mini Supermarket,pack,88.0,36.0,2,0,50,295,398.25,   ,Nairob,3,12,0,0
2024-12-13,PRD008,Royco Mchuzi Mix 75g,Seasonings,Mini Supermarket,Pack,-115.0,16.0,1,0,98,42,55.0,Unilever Kenya,Nairobi,3,35,0,0
2024-07-25,PRD020,Earphones Generic,Accessories,Electronics,PCS,73.0,21.0,3,0,49,150,300.0,,NAIROBI,2,12,0,0
2024-02-01,PRD003,Brookside Milk 500ml,Dairy,Mini Supermarket,piece,37.0,20.0,0,0,17,55,70.0,Brookside Dairy Ltd,Kiambu ,2,40,0,0
2024-12-30,PRD001,Unga Jogoo 2kg,Flour & Grains,Mini Supermarket,bag,76.0,38.0,0,0,38,145,175.0,Unga Ltd Nairobi,Nairobi ,3,30,0,0
2025-09-19,PRD018,Drenching Gun Dewormer,Veterinary,Agrovet,Bottle,114.0,23.0,2,0,89,480,650.0,Interchemie Kenya,nairobi,4,8,0,0
2024-10-22,PRD004,KCC Butter 250g,Dairy,Mini Supermarket,Pcs,104.0,-38.0,3,0,63,210,260.0,Brookside Dairy Ltd,kiambu,2,15,0,0
2026-02-11,PRD018,Drenching Gun Dewormer,Veterinary,Agrovet ,Bottle,77.0,11.0,2,0,64,480,650.0,Interchemie Kenya,nairobi,4,8,0,0
2024-01-23,PRD004,KCC Butter 250g,Dairy,Mini Supermarket,piece,78.0,24.0,3,0,51,210,260.0,Brookside Dairy Ltd,kiambu,2,15,0,0
2025-08-13,PRD015,CAN Fertiliser 50kg,Fertilisers,Agrovet,BAG,85.0,36.0,0,0,49,3200,3900.0,MEA Fertilisers,NAIROBI,7,5,0,0
2025-07-15,PRD005,Elianto Cooking Oil 1L,Oils & Fats,Mini Supermarket,btl,14.0,9.0,2,0,3,230,280.0,   ,Nairobi,4,20,0,0
2026-04-27,PRD013,Malaria RDT Kit,Diagnostics,Pharmacy,PCS,89.0,23.0,1,0,65,120,200.0,Medipharm Ltd,Nairobi ,4,25,0,0
2024-02-08,PRD011,ORS Sachets x6,Rehydration,Pharmacy,PACK,37.0,30.0,2,0,5,35,60.0,Dawa Ltd,nairobi,2,50,0,0
2026-01-30,PRD019,Infinix Charger 33W,Accessories,Electronics,PCS,22.0,-10.0,3,0,9,380,650.0,Luthuli Ave Wholesale,NAIROBI,2,10,0,0
2024-02-16,PRD011,ORS Sachets x6,Rehydration,Pharmacy,Pack,39.0,28.0,3,0,8,35,60.0,Dawa Ltd,nairobi,2,50,0,0
2024-08-12,PRD011,ORS Sachets x6,Rehydration,Pharmacy,Pack,113.0,4.0,1,61,169,35,60.0,Dawa Ltd,nairobi,2,50,0,0
2026-03-11,PRD019,Infinix Charger 33W,Accessories,Electronics,PCS,113.0,17.0,2,0,94,380,650.0,Luthuli Ave Wholesale,NAIROBI,2,10,0,0
2025-10-18,PRD006,Salit Sugar 1kg,Sugar & Spices,Mini Supermarket,Bag ,-76.0,18.0,0,0,58,135,160.0,Mumias Sugar Distributor,Kisumu,5,30,0,1
2024-03-04,PRD019,Infinix Charger 33W,Accessories,Electronics,PCS,86.0,37.0,1,0,48,380,650.0,Luthuli Ave Wholesale,NAIROBI,2,10,0,0
2024-05-18,PRD003,Brookside Milk 500ml,Dairy,Mini Supermarket,piece,63.0,17.0,3,0,43,55,70.0,Brookside Dairy Ltd,,2,40,0,1
2026-03-08,PRD017,Newcastle Vaccine 100dos,Veterinary,Agrovet,VIAL,117.0,19.0,1,0,97,250,400.0,   ,Nairob,4,10,0,1
2025-02-06,PRD012,Dettol Antiseptic 100ml,Antiseptics,Pharmacy,btl,23.0,0.0,2,0,21,145,200.0,Reckitt Kenya,NAIROBI,3,20,0,0
2025-11-01,PRD010,Amoxicillin 250mg x6,Antibiotics,Pharmacy,Strips,6.0,5.0,3,23,21,55,90.0,Cosmos Pharmaceuticals,NAIROBI,3,40,0,1
2025-10-14,PRD007,Omo Washing Powder 1kg,Detergents,Mini Sup.,pack,60.0,11.0,2,0,47,295,398.25,Bidco Africa Mombasa Rd,,3,12,0,0
2024-12-23,PRD007,Omo Washing Powder 1kg,Detergents,Mini Supermarket,PACK,7.0,1.0,0,0,6,295,398.25,Bidco Africa Mombasa Rd,Nairob,3,12,0,0
21-Nov-2024,PRD015,CAN Fertiliser 50kg,Fertilisers,AGROVET,BAG,19.0,14.0,1,7,11,3200,3900.0,MEA Fertilisers,NAIROBI,7,5,0,0
2026-03-18,PRD015,CAN Fertiliser 50kg,Fertilisers,Agrovet,BAG,25.0,9.0,1,0,15,3200,3900.0,MEA Fertilisers,NAIROBI,7,5,0,0
31/03/2024,PRD019,Infinix Charger 33W,Accessories,Electronics,PCS,39.0,19.0,2,0,18,380,650.0,Luthuli Ave Wholesale,NAIROBI,2,10,1,1
2025-05-05,PRD011,ORS Sachets x6,Rehydration,Pharmacy,pck,25.0,6.0,2,0,17,35,60.0,Dawa Ltd,nairobi,2,50,0,0
2025-07-06,PRD003,Brookside Milk 500ml,Dairy,Mini Supermarket,piece,84.0,38.0,2,0,44,55,70.0,Brookside Dairy Ltd,Kiambu ,2,40,0,1
2025-02-21,PRD001,Unga Jogoo 2kg,Flour & Grains,Mini Supermarket,bag,105.0,23.0,2,0,71,145,175.0,Unga Ltd Nairobi,Nairobi ,3,30,0,0
2025-07-15,PRD010,Amoxicillin 250mg x6,Antibiotics,Pharmacy,Strips,79.0,7.0,3,0,69,55,,,NAIROBI,3,40,0,0
2025-06-30,PRD001,Unga Jogoo 2kg,Flour & Grains,Mini Supermarket,bag,110.0,16.0,3,55,146,145,175.0,Unga Ltd Nairobi,Nairobi ,3,30,0,0
2024-07-18,PRD010,Amoxicillin 250mg x6,Antibiotics,Pharmacy,Strips,55.0,19.0,2,0,34,55,90.0,Cosmos Pharmaceuticals,NAIROBI,3,40,0,0
2024-09-10,PRD006,Salit Sugar 1kg,Sugar & Spices,Mini Supermarket,Bag ,80.0,5.0,0,0,75,135,,,Kisumu,5,30,0,0
2024-05-18,PRD004,  KCC Butter 250g  ,Dairy,Mini Supermarket,piece,66.0,26.0,1,7,46,210,260.0,Brookside Dairy Ltd,kiambu,2,15,0,1
02-Jan-2025,PRD016,Maize Seed 2kg,seeds,Agrovet,Packs,88.0,9.0,1,0,78,380,520.0,Kenya Seed Company,Nakurru,5,15,0,0
2025-11-05,PRD014,DAP Fertiliser 50kg,Fertilisers,Agrovet,bag,6.0,5.0,0,0,1,3800,4500.0,,Nairob,7,5,0,0
2024-11-25,PRD018,  Drenching Gun Dewormer  ,Veterinary,Agrovet,Bottle,114.0,6.0,3,0,105,480,650.0,,Nairobi,4,8,0,0
2024-04-23,PRD018,Drenching Gun Dewormer,Veterinary,Agrovet,Bottle,34.0,10.0,0,30,54,480,650.0,Interchemie Kenya,nairobi,4,8,0,0
2025-08-07,PRD001,Unga Jogoo 2kg,Flour & Grains,Mini Supermarket,bag,27.0,13.0,0,0,14,145,175.0,Unga Ltd Nairobi,Nairobi ,3,30,0,0
2026-04-21,PRD011,ORS Sachets x6,Rehydration,Pharmacy,Pack,58.0,20.0,1,0,37,35,60.0,Dawa Ltd,nairobi,2,50,0,0
2026-01-08,PRD016,Maize Seed 2kg,Seeds,Agrovet,PACK,67.0,15.0,1,0,51,380,520.0,Kenya Seed Company,Nakurru,5,15,0,0
2024-01-24,PRD006,Salit Sugar 1kg,Sugar & Spices,Mini Supermarket,Bag,59.0,23.0,0,0,36,135,160.0,Mumias Sugar Distributor,Kisumu,5,30,0,0
2024-06-23,PRD014,  DAP Fertiliser 50kg  ,Fertilisers,Agrovet,bag,7.0,2.0,1,0,4,3800,4500.0,MEA Fertilisers,Nairob,7,5,0,1
2025-02-15,PRD007,Omo Washing Powder 1kg,DETERGENTS,Mini Supermarket,Packs,68.0,22.0,1,0,45,295,398.25,   ,Nairob,3,12,0,1
2024-02-29,PRD012,Dettol Antiseptic 100ml,Antiseptics,Pharmacy,Bottle,59.0,10.0,3,0,46,145,200.0,Reckitt Kenya,Nairobi,3,20,0,0
2025-07-12,PRD012,Dettol Antiseptic 100ml,Antiseptics,Pharmacy,Bottle,109.0,11.0,0,0,98,145,5970.932523312044,Reckitt Kenya,NAIROBI,3,20,0,1
2025-10-28,PRD018,Drenching Gun Dewormer,Veterinary,Agrovet ,Bottle,97.0,38.0,1,61,119,480,650.0,Interchemie Kenya,nairobi,4,8,0,0
2025-08-11,PRD003,Brookside Milk 500ml,Dairy,Mini Supermarket,piece,99.0,4.0,0,0,95,55,,Brookside Dairy Ltd,Kiambu ,2,40,0,0
2024-01-08,PRD009,Paracetamol 500mg x10,Analgesics,Pharmacy,Strips,17.0,3.0,3,0,11,18,30.0,Shelys Pharmaceuticals,Nairobi ,2,60,0,0
2025-05-20,PRD010,Amoxicillin 250mg x6,Antibiotics,Pharmacy,Strips,55.0,12.0,0,0,43,55,90.0,Cosmos Pharmaceuticals,NAIROBI,3,40,0,0
2026-02-24,PRD008,Royco Mchuzi Mix 75g,Seasonings,Mini Supermarket,Pack,10.0,0.0,3,0,7,42,,Unilever Kenya,nairobi,3,35,0,0
2025-06-23,PRD016,Maize Seed 2kg,Seeds,Agrovet,PACK,68.0,20.0,2,60,106,380,520.0,Kenya Seed Company,Nakurru,5,15,0,0
2025-09-25,PRD017,Newcastle Vaccine 100dos,Veterinary,Agrovet,VIAL,5.0,0.0,0,39,44,250,400.0,Interchemie Kenya,Nairob,4,10,0,0
2025-05-30,PRD018,Drenching Gun Dewormer,Veterinary,Agrovet,Bottle,120.0,1.0,3,0,117,480,650.0,Interchemie Kenya,nairobi,4,8,0,0
2024-02-18,PRD016,Maize Seed 2kg,Seeds,Agrovet,PACK,104.0,22.0,2,0,80,380,520.0,Kenya Seed Company,Nakurru,5,15,0,1
2024-11-29,PRD020,Earphones Generic,Accessories,Electronics,PCS,43.0,10.0,0,0,53,150,300.0,,,2,12,0,0
03/06/2026,PRD005,Elianto Cooking Oil 1L,Oils & Fats,Mini Supermarket,btl,105.0,40.0,2,0,63,230,280.0,Kapa Oil Refineries,Nairobi,4,20,0,0
2024-10-27,PRD005,Elianto Cooking Oil 1L,OILS & FATS,Mini Supermarket,btl,86.0,12.0,0,0,74,230,280.0,Kapa Oil Refineries,Nairobi,4,20,0,1
2025-10-15,PRD010,Amoxicillin 250mg x6,Antibiotics,Pharmacy,Strips,61.0,16.0,3,0,42,55,90.0,Cosmos Pharmaceuticals,NAIROBI,3,40,0,0
2025-06-06,PRD015,CAN Fertiliser 50kg,Fertilisers,Agrovet,bag,44.0,39.0,3,0,2,3200,3900.0,MEA Fertilisers,NAIROBI,7,5,0,0
2025-07-12,PRD011,  ORS Sachets x6  ,Rehydration,Pharmacy,Pack,65.0,9.0,1,77,132,35,60.0,Dawa Ltd,nairobi,2,50,0,1
2025-01-10,PRD020,Earphones Generic,Accessories,Electronics,PCS,120.0,6.0,0,0,112,150,300.0,,NAIROBI,2,12,0,0
2025-06-29,PRD012,Dettol Antiseptic 100ml,Antiseptics,Pharmacy,Bottle,117.0,8.0,2,0,107,145,5970.932523312044,Reckitt Kenya,NAIROBI,3,20,0,1
2025-11-24,PRD003,Brookside Milk 500ml,Dairy,Mini Supermarket,piece,5.0,0.0,1,40,44,55,70.0,Brookside Dairy Ltd,Kiambu ,2,40,0,0
2024-12-03,PRD012,Dettol Antiseptic 100ml,Antiseptics,Pharmacy,Bottle,119.0,7.0,1,0,111,145,200.0,Reckitt Kenya,NAIROBI,3,20,0,0
2025-10-12,PRD010,Amoxicillin 250mg x6,Antibiotics,Pharmacy,Strips,9.0,3.0,0,0,6,55,2686.91963549042,Cosmos Pharmaceuticals,NAIROBI,3,40,0,1
2025-02-22,PRD016,Maize Seed 2kg,Seeds,Agrovet,PACK,24.0,12.0,0,0,12,380,520.0,Kenya Seed Company,Nakurru,5,15,0,1
2026-04-19,PRD005,Elianto Cooking Oil 1L,Oils & Fats,Mini Supermarket,btl,112.0,3.0,0,0,109,230,280.0,Kapa Oil Refineries,Nairobi,4,20,0,1
2025-11-30,PRD011,ORS Sachets x6,Rehydration,Pharmacy,Pack,55.0,11.0,2,68,110,35,60.0,Dawa Ltd,nairobi,2,50,0,1
2025-06-23,PRD017,Newcastle Vaccine 100dos,Veterinary,Agrovet,VIAL,92.0,31.0,0,0,61,250,11941.865046624089,Interchemie Kenya,Nairob,4,10,0,0
2024-11-15,PRD013,Malaria RDT Kit,Diagnostics,Pharmacy,PCS,81.0,28.0,2,40,91,120,200.0,Medipharm Ltd,Nairobi ,4,25,0,0
31/07/2024,PRD009,Paracetamol 500mg x10,Analgesics,Pharmacy,Strips,,31.0,0,14,46,18,30.0,Shelys Pharmaceuticals,Nairobi ,2,60,0,0
2025-04-22,PRD003,Brookside Milk 500ml,Dairy,Mini Supermarket,piece,77.0,0.0,1,0,76,55,70.0,Brookside Dairy Ltd,Kiambu ,2,40,0,0
2024-12-31,PRD014,  DAP Fertiliser 50kg  ,Fertilisers,Agrovet,bag,86.0,2.0,1,0,83,3800,4500.0,MEA Fertilisers,Nairob,7,5,0,0
2026-04-19,PRD019,Infinix Charger 33W,Accessories,Electronics,PCS,86.0,19.0,1,15,81,380,650.0,Luthuli Ave Wholesale,NAIROBI,2,10,0,1
2024-05-22,PRD014,  DAP Fertiliser 50kg  ,Fertilisers,Agrovet,bag,118.0,32.0,1,0,85,3800,4500.0,MEA Fertilisers,Nairob,7,5,0,0
2025-06-26,PRD008,Royco Mchuzi Mix 75g,Seasonings,Mini Supermarket,Pack,33.0,21.0,3,56,65,42,55.0,Unilever Kenya,NAIROBI,3,35,0,0
2025-04-03,PRD018,Drenching Gun Dewormer,Veterinary,Agrovet,Bottle,,15.0,1,0,45,480,19405.530700764146,Interchemie Kenya,nairobi,4,8,0,0
2025-10-04,PRD006,Salit Sugar 1kg,Sugar & Spices,Mini Supermarket,Bag ,88.0,32.0,1,25,80,135,160.0,Mumias Sugar Distributor,Kisumu,5,30,0,1
2025-04-29,PRD014,DAP Fertiliser 50kg,Fertilisers,Agrovet,bag,120.0,33.0,3,0,84,3800,4500.0,MEA Fertilisers,Nairob,7,5,0,0
05-01-2026,PRD012,Dettol Antiseptic 100ml,Antiseptics,Pharmacy,Bottle,23.0,15.0,2,0,6,145,200.0,,NAIROBI,3,20,0,0
2025-02-04,PRD014,DAP Fertiliser 50kg,Fertilisers,Agrovet,bag,94.0,13.0,1,0,80,3800,4500.0,MEA Fertilisers,Nairob,7,5,0,0
2024-04-02,PRD014,DAP Fertiliser 50kg,Fertilisers,Agrovet,bag,75.0,1.0,3,0,71,3800,4500.0,MEA Fertilisers,Nairob,7,5,0,0
2024-01-12,PRD009,Paracetamol 500mg x10,Analgesics,Pharmacy,Strips,82.0,13.0,2,33,100,18,30.0,Shelys Pharmaceuticals,Nairobi ,2,60,0,0
2025-10-20,PRD011,ORS Sachets x6,Rehydration,Pharmacy,Pack,113.0,4.0,3,0,106,35,60.0,Dawa Ltd,nairobi,2,50,0,0
2024-07-24,PRD015,CAN Fertiliser 50kg,Fertilisers,Agrovet,BAG,118.0,,1,0,78,3200,,MEA Fertilisers,NAIROBI,7,5,0,0
2025-11-11,PRD011,ORS Sachets x6,Rehydration,Pharmacy,Pack,64.0,27.0,3,3,37,35,60.0,Dawa Ltd,nairobi,2,50,0,0
2024-01-20,PRD020,Earphones Generic,Accessories,Electronics,Pcs,64.0,3.0,1,0,60,150,300.0,,,2,12,0,1
2025-08-30,PRD006,Salit Sugar 1kg,Sugar & Spices,Mini Supermarket,Bag ,58.0,0.0,1,0,57,135,160.0,Mumias Sugar Distributor,Kisumu,5,30,0,1
2024-06-01,PRD015,CAN Fertiliser 50kg,Fertilisers,Agrovet,BAG,16.0,2.0,0,32,46,3200,3900.0,MEA Fertilisers,,7,5,0,1
2026-03-26,PRD016,Maize Seed 2kg,Seeds,Agrovet,PACK,,1.0,3,0,4,380,520.0,Kenya Seed Company,Nakurru,5,15,0,0
2024-02-04,PRD014,DAP Fertiliser 50kg,Fertilisers,Agrovet,bag,23.0,13.0,1,33,42,3800,4500.0,MEA Fertilisers,Nairob,7,5,0,1
2024-11-01,PRD013,Malaria RDT Kit,Diagnostics,Pharmacy,PCS,27.0,14.0,1,0,12,120,200.0,Medipharm Ltd,Nairobi ,4,25,0,0
2026-01-10,PRD003,Brookside Milk 500ml,Dairy,Mini Supermarket,piece,28.0,5.0,0,0,23,55,70.0,Brookside Dairy Ltd,Kiambu ,2,40,0,1
2025-12-30,PRD014,DAP Fertiliser 50kg,Fertilisers,Agrovet,bag,88.0,22.0,1,0,65,3800,4500.0,MEA Fertilisers,NAIROB,7,5,0,0
2024-09-26,PRD008,Royco Mchuzi Mix 75g,Seasonings,Mini Supermarket,Pack,25.0,12.0,3,0,10,42,55.0,Unilever Kenya,,3,35,0,0
2025-09-18,PRD003,Brookside Milk 500ml,Dairy,Mini Supermarket,Pcs,54.0,24.0,2,0,28,55,70.0,Brookside Dairy Ltd,Kiambu ,2,40,0,0
2025-06-16,PRD014,DAP Fertiliser 50kg,Fertilisers,Agrovet,bag,94.0,36.0,3,19,74,3800,4500.0,MEA Fertilisers,Nairob,7,5,0,0
2024-03-23,PRD017,Newcastle Vaccine 100dos,Veterinary,Agrovet,VIAL,42.0,14.0,2,0,26,250,400.0,Interchemie Kenya,,4,10,0,1
2025-02-06,PRD020,Earphones Generic,Accessories,Electronics,PCS,83.0,7.0,3,2,75,150,300.0,,Nairobi,2,12,0,0
2025-09-05,PRD015,CAN Fertiliser 50kg,Fertilisers,Agrovet,BAG,27.0,23.0,1,0,3,3200,3900.0,,NAIROBI,7,5,0,0
2025-07-15,PRD004,KCC Butter 250g,Dairy,Mini Supermarket,piece,13.0,5.0,2,64,70,210,260.0,Brookside Dairy Ltd,kiambu,2,15,0,0
2025-01-25,PRD018,Drenching Gun Dewormer,Veterinary,Agrovet,Bottle,56.0,11.0,2,0,43,480,650.0,Interchemie Kenya,Nairobi,4,8,0,1
2025-04-15,PRD014,DAP Fertiliser 50kg,Fertilisers,Agrovet,bag,46.0,26.0,1,0,19,3800,4500.0,MEA Fertilisers,Nairob,7,5,0,0
2025-11-15,PRD018,Drenching Gun Dewormer,Veterinary,Agrovet,Bottle,76.0,35.0,0,0,41,480,650.0,Interchemie Kenya,nairobi,4,8,0,1
2025-10-03,PRD013,Malaria RDT Kit,Diagnostics,Pharmacy,PCS,78.0,5.0,0,0,73,120,200.0,Medipharm Ltd,Nairobi ,4,25,0,0
2025-12-18,PRD004,KCC Butter 250g,Dairy,Mini Supermarket,piece,27.0,13.0,3,0,11,210,260.0,Brookside Dairy Ltd,KIAMBU,2,15,0,0
2026-03-02,PRD011,ORS Sachets x6,Rehydration,Pharamcy,Pack,29.0,20.0,2,0,7,35,60.0,Dawa Ltd,nairobi,2,50,0,0
2026-01-02,PRD017,Newcastle Vaccine 100dos,Veterinary,Agrovet,VIAL,31.0,29.0,2,0,0,250,400.0,Interchemie Kenya,Nairob,4,10,0,0
2026-04-02,PRD018,Drenching Gun Dewormer,Veterinary,Agrovet,Bottle,12.0,7.0,2,0,11,480,650.0,Interchemie Kenya,nairobi,4,8,0,0
2025-05-08,PRD015,CAN Fertiliser 50kg,Fertilisers,Agrovet,BAG,34.0,22.0,1,0,11,3200,3900.0,MEA Fertilisers,NAIROBI,7,5,0,0
2025-10-26,PRD011,ORS Sachets x6,Rehydration,Pharmacy,Pack,40.0,1.0,3,0,37,35,60.0,Dawa Ltd,nairobi,2,50,1,1
29-09-2024,PRD015,  CAN Fertiliser 50kg  ,Fertilisers,Agrovet,BAG,28.0,26.0,3,53,52,3200,3900.0,MEA Fertilisers,NAIROBI,7,5,0,1
2024-06-06,PRD020,Earphones Generic,Accessories,Electronics,PCS,10.0,10.0,1,0,0,150,300.0,,NAIROBI,2,12,0,0
2025-08-06,PRD013,Malaria RDT Kit,Diagnostics,Pharmacy,PCS,23.0,23.0,0,0,-11,120,200.0,,Nairobi ,4,25,0,0
2024-01-13,PRD010,Amoxicillin 250mg x6,Antibiotics,Pharmacy,Strips,120.0,2.0,2,31,147,55,90.0,Cosmos Pharmaceuticals,NAIROBI,3,40,0,1
2025-10-19,PRD010,Amoxicillin 250mg x6,Antibiotics,Pharmacy,Strips,,16.0,1,0,79,55,90.0,Cosmos Pharmaceuticals,NAIROBI,3,40,0,1
2024-11-07,PRD002,  Pembe Unga 1kg  ,Flour & Grains,Mini Supermarket,Bags,89.0,11.0,0,0,78,78,95.0,Unga Ltd Nairobi,,3,25,0,0
2025-09-20,PRD019,Infinix Charger 33W,Accessories,Electronics,PCS,28.0,17.0,2,0,9,380,650.0,Luthuli Ave Wholesale,NAIROBI,2,10,0,1
2024-10-01,PRD014,DAP Fertiliser 50kg,Fertilisers,Agrovet,bag,23.0,15.0,3,21,26,3800,4500.0,MEA Fertilisers,Nairob,7,5,0,0
2025-02-25,PRD003,Brookside Milk 500ml,Dairy,Mini Supermarket,piece,100.0,,1,0,93,55,70.0,Brookside Dairy Ltd,Kiambu ,2,40,0,0
2025-08-13,PRD014,DAP Fertiliser 50kg,Fertilisers,Agrovet,bag,101.0,28.0,1,12,84,3800,4500.0,MEA Fertilisers,Nairob,7,5,0,0
2025-02-17,PRD020,Earphones Generic,Accessories,Electronics,PCS,97.0,36.0,2,48,107,150,8956.398784968067,,NAIROBI,2,12,0,0
2026-04-13,PRD011,ORS Sachets x6,Rehydration,Pharmacy,Pack,31.0,16.0,2,5,18,35,60.0,Dawa Ltd,nairobi,2,50,0,0
06/24/2025,PRD004,KCC Butter 250g,Dairy,Mini Supermarket,piece,65.0,2.0,2,0,81,210,260.0,Brookside Dairy Ltd,kiambu,2,15,0,0
01/02/2025,PRD005,Elianto Cooking Oil 1L,Oils & Fats,Mini Supermarket,btl,86.0,24.0,3,0,59,230,280.0,Kapa Oil Refineries,Nairobi,4,20,0,1
2025-06-08,PRD020,Earphones Generic,Accessories,Electronics,PCS,106.0,17.0,1,0,88,150,,,NAIROBI,2,12,0,1
2026-04-28,PRD007,Omo Washing Powder 1kg,DETERGENTS,Mini Supermarket,pack,77.0,28.0,3,0,46,295,398.25,Bidco Africa Mombasa Rd,Nairob,3,12,0,0
2024-10-27,PRD009,Paracetamol 500mg x10,Analgesics,Pharmacy,Strips,114.0,,3,0,108,18,,Shelys Pharmaceuticals,Nairobi ,2,60,0,1
2025-08-22,PRD005,Elianto Cooking Oil 1L,Oils & Fats,Mini Supermarket,btl,35.0,26.0,3,0,6,230,280.0,Kapa Oil Refineries,nairobi,4,20,0,0
2025-10-02,PRD015,CAN Fertiliser 50kg,Fertilisers,Agrovet,Bags,97.0,3.0,1,5,98,3200,3900.0,MEA Fertilisers,NAIROBI,7,5,0,0
2026-03-26,PRD008,Royco Mchuzi Mix 75g,seasonings,Mini Supermarket,Pack,78.0,35.0,1,22,64,42,55.0,Unilever Kenya,nairobi,3,35,0,0
2026-01-28,PRD020,Earphones Generic,Accessories,Electronics,PCS,11.0,8.0,3,0,0,150,300.0,,NAIROBI,2,12,0,0
2025-04-28,PRD020,Earphones Generic,Accessories,Electronics,PCS,51.0,34.0,1,0,16,150,300.0,,NAIROBI,2,12,0,0
2024-02-17,PRD001,Unga Jogoo 2kg,Flour & Grains,Mini Supermarket,bag,21.0,12.0,1,0,8,145,175.0,Unga Ltd Nairobi,Nairobi ,3,30,0,1
2024-09-06,PRD018,Drenching Gun Dewormer,Veterinary,Agrovet,Btl,80.0,6.0,1,25,98,480,650.0,Interchemie Kenya,nairobi,4,8,0,0
2024-11-14,PRD002,Pembe Unga 1kg,Flour & Grains,Mini Supermarket,BAG,102.0,7.0,2,54,147,78,95.0,Unga Ltd Nairobi,NAIROBI,3,25,0,0
2024-08-08,PRD009,Paracetamol 500mg x10,Analgesics,Pharmacy,Strips,107.0,28.0,3,0,76,18,30.0,Shelys Pharmaceuticals,Nairobi ,2,60,0,0
2024-11-03,PRD014,DAP Fertiliser 50kg,Fertilisers,Agrovet,bag,71.0,37.0,3,0,31,3800,4500.0,MEA Fertilisers,NAIROB,7,5,0,1
2025-08-12,PRD007,  Omo Washing Powder 1kg  ,Detergents,Mini Supermarket,pack,32.0,23.0,0,1,10,295,398.25,Bidco Africa Mombasa Rd,,3,12,0,0
2025-11-20,PRD007,Omo Washing Powder 1kg,Detergents,Mini Supermarket,pack,15.0,1.0,2,56,68,295,398.25,Bidco Africa Mombasa Rd,Nairob,3,12,0,0
2024-12-28,PRD011,ORS Sachets x6,Rehydration,Pharmacy,Pack,73.0,34.0,1,0,38,35,60.0,Dawa Ltd,nairobi,2,50,0,1
2025-01-12,PRD008,  Royco Mchuzi Mix 75g  ,Seasonings,Mini Supermarket,Pack,107.0,36.0,3,49,117,42,55.0,Unilever Kenya,nairobi,3,35,0,1
2024-01-22,PRD014,DAP Fertiliser 50kg,Fertilisers,Agrovet,bag,90.0,25.0,1,0,64,3800,4500.0,MEA Fertilisers,Nairob,7,5,0,0
2024-06-04,PRD012,Dettol Antiseptic 100ml,Antiseptics,Pharmacy,Bottle,51.0,8.0,2,0,41,145,200.0,Reckitt Kenya,NAIROBI,3,20,0,0
2024-10-04,PRD018,Drenching Gun Dewormer,Veterinary,Agrovet,Bottle,25.0,5.0,0,0,20,480,650.0,Interchemie Kenya,nairobi,4,8,0,0
2024-07-18,PRD020,Earphones Generic,Accessories,Electronics,PCS,120.0,9.0,3,0,108,150,300.0,,NAIROBI,2,12,0,0
2025-08-24,PRD007,Omo Washing Powder 1kg,Detergents,Mini Supermarket,pack,38.0,16.0,1,0,21,295,,Bidco Africa Mombasa Rd,Nairob,3,12,0,1
2025-03-05,PRD019,Infinix Charger 33W,Accessories,Electronics,PCS,83.0,39.0,2,69,111,380,650.0,Luthuli Ave Wholesale,NAIROBI,2,10,0,0
2024-02-01,PRD008,Royco Mchuzi Mix 75g,Seasonings,mini supermarket,pck,74.0,29.0,3,66,108,42,55.0,Unilever Kenya,nairobi,3,35,0,0
2026-02-09,PRD009,Paracetamol 500mg x10,Analgesics,Pharmacy,Strips,87.0,20.0,2,54,119,18,30.0,Shelys Pharmaceuticals,Nairobi ,2,60,0,0
2026-04-22,PRD004,KCC Butter 250g,Dairy,Mini Supermarket,PCS,,38.0,1,43,57,210,260.0,Brookside Dairy Ltd,,2,15,0,0
2024-05-26,PRD008,Royco Mchuzi Mix 75g,SEASONINGS,Mini Supermarket,Pack,76.0,30.0,3,0,43,42,55.0,Unilever Kenya,nairobi,3,35,0,1
2025-01-09,PRD009,Paracetamol 500mg x10,Analgesics,Pharmacy,Strips,91.0,36.0,0,0,55,18,30.0,Shelys Pharmaceuticals,Nairobi ,2,60,0,0
2025-09-15,PRD001,Unga Jogoo 2kg,Flour & Grains,Mini Supermarket,bag,71.0,11.0,0,0,60,145,175.0,Unga Ltd Nairobi,Nairobi ,3,30,0,0
2024-05-02,PRD012,Dettol Antiseptic 100ml,Antiseptics,Pharmacy,Bottle,23.0,19.0,3,42,43,145,200.0,Reckitt Kenya,NAIROBI,3,20,0,0
2024-12-31,PRD004,KCC Butter 250g,Dairy,Mini Supermarket,PCS,,5.0,2,36,43,210,260.0,,Kiambu,2,15,0,0
2025-08-29,PRD008,Royco Mchuzi Mix 75g,Seasonings,Mini Supermarket,Pack,97.0,33.0,0,23,87,42,1642.0064439108123,Unilever Kenya,nairobi,3,35,0,0
2024-05-29,PRD005,Elianto Cooking Oil 1L,OILS & FATS,Mini Supermarket,btl,81.0,3.0,2,0,76,230,280.0,Kapa Oil Refineries,Nairobi,4,20,0,0
2024-02-01,PRD016,Maize Seed 2kg,Seeds,Agrovet,PACK,51.0,39.0,3,0,9,380,520.0,Kenya Seed Company,Nakurru,5,15,0,0
2024-05-31,PRD015,CAN Fertiliser 50kg,Fertilisers,Agrovet,BAG,17.0,5.0,0,0,12,3200,3900.0,MEA Fertilisers,NAIROBI,7,5,0,0
2025-07-24,PRD008,Royco Mchuzi Mix 75g,Seasonings,Mini Supermarket,Pack,,23.0,1,0,6,42,55.0,Unilever Kenya,nairobi,3,35,0,0
2025-05-27,PRD003,Brookside Milk 500ml,Dairy,Mini Supermarket,PCS,45.0,37.0,3,0,5,55,70.0,Brookside Dairy Ltd,Kiambu ,2,40,0,0
2025-01-03,PRD014,DAP Fertiliser 50kg,Fertilisers,Agrovet,bag,75.0,5.0,3,40,107,3800,4500.0,MEA Fertilisers,Nairob,7,5,0,0
2025-01-20,PRD007,Omo Washing Powder 1kg,Detergents,Mini Supermarket,Packs,5.0,3.0,2,51,51,295,398.25,Bidco Africa Mombasa Rd,Nairob,3,12,0,0
2025-12-17,PRD003,Brookside Milk 500ml,Dairy,Mini Supermarket,piece,33.0,6.0,0,15,42,55,70.0,,Kiambu ,2,40,0,0
2025-04-22,PRD008,Royco Mchuzi Mix 75g,Seasonings,Mini Supermarket,pck,12.0,9.0,1,0,7,42,55.0,Unilever Kenya,NAIROBI,3,35,0,0
2026-02-26,PRD014,DAP Fertiliser 50kg,Fertilisers,Agrovet,bag,92.0,9.0,0,0,83,3800,4500.0,MEA Fertilisers,Nairob,7,5,0,0
2025-04-21,PRD009,Paracetamol 500mg x10,Analgesics,Pharmacy,Strips,107.0,26.0,3,0,78,18,,Shelys Pharmaceuticals,Nairobi ,2,60,0,0
2024-07-02,PRD014,DAP Fertiliser 50kg,Fertilisers,Agrovet,bag,62.0,18.0,2,0,42,3800,4500.0,MEA Fertilisers,Nairob,7,5,0,0
2025-08-31,PRD018,Drenching Gun Dewormer,Veterinary,Agrovet,Bottle,48.0,26.0,0,4,26,480,650.0,Interchemie Kenya,nairobi,4,8,0,1
2024-08-31,PRD016,Maize Seed 2kg,Seeds,Agrovet,PACK,103.0,40.0,1,0,62,380,520.0,Kenya Seed Company,Nakurru,5,15,0,1
2025-09-25,PRD002,Pembe Unga 1kg,Flour & Grains,Mini Supermarket,BAG,48.0,30.0,0,0,18,78,95.0,Unga Ltd Nairobi,NAIROBI,3,25,0,0
2024-01-07,PRD001,Unga Jogoo 2kg,Flour & Grains,Mini Supermarket,bag,,0.0,2,30,41,145,175.0,Unga Ltd Nairobi,Nairobi ,3,30,0,1
2025-01-08,PRD016,Maize Seed 2kg,Seeds,Agrovet,PACK,60.0,22.0,3,0,35,380,520.0,Kenya Seed Company,Nakurru,5,15,0,0
2025-05-31,PRD008,Royco Mchuzi Mix 75g,Seasonings,Mini Supermarket,Pack,15.0,10.0,0,16,21,42,55.0,Unilever Kenya,nairobi,3,35,0,1
2026-02-25,PRD017,Newcastle Vaccine 100dos,Veterinary,Agrovet,VIAL,40.0,-34.0,2,0,4,250,400.0,Interchemie Kenya,,4,10,0,0
2024-07-16,PRD018,Drenching Gun Dewormer,Veterinary,Agrovet,Bottle,83.0,14.0,1,3,71,480,650.0,Interchemie Kenya,nairobi,4,8,0,0
2024-12-03,PRD020,Earphones Generic,Accessories,Electronics,PCS,73.0,33.0,3,74,111,150,300.0,,NAIROBI,2,12,0,0
2024-03-29,PRD020,Earphones Generic,Accessories,Electronics,PCS,14.0,10.0,2,0,2,150,300.0,,NAIROBI,2,12,0,0
2024-10-19,PRD009,Paracetamol 500mg x10,Analgesics,Pharmacy,Strips,85.0,19.0,1,63,128,18,895.6398784968067,Shelys Pharmaceuticals,Nairobi ,2,60,0,1
2026-03-18,PRD002,Pembe Unga 1kg,Flour & Grains,Mini Supermarket,bag,92.0,22.0,0,0,70,78,95.0,Unga Ltd Nairobi,NAIROBI,3,25,0,0
2024-05-06,PRD001,Unga Jogoo 2kg,Flour & Grains,Mini Sup.,bag,38.0,19.0,1,30,48,145,,Unga Ltd Nairobi,,3,30,0,0
"Oct 03, 2024",PRD014,DAP Fertiliser 50kg,Fertilisers,Agrovet,bag,113.0,10.0,1,0,102,3800,4500.0,MEA Fertilisers,Nairob,7,5,0,0
2025-02-10,PRD004,KCC Butter 250g,Dairy,Mini Supermarket,piece,119.0,0.0,2,0,117,210,260.0,Brookside Dairy Ltd,kiambu,2,15,0,0
2024-10-08,PRD010,Amoxicillin 250mg x6,Antibiotics,Pharmacy,Strips,50.0,7.0,0,0,30,55,90.0,Cosmos Pharmaceuticals,NAIROBI,3,40,0,0
2025-09-17,PRD020,Earphones Generic,Accessories,Electronics,PCS,62.0,17.0,3,0,42,150,300.0,,NAIROBI,2,12,0,0
2025-10-14,PRD017,Newcastle Vaccine 100dos,Veterinary,Agrovet,VIAL,27.0,3.0,1,72,95,250,400.0,Interchemie Kenya,Nairob,4,10,0,0
2025-11-04,PRD020,Earphones Generic,Accessories,Electronics,PCS,113.0,4.0,0,24,133,150,300.0,,NAIROBI,2,12,0,0
2025-01-15,PRD008,Royco Mchuzi Mix 75g,Seasonings,Mini Supermarket,pack,-120.0,11.0,0,43,152,42,55.0,Unilever Kenya,nairobi,3,35,0,0
2024-06-01,PRD007,Omo Washing Powder 1kg,Detergents,Mini Supermarkt,pack,57.0,24.0,3,0,30,295,,Bidco Africa Mombasa Rd,Nairob,3,12,0,1
2026-02-10,PRD018,Drenching Gun Dewormer,Veterinary,Agrovet,Bottle,22.0,14.0,0,44,52,480,650.0,Interchemie Kenya,nairobi,4,8,0,0
09-08-2024,PRD018,Drenching Gun Dewormer,Veterinary,Agrovet,Bottle,45.0,35.0,0,0,10,480,650.0,Interchemie Kenya,nairobi,4,8,0,0
2025-10-05,PRD006,Salit Sugar 1kg,SUGAR & SPICES,Mini Supermarket,Bag ,22.0,1.0,0,0,21,135,160.0,Mumias Sugar Distributor,Kisumu,5,30,0,1
2024-04-15,PRD004,KCC Butter 250g,Dairy,Mini Supermarket,piece,70.0,23.0,0,0,58,210,,Brookside Dairy Ltd,,2,15,0,0
2025-01-02,PRD017,Newcastle Vaccine 100dos,Veterinary,Agrovet,VIAL,24.0,21.0,3,80,80,250,400.0,Interchemie Kenya,Nairob,4,10,0,0
2025-08-19,PRD008,Royco Mchuzi Mix 75g,Seasonings,Mini Supermarket,Pack,108.0,40.0,0,24,92,42,55.0,Unilever Kenya,nairobi,3,35,0,0
2025-07-06,PRD012,Dettol Antiseptic 100ml,Antiseptics,pharmacy,Bottle,22.0,5.0,0,0,17,145,200.0,Reckitt Kenya,NAIROBI,3,20,0,1
2024-06-05,PRD006,Salit Sugar 1kg,Sugar & Spices,Mini Supermarket,Bag ,98.0,18.0,1,0,79,135,160.0,Mumias Sugar Distributor,Kisumu,5,30,0,0
2025-08-26,PRD002,Pembe Unga 1kg,Flour & Grains,Mini Supermarket,BAG,28.0,9.0,1,0,18,78,95.0,Unga Ltd Nairobi,NAIROBI,3,25,0,0
2025-05-24,PRD014,DAP Fertiliser 50kg,fertilisers,Agrovet,BAG,117.0,10.0,2,0,105,3800,4500.0,MEA Fertilisers,Nairob,7,5,0,1
2025-04-02,PRD013,  Malaria RDT Kit  ,Diagnostics,Pharamcy,PCS,62.0,10.0,1,0,51,120,200.0,Medipharm Ltd,NAIROBI ,4,25,0,0
2025-06-18,PRD003,Brookside Milk 500ml,Dairy,Mini Supermarket,piece,95.0,18.0,3,34,88,55,70.0,Brookside Dairy Ltd,Kiambu ,2,40,0,0
2025-10-02,PRD017,Newcastle Vaccine 100dos,Veterinary,Agrovet,VIAL,38.0,35.0,3,0,0,250,400.0,Interchemie Kenya,NAIROB,4,10,0,0
2026-03-17,PRD006,Salit Sugar 1kg,Sugar & Spices,Mini Supermarket,Bag ,64.0,32.0,0,32,49,135,160.0,   ,Kisumu,5,30,0,0
2025-10-27,PRD014,DAP Fertiliser 50kg,Fertilisers,Agrovet,bag,119.0,4.0,1,0,114,3800,4500.0,MEA Fertilisers,Nairob,7,5,0,0
2024-09-15,PRD018,Drenching Gun Dewormer,Veterinary,Agrovet,Bottle,106.0,17.0,1,0,88,480,650.0,   ,nairobi,4,8,1,1
2024-10-28,PRD008,Royco Mchuzi Mix 75g,Seasonings,Mini Supermarket,Pack,17.0,0.0,1,0,16,42,55.0,Unilever Kenya,nairobi,3,35,0,0
20-Nov-2025,PRD016,Maize Seed 2kg,Seeds,Agrovet,PACK,76.0,36.0,1,0,39,380,520.0,   ,Nakurru,5,15,0,0
2024-11-11,PRD001,Unga Jogoo 2kg,Flour & Grains,Mini Supermarket,bag,8.0,0.0,2,0,6,145,175.0,Unga Ltd Nairobi,Nairobi ,3,30,0,0
2024-11-27,PRD011,ORS Sachets x6,Rehydration,Pharmacy,Pack,21.0,10.0,3,0,8,35,60.0,Dawa Ltd,nairobi,2,50,0,0
2024-12-25,PRD020,Earphones Generic,Accessories,Electronics,PCS,,21.0,0,0,62,150,300.0,,NAIROBI,2,12,0,0
2025-02-21,PRD013,Malaria RDT Kit,Diagnostics,Pharmacy,PCS,119.0,23.0,3,0,93,120,200.0,Medipharm Ltd,Nairobi ,4,25,0,0
2025-01-19,PRD007,Omo Washing Powder 1kg,Detergents,MINI SUPERMARKET,PACK,,27.0,2,0,63,295,398.25,Bidco Africa Mombasa Rd,Nairob,3,12,0,1
2024-07-31,PRD001,Unga Jogoo 2kg,Flour & Grains,Mini Supermarket,bag,56.0,6.0,2,0,48,145,,Unga Ltd Nairobi,Nairobi ,3,30,0,0
2024-08-27,PRD003,Brookside Milk 500ml,Dairy,Mini Supermarket,piece,33.0,17.0,1,68,83,55,70.0,Brookside Dairy Ltd,Kiambu ,2,40,0,0
"Jul 10, 2025",PRD008,Royco Mchuzi Mix 75g,Seasonings,Mini Supermarket,Pack,102.0,14.0,0,0,88,42,55.0,Unilever Kenya,nairobi,3,35,0,0
2025-08-04,PRD012,Dettol Antiseptic 100ml,Antiseptics,Pharmacy,Bottle,56.0,37.0,1,0,18,145,200.0,Reckitt Kenya,NAIROBI,3,20,0,0
2025-08-28,PRD015,CAN Fertiliser 50kg,Fertilisers,Agrovet,BAG,105.0,7.0,0,0,98,3200,3900.0,MEA Fertilisers,,7,5,0,0
2024-08-21,PRD015,CAN Fertiliser 50kg,Fertilisers,Agrovet,BAG,69.0,2.0,3,0,64,3200,3900.0,MEA Fertilisers,NAIROBI,7,5,0,0
2025-09-11,PRD017,Newcastle Vaccine 100dos,Veterinary,Agrovet ,VIAL,35.0,32.0,2,63,64,250,11941.865046624089,,Nairob,4,10,0,0
2025-08-30,PRD014,DAP Fertiliser 50kg,Fertilisers,Agrovet,bag,112.0,38.0,0,48,122,3800,4500.0,MEA Fertilisers,Nairob,7,5,0,1
2024-12-03,PRD019,Infinix Charger 33W,Accessories,electronics,PCS,107.0,,0,73,160,380,650.0,Luthuli Ave Wholesale,NAIROBI,2,10,0,0
2025-05-26,PRD014,DAP Fertiliser 50kg,Fertilisers,Agrovet,bag,71.0,27.0,1,0,43,3800,4500.0,MEA Fertilisers,nairob,7,5,0,0
2025-07-29,PRD009,  Paracetamol 500mg x10  ,Analgesics,Pharmacy,Strips,106.0,27.0,0,0,79,18,30.0,Shelys Pharmaceuticals,,2,60,0,0
2024-06-08,PRD003,Brookside Milk 500ml,Dairy,Mini Supermarket,piece,47.0,7.0,3,0,37,55,70.0,Brookside Dairy Ltd,Kiambu ,2,40,0,1
2025-01-12,PRD006,Salit Sugar 1kg,Sugar & Spices,Mini Supermarket,Bag ,6.0,0.0,1,0,5,135,160.0,Mumias Sugar Distributor,Kisumu,5,30,0,1
2025-04-08,PRD009,Paracetamol 500mg x10,Analgesics,Pharmacy,Strips,49.0,9.0,2,0,38,18,30.0,Shelys Pharmaceuticals,,2,60,0,0
2024-08-20,PRD012,Dettol Antiseptic 100ml,Antiseptics,Pharmacy,Bottle,75.0,14.0,0,0,61,145,200.0,Reckitt Kenya,NAIROBI,3,20,0,0
2024-03-03,PRD013,  Malaria RDT Kit  ,Diagnostics,Pharamcy,PCS,20.0,6.0,1,63,76,120,200.0,Medipharm Ltd,Nairobi ,4,25,1,1
2024-08-25,PRD001,Unga Jogoo 2kg,Flour & Grains,Mini Supermarket,bag,61.0,1.0,2,2,60,145,175.0,Unga Ltd Nairobi,Nairobi ,3,30,0,1
2025-11-01,PRD018,Drenching Gun Dewormer,Veterinary,Agrovet,Bottle,102.0,28.0,3,0,71,480,650.0,Interchemie Kenya,nairobi,4,8,0,1
22/09/2025,PRD017,Newcastle Vaccine 100dos,Veterinary,Agrovet,VIAL,82.0,8.0,3,46,117,250,400.0,Interchemie Kenya,Nairob,4,10,0,0
"Jul 20, 2024",PRD005,Elianto Cooking Oil 1L,Oils & Fats,Mini Supermarket,btl,98.0,,2,0,68,230,280.0,Kapa Oil Refineries,Nairobi,4,20,0,1
2025-05-18,PRD004,KCC Butter 250g,Dairy,Mini Supermarket,piece,52.0,25.0,0,76,103,210,260.0,Brookside Dairy Ltd,kiambu,2,15,0,1
2024-07-23,PRD010,Amoxicillin 250mg x6,Antibiotics,Pharmacy,Strips,85.0,33.0,0,0,52,55,90.0,Cosmos Pharmaceuticals,NAIROBI,3,40,0,0
2025-05-27,PRD015,CAN Fertiliser 50kg,Fertilisers,Agrovet,BAG,50.0,12.0,1,0,37,3200,3900.0,MEA Fertilisers,NAIROBI,7,5,0,0
2024-04-25,PRD017,Newcastle Vaccine 100dos,Veterinary,Agrovet,VIAL,14.0,5.0,3,0,6,250,400.0,Interchemie Kenya,Nairob,4,10,0,0
2025-12-13,PRD002,Pembe Unga 1kg,Flour & Grains,Mini Supermarket,BAG,35.0,4.0,0,0,42,78,95.0,Unga Ltd Nairobi,NAIROBI,3,25,0,1
2026-01-28,PRD004,KCC Butter 250g,Dairy,Mini Supermarket,piece,38.0,6.0,2,0,48,210,260.0,Brookside Dairy Ltd,kiambu,2,15,0,0
01-Jan-2025,PRD008,Royco Mchuzi Mix 75g,Seasonings,Mini Supermarket,Pack,55.0,32.0,1,0,4,42,55.0,Unilever Kenya,nairobi,3,35,0,0
2025-01-18,PRD005,Elianto Cooking Oil 1L,Oils & Fats,Mini Supermarket,btl,,15.0,0,47,78,230,280.0,Kapa Oil Refineries,Nairobi,4,20,0,1
2025-10-08,PRD001,Unga Jogoo 2kg,FLOUR & GRAINS,Mini Supermarket,Bag,20.0,4.0,2,45,59,145,175.0,Unga Ltd Nairobi,Nairobi ,3,30,0,0
04-01-2024,PRD002,Pembe Unga 1kg,Flour & Grains,Mini Supermarket,BAG,106.0,27.0,0,0,79,78,95.0,Unga Ltd Nairobi,NAIROBI,3,25,0,0
"Jun 07, 2025",PRD005,Elianto Cooking Oil 1L,Oils & Fats,Mini Supermarket,btl,65.0,4.0,0,0,61,230,,Kapa Oil Refineries,Nairobi,4,20,0,1
08/06/2024,PRD011,ORS Sachets x6,Rehydration,Pharmacy,Pack,107.0,18.0,2,76,163,35,60.0,Dawa Ltd,nairobi,2,50,0,0
2024-06-25,PRD004,KCC Butter 250g,DAIRY,Mini Supermarket,piece,21.0,16.0,1,45,49,210,260.0,Brookside Dairy Ltd,kiambu,2,15,0,0
2024-03-18,PRD003,Brookside Milk 500ml,Dairy,Mini Supermarket,piece,19.0,1.0,1,0,17,55,70.0,Brookside Dairy Ltd,Kiambu ,2,40,0,0
2024-08-27,PRD001,  Unga Jogoo 2kg  ,Flour & Grains,Mini Supermarket,bag,65.0,18.0,1,0,46,145,175.0,Unga Ltd Nairobi,Nairobi ,3,30,0,0
2024-06-21,PRD011,ORS Sachets x6,Rehydration,Pharmacy,Pack,12.0,3.0,2,0,7,35,60.0,,nairobi,2,50,0,0
2024-04-01,PRD013,Malaria RDT Kit,Diagnostics,Pharmacy,PCS,82.0,12.0,3,0,67,120,200.0,Medipharm Ltd,Nairobi ,4,25,0,0
2025-09-03,PRD001,Unga Jogoo 2kg,Flour & Grains,Mini Supermarket,bag,41.0,36.0,1,0,4,145,175.0,Unga Ltd Nairobi,Nairobi ,3,30,0,0
2025-02-27,PRD011,ORS Sachets x6,Rehydration,Pharmacy,Pack,112.0,32.0,1,5,84,35,60.0,Dawa Ltd,nairobi,2,50,0,0
2025-08-19,PRD017,  Newcastle Vaccine 100dos  ,Veterinary,Agrovet,VIAL,,6.0,3,0,57,250,400.0,,Nairob,4,10,0,0
2025-02-08,PRD008,Royco Mchuzi Mix 75g,Seasonings,Mini Supermarket,Pack,27.0,23.0,3,0,1,42,55.0,Unilever Kenya,nairobi,3,35,0,1
2024-02-23,PRD018,Drenching Gun Dewormer,Veterinary,agrovet,Bottle,117.0,39.0,1,0,77,480,650.0,Interchemie Kenya,nairobi,4,8,0,0
"Aug 31, 2025",PRD015,CAN Fertiliser 50kg,Fertilisers,Agrovet,BAG,100.0,2.0,2,0,96,3200,3900.0,MEA Fertilisers,Nairobi,7,5,0,1
2026-02-25,PRD018,Drenching Gun Dewormer,Veterinary,Agrovet,Bottle,,,2,0,97,480,650.0,Interchemie Kenya,,4,8,0,0
2026-03-20,PRD020,Earphones Generic,Accessories,Electronics,PCS,14.0,14.0,3,0,0,150,300.0,,NAIROBI,2,12,0,0
2025-12-04,PRD011,ORS Sachets x6,Rehydration,Pharmacy,Pack,65.0,-10.0,0,0,55,35,60.0,Dawa Ltd,nairobi,2,50,0,0
2024-04-05,PRD002,Pembe Unga 1kg,Flour & Grains,Mini Supermarket,BAG,54.0,0.0,1,8,61,78,95.0,Unga Ltd Nairobi,NAIROBI,3,25,0,0
2025-12-21,PRD008,Royco Mchuzi Mix 75g,Seasonings,Mini Supermarket,Pack,114.0,11.0,1,23,125,42,55.0,Unilever Kenya,nairobi,3,35,0,1
2025-01-30,PRD001,Unga Jogoo 2kg,Flour & Grains,Mini Supermarket,bag,118.0,21.0,3,0,89,145,175.0,Unga Ltd Nairobi,Nairobi ,3,30,0,0
2025-11-07,PRD003,Brookside Milk 500ml,Dairy,Mini Supermarket,piece,20.0,4.0,3,0,13,55,70.0,Brookside Dairy Ltd,Kiambu ,2,40,0,0
02/03/2024,PRD004,KCC Butter 250g,Dairy,Mini Supermarket,piece,16.0,10.0,2,0,4,210,260.0,Brookside Dairy Ltd,kiambu,2,15,0,1
2025-06-07,PRD019,Infinix Charger 33W,Accessories,Electronics,PCS,108.0,8.0,2,0,98,380,650.0,Luthuli Ave Wholesale,NAIROBI,2,10,0,1
2024-01-26,PRD001,Unga Jogoo 2kg,Flour & Grains,Mini Supermarket,bag,20.0,6.0,2,68,80,145,175.0,Unga Ltd Nairobi,NAIROBI ,3,30,0,0
2026-03-19,PRD001,Unga Jogoo 2kg,Flour & Grains,Mini Supermarket,bag,,30.0,2,0,21,145,175.0,Unga Ltd Nairobi,Nairobi ,3,30,0,0
2024-12-27,PRD017,Newcastle Vaccine 100dos,Veterinary,Agrovet,VIAL,54.0,26.0,3,0,25,250,400.0,Interchemie Kenya,,4,10,0,0
2025-09-19,PRD009,Paracetamol 500mg x10,Analgesics,Pharmacy,Strips,83.0,18.0,1,0,64,18,30.0,,Nairobi ,2,60,0,0
2025-01-10,PRD010,Amoxicillin 250mg x6,Antibiotics,Pharmacy,Strips,89.0,27.0,2,0,60,55,90.0,Cosmos Pharmaceuticals,NAIROBI,3,40,0,0
2024-06-15,PRD005,Elianto Cooking Oil 1L,oils & fats,Mini Supermarket,btl,76.0,,2,0,70,230,280.0,Kapa Oil Refineries,Nairobi,4,20,0,1
2025-08-04,PRD011,ORS Sachets x6,Rehydration,Pharmacy,Pack,82.0,31.0,0,0,51,35,60.0,Dawa Ltd,Nairobi,2,50,0,0
2025-03-25,PRD019,Infinix Charger 33W,Accessories,Electronics,PCS,59.0,34.0,3,0,22,380,650.0,Luthuli Ave Wholesale,NAIROBI,2,10,0,0
2025-03-17,PRD018,Drenching Gun Dewormer,Veterinary,Agrovet,Bottle,85.0,1.0,1,0,83,480,650.0,Interchemie Kenya,nairobi,4,8,0,0
31-Dec-2024,PRD005,Elianto Cooking Oil 1L,oils & fats,Mini Supermarket,btl,6.0,6.0,2,25,23,230,280.0,Kapa Oil Refineries,Nairobi,4,20,0,0
2025-08-26,PRD018,Drenching Gun Dewormer,Veterinary,Agrovet,Bottle,37.0,5.0,3,0,29,480,650.0,Interchemie Kenya,nairobi,4,8,0,0
2025-09-30,PRD011,ORS Sachets x6,Rehydration,Pharmacy,Pack,114.0,34.0,1,0,79,35,60.0,Dawa Ltd,nairobi,2,50,0,0
2025-12-08,PRD001,Unga Jogoo 2kg,Flour & Grains,Mini Supermarket,bag,,2.0,0,0,8,145,5224.565957898039,Unga Ltd Nairobi,Nairobi ,3,30,0,0
2024-02-11,PRD010,Amoxicillin 250mg x6,Antibiotics,Pharmacy,Strips,100.0,4.0,3,0,93,55,,   ,NAIROBI,3,40,0,1
2024-06-13,PRD003,Brookside Milk 500ml,Dairy,Mini Supermarket,piece,81.0,27.0,0,28,82,55,70.0,Brookside Dairy Ltd,,2,40,0,0
12/08/2025,PRD014,DAP Fertiliser 50kg,FERTILISERS,Agrovet,bag,30.0,0.0,0,0,30,3800,4500.0,MEA Fertilisers,Nairob,7,5,0,0
2024-04-10,PRD014,DAP Fertiliser 50kg,Fertilisers,Agrovet,bag,101.0,14.0,3,0,84,3800,4500.0,MEA Fertilisers,Nairob,7,5,0,0
2026-02-10,PRD010,Amoxicillin 250mg x6,Antibiotics,Pharmacy,Strips,43.0,13.0,3,8,35,55,2686.91963549042,Cosmos Pharmaceuticals,NAIROBI,3,40,0,0
06/06/2025,PRD014,DAP Fertiliser 50kg,Fertilisers,Agrovet,bag,,9.0,2,62,76,3800,4500.0,MEA Fertilisers,Nairob,7,5,0,0
2025-07-25,PRD020,Earphones Generic,Accessories,Electronics,PCS,7.0,6.0,0,0,1,150,300.0,,,2,12,0,0
2024-03-31,PRD002,Pembe Unga 1kg,Flour & Grains,Mini Sup.,BAG,28.0,21.0,3,79,83,78,95.0,Unga Ltd Nairobi,NAIROBI,3,25,0,1
2024-05-04,PRD014,DAP Fertiliser 50kg,Fertilisers,Agrovet,Bags,70.0,10.0,0,0,60,3800,4500.0,MEA Fertilisers,Nairob,7,5,0,1
2025-02-09,PRD018,Drenching Gun Dewormer,Veterinary,agrovet,Bottle,9.0,1.0,3,0,5,480,650.0,Interchemie Kenya,nairobi,4,8,0,1
2025-04-02,PRD012,Dettol Antiseptic 100ml,Antiseptics,Pharmacy,Bottle,88.0,11.0,0,0,77,145,200.0,Reckitt Kenya,NAIROBI,3,20,0,0
08/09/2024,PRD013,Malaria RDT Kit,Diagnostics,Pharmacy,PCS,84.0,5.0,0,0,79,120,200.0,,Nairobi ,4,25,0,0
2024-08-25,PRD005,  Elianto Cooking Oil 1L  ,Oils & Fats,Mini Supermarket,btl,,,1,0,8,230,280.0,Kapa Oil Refineries,Nairobi,4,20,0,1
2024-05-01,PRD008,Royco Mchuzi Mix 75g,Seasonings,Mini Supermarket,Pack,78.0,15.0,3,0,60,42,55.0,Unilever Kenya,nairobi,3,35,0,0
07/11/2024,PRD014,DAP Fertiliser 50kg,Fertilisers,Agrovet,bag,,28.0,3,26,39,3800,4500.0,MEA Fertilisers,,7,5,0,0
2025-11-01,PRD019,Infinix Charger 33W,Accessories,Electronics,PCS,66.0,30.0,2,0,34,380,650.0,Luthuli Ave Wholesale,NAIROBI,2,10,0,1
2024-02-16,PRD004,KCC Butter 250g,Dairy,Mini Supermarket,piece,46.0,36.0,0,0,10,210,260.0,   ,kiambu,2,15,0,0
2025-02-10,PRD018,Drenching Gun Dewormer,Veterinary,Agrovet,Bottle,16.0,0.0,0,17,33,480,650.0,Interchemie Kenya,nairobi,4,8,0,0
24-03-2026,PRD013,Malaria RDT Kit,Diagnostics,Pharmacy,PCS,,,3,0,5,120,200.0,,Nairobi ,4,25,0,0
2025-02-18,PRD018,  Drenching Gun Dewormer  ,Veterinary,Agrovet,Btl,108.0,38.0,0,72,142,480,650.0,Interchemie Kenya,nairobi,4,8,0,0
2025-01-20,PRD014,  DAP Fertiliser 50kg  ,fertilisers,Agrovet,bag,78.0,1.0,2,73,148,3800,4500.0,MEA Fertilisers,NAIROB,7,5,0,0
2025-09-02,PRD001,Unga Jogoo 2kg,Flour & Grains,Mini Supermarket,bag,48.0,19.0,1,0,28,145,175.0,Unga Ltd Nairobi,Nairobi ,3,30,0,0
2024-11-30,PRD016,Maize Seed 2kg,Seeds,Agrovet,PACK,99.0,0.0,2,0,116,380,520.0,Kenya Seed Company,Nakurru,5,15,0,1
2025-05-02,PRD008,Royco Mchuzi Mix 75g,Seasonings,Mini Supermarket,Pack,,16.0,2,12,106,42,55.0,Unilever Kenya,nairobi,3,35,0,0
2024-06-12,PRD003,  Brookside Milk 500ml  ,Dairy,Mini Supermarket,piece,73.0,27.0,2,0,44,55,70.0,Brookside Dairy Ltd,,2,40,0,0
"May 09, 2024",PRD006,Salit Sugar 1kg,Sugar & Spices,Mini Supermarket,Bag ,-22.0,,2,0,14,135,160.0,   ,Kisumu,5,30,0,0
2025-03-12,PRD006,Salit Sugar 1kg,Sugar & Spices,Mini Supermarket,Bag ,76.0,14.0,2,0,60,135,160.0,Mumias Sugar Distributor,Kisumu,5,30,0,0
2025-12-08,PRD018,Drenching Gun Dewormer,Veterinary,Agrovet,Bottle,118.0,3.0,3,0,112,480,,Interchemie Kenya,nairobi,4,8,0,0
2024-05-25,PRD009,  Paracetamol 500mg x10  ,Analgesics,Pharmacy,Strips,96.0,18.0,2,0,76,18,30.0,Shelys Pharmaceuticals,Nairobi ,2,60,0,1
2024-01-26,PRD016,Maize Seed 2kg,Seeds,Agrovett,PACK,62.0,1.0,0,0,61,380,520.0,Kenya Seed Company,Nakurru,5,15,0,0
2024-05-20,PRD006,Salit Sugar 1kg,Sugar & Spices,Mini Supermarket,Bag ,14.0,12.0,3,0,0,135,160.0,Mumias Sugar Distributor,Kisumu,5,30,0,0
2025-03-04,PRD005,  Elianto Cooking Oil 1L  ,Oils & Fats,Mini Supermarket,BOTTLE,,10.0,1,0,22,230,280.0,Kapa Oil Refineries,Nairobi,4,20,0,0
06-10-2025,PRD008,Royco Mchuzi Mix 75g,Seasonings,Mini Supermarket,Pack,97.0,,3,0,73,42,55.0,Unilever Kenya,,3,35,0,0
2026-04-26,PRD010,Amoxicillin 250mg x6,Antibiotics,Pharmacy,Strips,86.0,11.0,3,33,105,55,90.0,Cosmos Pharmaceuticals,NAIROBI,3,40,0,1
2025-11-04,PRD006,Salit Sugar 1kg,Sugar & Spices,Mini Supermarket,Bag ,24.0,22.0,3,0,0,135,160.0,   ,Kisumu,5,30,0,0
10/30/2024,PRD005,Elianto Cooking Oil 1L,Oils & Fats,Mini Supermarket,btl,93.0,23.0,2,0,68,230,280.0,Kapa Oil Refineries,Nairobi,4,20,0,0
2025-09-29,PRD014,  DAP Fertiliser 50kg  ,Fertilisers,Agrovett,bag,117.0,10.0,0,0,107,3800,4500.0,MEA Fertilisers,Nairob,7,5,0,0
2025-12-07,PRD004,KCC Butter 250g,Dairy,Mini Supermarket,piece,94.0,0.0,1,0,93,210,260.0,Brookside Dairy Ltd,kiambu,2,15,0,1
2025-07-30,PRD019,Infinix Charger 33W,Accessories,Electronics,PCS,,24.0,2,0,37,380,650.0,Luthuli Ave Wholesale,NAIROBI,2,10,0,0
2025-01-04,PRD010,  Amoxicillin 250mg x6  ,Antibiotics,Pharmacy,Strips,87.0,34.0,3,23,73,55,90.0,Cosmos Pharmaceuticals,NAIROBI,3,40,0,1
2026-01-21,PRD005,Elianto Cooking Oil 1L,Oils & Fats,Mini Supermarket,btl,59.0,40.0,2,0,17,230,280.0,Kapa Oil Refineries,Nairobi,4,20,0,0
2025-07-11,PRD010,Amoxicillin 250mg x6,Antibiotics,Pharmacy,Strips,59.0,10.0,1,25,73,55,90.0,Cosmos Pharmaceuticals,NAIROBI,3,40,0,0
2024-11-13,PRD017,Newcastle Vaccine 100dos,veterinary,Agrovett,VIAL,50.0,20.0,1,40,69,250,400.0,Interchemie Kenya,,4,10,0,0
2025-11-03,PRD011,ORS Sachets x6,Rehydration,Pharmacy,Pack,34.0,30.0,2,44,46,35,60.0,Dawa Ltd,nairobi,2,50,0,0
2024-03-16,PRD003,Brookside Milk 500ml,Dairy,Mini Supermarket,piece,113.0,32.0,3,0,78,55,70.0,Brookside Dairy Ltd,Kiambu ,2,40,0,1
2025-07-27,PRD011,ORS Sachets x6,Rehydration,Pharmacy,Pack,7.0,,0,0,3,35,60.0,Dawa Ltd,nairobi,2,50,0,1
"Feb 28, 2024",PRD016,  Maize Seed 2kg  ,Seeds,Agrovet,PACK,101.0,12.0,2,0,87,380,520.0,Kenya Seed Company,Nakurru,5,15,0,0
2025-06-22,PRD018,Drenching Gun Dewormer,Veterinary,Agrovet,BOTTLE,17.0,6.0,0,37,48,480,650.0,Interchemie Kenya,nairobi,4,8,0,1
2024-12-18,PRD015,CAN Fertiliser 50kg,Fertilisers,Agrovet,Bag,39.0,13.0,1,73,98,3200,3900.0,MEA Fertilisers,NAIROBI,7,5,0,0
2025-09-28,PRD005,Elianto Cooking Oil 1L,Oils & Fats,Mini Supermarket,btl,22.0,,1,0,9,230,280.0,Kapa Oil Refineries,nairobi,4,20,0,1
2024-10-06,PRD015,  CAN Fertiliser 50kg  ,Fertilisers,Agrovet,BAG,30.0,14.0,3,0,13,3200,3900.0,MEA Fertilisers,NAIROBI,7,5,1,1
2024-08-30,PRD017,Newcastle Vaccine 100dos,veterinary,Agrovet,VIAL,77.0,,2,0,66,250,400.0,Interchemie Kenya,Nairob,4,10,0,0
2024-01-04,PRD009,Paracetamol 500mg x10,Analgesics,Pharmacy,Strips,115.0,0.0,0,0,115,18,30.0,Shelys Pharmaceuticals,Nairobi ,2,60,0,0
2025-05-31,PRD003,Brookside Milk 500ml,Dairy,Mini Supermarket,piece,108.0,6.0,1,47,148,55,70.0,Brookside Dairy Ltd,Kiambu ,2,40,0,1
2026-04-12,PRD006,Salit Sugar 1kg,Sugar & Spices,Mini Supermarket,Bag ,27.0,6.0,2,0,19,135,160.0,Mumias Sugar Distributor,Kisumu,5,30,0,1
2024-09-25,PRD018,Drenching Gun Dewormer,Veterinary,Agrovet,Bottle,14.0,3.0,3,0,8,480,650.0,Interchemie Kenya,nairobi,4,8,0,0
2024-07-09,PRD008,Royco Mchuzi Mix 75g,Seasonings,Mini Supermarket,Pack,15.0,12.0,3,0,0,42,55.0,Unilever Kenya,nairobi,3,35,0,0
2025-09-25,PRD016,Maize Seed 2kg,Seeds,Agrovet,PACK,117.0,14.0,0,0,103,380,,Kenya Seed Company,Nakurru,5,15,0,0
2025-05-02,PRD001,Unga Jogoo 2kg,Flour & Grains,Mini Supermarket,bag,115.0,17.0,2,0,96,145,175.0,Unga Ltd Nairobi,Nairobi ,3,30,0,0
2024-05-28,PRD008,Royco Mchuzi Mix 75g,Seasonings,Mini Supermarket,Pack,30.0,19.0,3,0,8,42,55.0,,nairobi,3,35,0,0
2024-02-23,PRD013,Malaria RDT Kit,Diagnostics,Pharmacy,PCS,35.0,28.0,2,0,5,120,,Medipharm Ltd,Nairobi ,4,25,0,0
2024-10-08,PRD014,DAP Fertiliser 50kg,Fertilisers,Agrovet,bag,118.0,25.0,1,0,92,3800,4500.0,MEA Fertilisers,Nairob,7,5,0,0
2025-09-04,PRD006,Salit Sugar 1kg,Sugar & Spices,Mini Supermarket,Bag ,42.0,9.0,2,0,31,135,160.0,Mumias Sugar Distributor,Kisumu,5,30,0,0
2026-01-05,PRD010,Amoxicillin 250mg x6,Antibiotics,Pharmacy,Strips,45.0,15.0,0,47,77,55,90.0,Cosmos Pharmaceuticals,NAIROBI,3,40,0,0
2024-01-01,PRD009,Paracetamol 500mg x10,Analgesics,Pharmacy,Strips,91.0,34.0,0,0,57,18,30.0,Shelys Pharmaceuticals,,2,60,0,0
2026-02-24,PRD020,Earphones Generic,Accessories,Electronics,piece,37.0,30.0,3,0,4,150,300.0,,NAIROBI,2,12,0,0
2026-04-14,PRD002,Pembe Unga 1kg,Flour & Grains,Mini Supermarket,BAG,53.0,8.0,3,0,42,78,,Unga Ltd Nairobi,,3,25,0,0
2024-04-25,PRD003,Brookside Milk 500ml,Dairy,Mini Supermarket,pcs,94.0,36.0,3,0,55,55,70.0,Brookside Dairy Ltd,Kiambu ,2,40,0,0
2025-12-05,PRD015,CAN Fertiliser 50kg,Fertilisers,Agrovet,BAG,82.0,,3,0,70,3200,3900.0,MEA Fertilisers,NAIROBI,7,5,0,0
2025-01-05,PRD009,Paracetamol 500mg x10,Analgesics,Pharmacy,Strips,48.0,38.0,3,60,67,18,30.0,,Nairobi ,2,60,0,1
2025-12-03,PRD020,Earphones Generic,Accessories,Electronics,pcs,16.0,5.0,3,0,8,150,300.0,   ,NAIROBI,2,12,0,0
2024-01-12,PRD006,Salit Sugar 1kg,Sugar & Spices,Mini Supermarket,Bag ,21.0,,0,0,10,135,160.0,Mumias Sugar Distributor,Kisumu,5,30,0,0
2024-03-02,PRD020,Earphones Generic,Accessories,Electronics,PCS,36.0,7.0,0,0,29,150,300.0,,NAIROBI,2,12,0,1
2025-06-14,PRD009,Paracetamol 500mg x10,Analgesics,Pharmacy,Strips,24.0,17.0,0,0,7,18,30.0,Shelys Pharmaceuticals,Nairobi ,2,60,0,1
2026-03-31,PRD014,DAP Fertiliser 50kg,Fertilisers,Agrovet,bag,90.0,-6.0,1,0,83,3800,4500.0,MEA Fertilisers,Nairob,7,5,0,0
2026-02-16,PRD013,Malaria RDT Kit,Diagnostics,Pharmacy,Pcs,97.0,22.0,3,0,72,120,200.0,Medipharm Ltd,Nairobi ,4,25,0,0
2025-10-26,PRD005,Elianto Cooking Oil 1L,Oils & Fats,Mini Supermarket,bottle,59.0,20.0,0,0,39,230,280.0,Kapa Oil Refineries,Nairobi,4,20,0,1
2025-06-13,PRD002,Pembe Unga 1kg,Flour & Grains,Mini Supermarket,BAG,10.0,3.0,1,0,6,78,,,NAIROBI,3,25,0,0
2024-11-26,PRD011,ORS Sachets x6,Rehydration,Pharmacy,Pack,90.0,30.0,0,0,60,35,60.0,Dawa Ltd,nairobi,2,50,0,0
2024-07-04,PRD020,Earphones Generic,Accessories,Electronics,PCS,51.0,35.0,3,0,13,150,,,,2,12,0,0
2025-03-25,PRD018,Drenching Gun Dewormer,Veterinary,Agrovet,Bottle,15.0,4.0,0,0,11,480,650.0,Interchemie Kenya,nairobi,4,8,0,0
2024-12-22,PRD020,Earphones Generic,Accessories,Electronics,PCS,46.0,17.0,1,0,28,150,300.0,,NAIROBI,2,12,0,1
2024-09-26,PRD004,KCC Butter 250g,Dairy,Mini Supermarket,piece,5.0,2.0,0,0,3,210,260.0,Brookside Dairy Ltd,kiambu,2,15,0,0
2025-06-22,PRD003,Brookside Milk 500ml,Dairy,Mini Supermarket,piece,68.0,9.0,0,0,59,55,70.0,Brookside Dairy Ltd,Kiambu ,2,40,0,1
2024-08-29,PRD001,Unga Jogoo 2kg,Flour & Grains,Mini Supermarket,bag,16.0,-0.0,3,0,13,145,175.0,Unga Ltd Nairobi,Nairobi ,3,30,0,0
2025-02-25,PRD019,Infinix Charger 33W,accessories,Electronics,piece,50.0,8.0,3,0,39,380,650.0,Luthuli Ave Wholesale,nairobi,2,10,0,0
2024-12-12,PRD009,Paracetamol 500mg x10,Analgesics,Pharmacy,Strips,43.0,23.0,3,0,17,18,30.0,Shelys Pharmaceuticals,Nairobi ,2,60,0,0
2025-03-05,PRD012,  Dettol Antiseptic 100ml  ,Antiseptics,Pharmacy,Bottle,71.0,13.0,2,0,56,145,200.0,Reckitt Kenya,NAIROBI,3,20,0,0
2024-08-20,PRD003,Brookside Milk 500ml,Dairy,Mini Supermarket,pcs,63.0,26.0,1,0,36,55,70.0,Brookside Dairy Ltd,KIAMBU ,2,40,0,0
31-Jul-2025,PRD002,Pembe Unga 1kg,Flour & Grains,Mini Supermarket,BAG,46.0,11.0,0,0,35,78,95.0,Unga Ltd Nairobi,NAIROBI,3,25,0,0
2025-01-21,PRD005,Elianto Cooking Oil 1L,Oils & Fats,Mini Supermarket,btl,20.0,11.0,0,6,15,230,280.0,Kapa Oil Refineries,Nairobi,4,20,0,0
01/07/2026,PRD017,Newcastle Vaccine 100dos,Veterinary,Agrovet,VIAL,111.0,16.0,3,0,92,250,400.0,,Nairob,4,10,0,0
24-03-2024,PRD002,Pembe Unga 1kg,Flour & Grains,Mini Supermarket,BAG,64.0,3.0,3,0,58,78,95.0,Unga Ltd Nairobi,NAIROBI,3,25,0,1
2024-07-25,PRD003,Brookside Milk 500ml,Dairy,Mini Supermarket,piece,29.0,10.0,2,0,17,55,70.0,Brookside Dairy Ltd,Kiambu ,2,40,0,0
2024-12-22,PRD007,Omo Washing Powder 1kg,Detergents,Mini Supermarket,Pack,28.0,14.0,1,0,13,295,398.25,Bidco Africa Mombasa Rd,Nairob,3,12,0,1
2025-01-22,PRD005,Elianto Cooking Oil 1L,Oils & Fats,Mini Supermarket,btl,38.0,21.0,3,0,14,230,280.0,Kapa Oil Refineries,Nairobi,4,20,0,0
2024-09-03,PRD017,Newcastle Vaccine 100dos,Veterinary,Agrovet,VIAL,80.0,-12.0,1,0,67,250,400.0,Interchemie Kenya,Nairob,4,10,0,0
2024-08-17,PRD014,DAP Fertiliser 50kg,Fertilisers,Agrovet,bag,81.0,11.0,3,0,60,3800,4500.0,MEA Fertilisers,Nairob,7,5,0,1
2024-11-06,PRD002,Pembe Unga 1kg,Flour & Grains,Mini Supermarket,BAG,73.0,26.0,3,0,44,78,95.0,   ,NAIROBI,3,25,0,0
2024-09-24,PRD005,Elianto Cooking Oil 1L,Oils & Fats,Mini Supermarket,Btl,119.0,31.0,0,0,88,230,280.0,Kapa Oil Refineries,Nairobi,4,20,0,0
2025-11-25,PRD017,Newcastle Vaccine 100dos,Veterinary,Agrovet,VIAL,41.0,39.0,1,0,1,250,400.0,Interchemie Kenya,Nairob,4,10,0,0
2026-03-28,PRD009,Paracetamol 500mg x10,Analgesics,Pharmacy,Strips,9.0,6.0,2,0,1,18,30.0,Shelys Pharmaceuticals,Nairobi ,2,60,0,1
2026-03-01,PRD008,  Royco Mchuzi Mix 75g  ,SEASONINGS,Mini Supermarket,Pack,,0.0,0,0,10,42,55.0,Unilever Kenya,nairobi,3,35,0,1
2026-04-29,PRD002,Pembe Unga 1kg,Flour & Grains,Mini Sup.,BAG,68.0,15.0,2,0,51,78,95.0,Unga Ltd Nairobi,NAIROBI,3,25,0,0
08/03/2024,PRD007,Omo Washing Powder 1kg,Detergents,Mini Supermarket,pack,112.0,23.0,3,16,102,295,398.25,Bidco Africa Mombasa Rd,Nairob,3,12,0,1
2024-08-20,PRD019,Infinix Charger 33W,Accessories,Electronics,PCS,33.0,18.0,1,0,-5,380,650.0,Luthuli Ave Wholesale,NAIROBI,2,10,0,0
2024-07-03,PRD020,Earphones Generic,Accessories,Electronics,PCS,10.0,2.0,1,0,7,150,300.0,,NAIROBI,2,12,0,0
22-01-2026,PRD018,Drenching Gun Dewormer,Veterinary,Agrovet,Bottle,69.0,7.0,2,0,60,480,650.0,Interchemie Kenya,nairobi,4,8,0,0
2026-04-14,PRD016,Maize Seed 2kg,Seeds,Agrovet,PACK,61.0,19.0,2,0,40,380,520.0,Kenya Seed Company,nakurru,5,15,0,0
2025-08-10,PRD016,Maize Seed 2kg,Seeds,Agrovet,PACK,80.0,12.0,3,0,65,380,520.0,Kenya Seed Company,Nakurru,5,15,0,1
2026-01-11,PRD019,Infinix Charger 33W,Accessories,Electronics,PCS,,20.0,2,0,69,380,650.0,Luthuli Ave Wholesale,NAIROBI,2,10,0,1
27/11/2025,PRD018,Drenching Gun Dewormer,Veterinary,Agrovet,Bottle,55.0,36.0,3,0,16,480,650.0,Interchemie Kenya,nairobi,4,8,0,0
2024-10-21,PRD013,Malaria RDT Kit,Diagnostics,Pharmacy,PCS,,5.0,0,0,42,120,200.0,Medipharm Ltd,Nairobi ,4,25,0,0
2025-03-11,PRD008,Royco Mchuzi Mix 75g,Seasonings,Mini Sup.,Pack,37.0,30.0,3,42,46,42,55.0,   ,nairobi,3,35,0,0
2025-09-08,PRD015,CAN Fertiliser 50kg,Fertilisers,Agrovet,BAG,53.0,33.0,0,0,20,3200,3900.0,MEA Fertilisers,NAIROBI,7,5,0,0
2025-01-28,PRD014,DAP Fertiliser 50kg,Fertilisers,Agrovet,bag,37.0,23.0,3,45,56,3800,4500.0,MEA Fertilisers,Nairob,7,5,0,0
2025-02-17,PRD005,Elianto Cooking Oil 1L,Oils & Fats,Mini Supermarket,btl,80.0,13.0,0,0,67,230,280.0,Kapa Oil Refineries,Nairobi,4,20,0,0
2025-07-27,PRD003,Brookside Milk 500ml,Dairy,Mini Supermarket,piece,120.0,27.0,1,0,92,55,70.0,Brookside Dairy Ltd,Kiambu ,2,40,0,1
2025-05-17,PRD008,Royco Mchuzi Mix 75g,Seasonings,mini supermarket,Pack,10.0,3.0,0,0,7,42,55.0,Unilever Kenya,nairobi,3,35,0,1
2025-03-12,PRD001,Unga Jogoo 2kg,Flour & Grains,Mini Supermarket,bag,103.0,25.0,2,0,76,145,,Unga Ltd Nairobi,Nairobi ,3,30,0,0
2024-03-29,PRD004,KCC Butter 250g,Dairy,Mini Supermarket,piece,,36.0,3,0,54,210,260.0,Brookside Dairy Ltd,kiambu,2,15,0,0
04/13/2024,PRD001,Unga Jogoo 2kg,Flour & Grains,Mini Supermarket,bag,103.0,-4.0,0,0,99,145,175.0,Unga Ltd Nairobi,Nairobi ,3,30,0,1
2026-04-15,PRD010,Amoxicillin 250mg x6,Antibiotics,Pharmacy,Strips,98.0,,0,0,81,55,90.0,Cosmos Pharmaceuticals,NAIROBI,3,40,0,0
2026-02-12,PRD012,Dettol Antiseptic 100ml,Antiseptics,Pharmacy,Bottle,92.0,26.0,0,13,79,145,200.0,Reckitt Kenya,NAIROBI,3,20,0,0
2025-12-11,PRD014,DAP Fertiliser 50kg,Fertilisers,Agrovet,bag,53.0,10.0,3,21,61,3800,4500.0,MEA Fertilisers,Nairob,7,5,0,0
2026-01-05,PRD014,DAP Fertiliser 50kg,Fertilisers,Agrovet,bag,109.0,0.0,3,0,106,3800,,MEA Fertilisers,NAIROB,7,5,0,0
2024-12-03,PRD004,KCC Butter 250g,Dairy,Mini Supermarket,piece,31.0,10.0,0,0,21,210,260.0,Brookside Dairy Ltd,kiambu,2,15,0,0
15/09/2025,PRD019,Infinix Charger 33W,Accessories,Electronics,PCS,101.0,38.0,0,0,63,380,650.0,Luthuli Ave Wholesale,NAIROBI,2,10,0,0
2025-12-13,PRD012,Dettol Antiseptic 100ml,Antiseptics,Pharmacy,Bottle,97.0,18.0,3,0,66,145,200.0,Reckitt Kenya,NAIROBI,3,20,0,1
2024-11-10,PRD001,Unga Jogoo 2kg,Flour & Grains,Mini Supermarket,bag,14.0,10.0,0,0,14,145,175.0,Unga Ltd Nairobi,Nairobi ,3,30,0,1
2024-02-13,PRD002,Pembe Unga 1kg,FLOUR & GRAINS,Mini Supermarket,BAG,81.0,,2,0,46,78,95.0,Unga Ltd Nairobi,NAIROBI,3,25,0,0
2024-02-09,PRD013,Malaria RDT Kit,Diagnostics,Pharmacy,PCS,9.0,4.0,3,30,32,120,200.0,Medipharm Ltd,Nairobi ,4,25,0,0
2025-02-16,PRD010,Amoxicillin 250mg x6,Antibiotics,Pharmacy,Strips,80.0,24.0,2,0,49,55,90.0,Cosmos Pharmaceuticals,NAIROBI,3,40,1,1
2025-05-14,PRD011,ORS Sachets x6,Rehydration,Pharmacy,Pack,108.0,19.0,2,23,110,35,1791.2797569936133,Dawa Ltd,Nairobi,2,50,0,0
2024-04-17,PRD014,DAP Fertiliser 50kg,Fertilisers,agrovet,bag,74.0,15.0,1,52,110,3800,,MEA Fertilisers,Nairob,7,5,0,0
2024-09-07,PRD004,KCC Butter 250g,Dairy,Mini Supermarket,piece,,14.0,0,62,71,210,260.0,Brookside Dairy Ltd,kiambu,2,15,0,1
2024-01-10,PRD015,CAN Fertiliser 50kg,Fertilisers,Agrovet,BAG,105.0,29.0,2,0,74,3200,3900.0,MEA Fertilisers,,7,5,0,0
2025-12-09,PRD002,Pembe Unga 1kg,Flour & Grains,Mini Supermarket,BAG,55.0,10.0,1,0,44,78,95.0,Unga Ltd Nairobi,,3,25,0,0
2024-08-06,PRD008,Royco Mchuzi Mix 75g,Seasonings,Mini Supermarket,PACK,42.0,39.0,0,0,3,42,55.0,Unilever Kenya,,3,35,0,0
2024-12-09,PRD011,ORS Sachets x6,Rehydration,Pharmacy,Packs,11.0,11.0,2,0,0,35,,,nairobi,2,50,0,0
2026-04-28,PRD008,Royco Mchuzi Mix 75g,Seasonings,Mini Sup.,Pack,95.0,3.0,1,0,91,42,55.0,Unilever Kenya,nairobi,3,35,0,0
2025-03-27,PRD009,Paracetamol 500mg x10,Analgesics,Pharmacy,Strips,11.0,5.0,3,55,58,18,30.0,Shelys Pharmaceuticals,Nairobi ,2,60,0,0
2024-05-12,PRD007,Omo Washing Powder 1kg,Detergents,MINI SUPERMARKET,pack,34.0,14.0,1,2,21,295,398.25,Bidco Africa Mombasa Rd,Nairob,3,12,0,1
2025-03-31,PRD006,Salit Sugar 1kg,Sugar & Spices,Mini Supermarket,Bag ,53.0,34.0,1,0,18,135,160.0,Mumias Sugar Distributor,,5,30,0,0
2024-09-16,PRD009,Paracetamol 500mg x10,Analgesics,Pharmacy,Strips,16.0,7.0,0,0,-8,18,30.0,Shelys Pharmaceuticals,Nairobi ,2,60,0,0
2024-10-06,PRD018,Drenching Gun Dewormer,Veterinary,Agrovet,Bottle,,29.0,0,0,62,480,650.0,Interchemie Kenya,nairobi,4,8,0,1
2025-07-25,PRD015,CAN Fertiliser 50kg,Fertilisers,Agrovet,BAG,101.0,29.0,0,0,72,3200,3900.0,   ,Nairobi,7,5,0,0
2024-10-29,PRD016,Maize Seed 2kg,Seeds,Agrovet,PACK,107.0,,3,0,65,380,520.0,Kenya Seed Company,nakurru,5,15,0,0
2024-04-15,PRD001,Unga Jogoo 2kg,Flour & Grains,Mini Supermarket,bag,5.0,0.0,0,60,65,145,175.0,Unga Ltd Nairobi,NAIROBI ,3,30,0,0
2024-12-19,PRD013,Malaria RDT Kit,Diagnostics,Pharamcy,PCS,33.0,18.0,2,0,13,120,200.0,Medipharm Ltd,,4,25,0,0
2026-03-25,PRD017,Newcastle Vaccine 100dos,Veterinary,Agrovet,VIAL,60.0,4.0,0,67,123,250,400.0,   ,nairob,4,10,0,0
2025-07-26,PRD009,Paracetamol 500mg x10,Analgesics,Pharmacy,Strips,72.0,14.0,0,57,115,18,30.0,Shelys Pharmaceuticals,Nairobi ,2,60,0,1
12/12/2025,PRD002,Pembe Unga 1kg,Flour & Grains,Mini Supermarket,BAG,30.0,17.0,2,0,11,78,95.0,Unga Ltd Nairobi,NAIROBI,3,25,0,0
2025-03-15,PRD013,Malaria RDT Kit,Diagnostics,Pharmacy,PCS,65.0,34.0,0,3,34,120,200.0,Medipharm Ltd,Nairobi ,4,25,0,1
2024-01-21,PRD010,  Amoxicillin 250mg x6  ,Antibiotics,Pharmacy,Strips,58.0,3.0,1,0,54,55,90.0,Cosmos Pharmaceuticals,NAIROBI,3,40,0,1
2025-11-20,PRD006,Salit Sugar 1kg,Sugar & Spices,Mini Supermarket,Bag ,11.0,9.0,1,4,5,135,160.0,Mumias Sugar Distributor,KISUMU,5,30,0,0
16/03/2026,PRD008,Royco Mchuzi Mix 75g,Seasonings,Mini Supermarket,Pack,5.0,,1,0,1,42,55.0,Unilever Kenya,nairobi,3,35,0,0
2025-11-15,PRD007,Omo Washing Powder 1kg,Detergents,Mini Supermarket,pack,21.0,13.0,2,0,6,295,398.25,Bidco Africa Mombasa Rd,Nairob,3,12,0,1
2024-05-31,PRD020,Earphones Generic,Accessories,Electronics,PCS,110.0,23.0,3,0,74,150,300.0,,NAIROBI,2,12,0,0
2024-01-28,PRD014,  DAP Fertiliser 50kg  ,Fertilisers,Agrovet,bag,,7.0,0,0,8,3800,4500.0,MEA Fertilisers,Nairob,7,5,0,1
2024-03-30,PRD019,Infinix Charger 33W,Accessories,electronics,PCS,112.0,4.0,2,0,106,380,,Luthuli Ave Wholesale,NAIROBI,2,10,0,1
2025-11-27,PRD020,Earphones Generic,Accessories,Electronics,PCS,77.0,36.0,0,0,41,150,300.0,,NAIROBI,2,12,0,0
2024-09-03,PRD004,KCC Butter 250g,Dairy,Mini Supermarket,piece,,1.0,0,0,12,210,260.0,Brookside Dairy Ltd,kiambu,2,15,0,0
2026-03-31,PRD013,Malaria RDT Kit,Diagnostics,Pharmacy,PCS,27.0,5.0,2,0,20,120,200.0,Medipharm Ltd,Nairobi ,4,25,0,0
2025-03-19,PRD007,Omo Washing Powder 1kg,Detergents,Mini Supermarket,pack,18.0,11.0,0,60,67,295,398.25,Bidco Africa Mombasa Rd,Nairob,3,12,0,0
2026-01-03,PRD009,Paracetamol 500mg x10,Analgesics,Pharmacy,Strips,29.0,9.0,3,0,17,18,30.0,Shelys Pharmaceuticals,Nairobi ,2,60,0,1
2025-05-16,PRD005,Elianto Cooking Oil 1L,Oils & Fats,Mini Supermarket,btl,62.0,12.0,2,0,48,230,280.0,Kapa Oil Refineries,Nairobi,4,20,0,0
2024-10-11,PRD011,ORS Sachets x6,Rehydration,Pharmacy,Pack,76.0,23.0,0,0,53,35,60.0,Dawa Ltd,nairobi,2,50,0,0
2025-07-07,PRD004,  KCC Butter 250g  ,Dairy,Mini Supermarket,piece,,5.0,1,0,20,210,260.0,Brookside Dairy Ltd,kiambu,2,15,0,0
2025-07-12,PRD002,Pembe Unga 1kg,Flour & Grains,Mini Supermarket,bag,75.0,23.0,1,23,74,78,95.0,Unga Ltd Nairobi,NAIROBI,3,25,0,1
2026-04-02,PRD020,Earphones Generic,Accessories,Electronics,PCS,8.0,5.0,1,34,36,150,300.0,,NAIROBI,2,12,0,0
2025-04-03,PRD017,Newcastle Vaccine 100dos,Veterinary,Agrovett,VIAL,31.0,29.0,3,77,76,250,400.0,Interchemie Kenya,Nairob,4,10,0,0
"Feb 15, 2024",PRD019,Infinix Charger 33W,Accessories,Electronics,PCS,89.0,17.0,0,39,111,380,650.0,Luthuli Ave Wholesale,NAIROBI,2,10,0,0
2024-05-20,PRD020,Earphones Generic,Accessories,Electronics,PCS,75.0,,3,0,48,150,8956.398784968067,,NAIROBI,2,12,0,0
2025-09-29,PRD003,Brookside Milk 500ml,Dairy,Mini Supermarket,piece,78.0,36.0,1,0,41,55,70.0,Brookside Dairy Ltd,Kiambu ,2,40,0,0
2026-01-19,PRD016,Maize Seed 2kg,Seeds,Agrovet,pack,57.0,5.0,2,0,50,380,520.0,Kenya Seed Company,Nakurru,5,15,0,0
22-Nov-2024,PRD016,Maize Seed 2kg,Seeds,Agrovet,PACK,84.0,6.0,1,10,87,380,520.0,Kenya Seed Company,Nakurru,5,15,0,0
2024-07-20,PRD006,Salit Sugar 1kg,Sugar & Spices,Mini Supermarket,Bag ,40.0,39.0,1,18,18,135,160.0,Mumias Sugar Distributor,Kisumu,5,30,0,1
2024-09-14,PRD020,  Earphones Generic  ,ACCESSORIES,Electronics,PCS,71.0,11.0,3,59,116,150,300.0,,NAIROBI,2,12,0,1
2024-07-03,PRD008,Royco Mchuzi Mix 75g,Seasonings,Mini Supermarket,pck,31.0,31.0,0,0,0,42,55.0,Unilever Kenya,nairobi,3,35,0,0
2024-12-10,PRD017,Newcastle Vaccine 100dos,Veterinary,Agrovet,VIAL,59.0,31.0,3,14,39,250,400.0,Interchemie Kenya,Nairob,4,10,0,0
2025-09-23,PRD016,Maize Seed 2kg,Seeds,Agrovet,PACK,35.0,,2,0,1,380,520.0,Kenya Seed Company,Nakurru,5,15,0,0
2024-02-15,PRD005,Elianto Cooking Oil 1L,Oils & Fats,Mini Supermarket,btl,18.0,18.0,1,61,60,230,280.0,Kapa Oil Refineries,Nairobi,4,20,0,0
2025-02-20,PRD007,  Omo Washing Powder 1kg  ,Detergents,Mini Supermarket,Packs,10.0,9.0,1,0,0,295,398.25,Bidco Africa Mombasa Rd,Nairob,3,12,0,0
2025-10-18,PRD005,Elianto Cooking Oil 1L,Oils & Fats,Mini Supermarket,btl,11.0,7.0,3,0,1,230,280.0,Kapa Oil Refineries,,4,20,0,1
2025-02-03,PRD003,Brookside Milk 500ml,Dairy,Mini Supermarket,piece,110.0,,3,0,89,55,70.0,Brookside Dairy Ltd,Kiambu ,2,40,0,0
2025-12-06,PRD004,KCC Butter 250g,Dairy,Mini Supermarket,piece,66.0,10.0,0,70,126,210,260.0,Brookside Dairy Ltd,kiambu,2,15,0,1
2024-04-12,PRD005,Elianto Cooking Oil 1L,Oils & Fats,Mini Supermarket,btl,11.0,3.0,3,0,5,230,280.0,Kapa Oil Refineries,Nairobi,4,20,0,0
2024-04-11,PRD014,DAP Fertiliser 50kg,Fertilisers,Agrovet,bag,83.0,28.0,1,12,66,3800,4500.0,MEA Fertilisers,Nairob,7,5,0,0
2024-05-01,PRD004,KCC Butter 250g,Dairy,Mini Supermarket,piece,55.0,2.0,1,57,109,210,260.0,Brookside Dairy Ltd,kiambu,2,15,0,0
2024-02-03,PRD011,ORS Sachets x6,Rehydration,Pharmacy,Pack,75.0,34.0,3,0,38,35,60.0,Dawa Ltd,nairobi,2,50,0,1
2025-05-28,PRD007,Omo Washing Powder 1kg,Detergents,Mini Supermarket,PACK,22.0,12.0,3,0,7,295,398.25,Bidco Africa Mombasa Rd,Nairob,3,12,0,0
2025-10-22,PRD018,  Drenching Gun Dewormer  ,Veterinary,Agrovet,bottle,39.0,2.0,2,15,50,480,650.0,,nairobi,4,8,0,0
2025-08-27,PRD008,  Royco Mchuzi Mix 75g  ,Seasonings,Mini Supermarket,Pack,57.0,17.0,2,0,38,42,55.0,Unilever Kenya,nairobi,3,35,0,0
2026-03-11,PRD005,Elianto Cooking Oil 1L,Oils & Fats,Mini Supermarket,btl,86.0,27.0,2,0,57,230,280.0,Kapa Oil Refineries,Nairobi,4,20,0,0
2026-04-10,PRD006,Salit Sugar 1kg,Sugar & Spices,Mini Supermarket,Bags,66.0,18.0,0,29,77,135,160.0,Mumias Sugar Distributor,Kisumu,5,30,0,0
2024-03-14,PRD009,Paracetamol 500mg x10,Analgesics,Pharmacy,Strips,96.0,30.0,0,0,66,18,30.0,Shelys Pharmaceuticals,Nairobi ,2,60,0,0
2025-12-13,PRD004,KCC Butter 250g,Dairy,Mini Supermarket,piece,30.0,,0,0,0,210,260.0,Brookside Dairy Ltd,kiambu,2,15,0,1
2026-02-11,PRD001,Unga Jogoo 2kg,Flour & Grains,Mini Supermarket,bag,77.0,15.0,1,0,61,145,175.0,Unga Ltd Nairobi,Nairobi ,3,30,0,0
2025-05-07,PRD009,Paracetamol 500mg x10,Analgesics,Pharmacy,Strips,118.0,24.0,2,0,92,18,30.0,   ,Nairobi ,2,60,0,0
2024-04-30,PRD015,CAN Fertiliser 50kg,Fertilisers,Agrovet,BAG,90.0,6.0,0,0,84,3200,3900.0,MEA Fertilisers,NAIROBI,7,5,0,0
2025-11-06,PRD010,Amoxicillin 250mg x6,Antibiotics,Pharmacy,Strips,34.0,19.0,0,13,28,55,90.0,Cosmos Pharmaceuticals,NAIROBI,3,40,0,0
2024-05-04,PRD003,Brookside Milk 500ml,dairy,Mini Supermarket,piece,,0.0,1,0,19,55,70.0,Brookside Dairy Ltd,,2,40,0,1
2025-04-15,PRD009,Paracetamol 500mg x10,Analgesics,Pharmacy,Strips,51.0,28.0,1,59,81,18,,Shelys Pharmaceuticals,Nairobi ,2,60,0,0
2025-01-02,PRD004,KCC Butter 250g,Dairy,Mini Supermarket,pcs,69.0,33.0,2,0,34,210,260.0,Brookside Dairy Ltd,kiambu,2,15,0,0
2025-09-21,PRD011,ORS Sachets x6,Rehydration,Pharmacy,Pack,109.0,26.0,3,0,80,35,60.0,Dawa Ltd,nairobi,2,50,0,1
2024-11-07,PRD004,KCC Butter 250g,Dairy,Mini Supermarket,piece,85.0,34.0,2,0,49,210,260.0,Brookside Dairy Ltd,kiambu,2,15,0,0
2024-05-29,PRD004,KCC Butter 250g,Dairy,Mini Supermarket,piece,59.0,17.0,2,74,114,210,260.0,Brookside Dairy Ltd,kiambu,2,15,0,0
21-02-2026,PRD006,Salit Sugar 1kg,Sugar & Spices,Mini Supermarket,Bag ,32.0,17.0,0,2,29,135,160.0,Mumias Sugar Distributor,Kisumu,5,30,0,1
2026-02-02,PRD003,Brookside Milk 500ml,Dairy,Mini Supermarket,Pcs,62.0,4.0,0,0,75,55,70.0,Brookside Dairy Ltd,Kiambu ,2,40,0,0
2024-05-30,PRD012,Dettol Antiseptic 100ml,Antiseptics,Pharmacy,Bottle,28.0,16.0,0,0,12,145,5970.932523312044,Reckitt Kenya,NAIROBI,3,20,0,0
2024-10-15,PRD012,Dettol Antiseptic 100ml,Antiseptics,Pharmacy,Bottle,88.0,8.0,2,0,78,145,200.0,Reckitt Kenya,NAIROBI,3,20,0,0
2025-11-05,PRD003,Brookside Milk 500ml,dairy,Mini Supermarket,piece,110.0,2.0,2,0,106,55,70.0,Brookside Dairy Ltd,Kiambu ,2,40,0,0
2025-02-22,PRD007,Omo Washing Powder 1kg,Detergents,Mini Supermarket,pack,89.0,33.0,3,0,53,295,398.25,Bidco Africa Mombasa Rd,Nairob,3,12,0,1
"Jul 23, 2025",PRD011,ORS Sachets x6,Rehydration,Pharmacy,Pack,112.0,16.0,3,63,156,35,60.0,Dawa Ltd,nairobi,2,50,0,0
2025-12-25,PRD012,Dettol Antiseptic 100ml,Antiseptics,Pharmacy,Bottle,36.0,30.0,1,14,19,145,200.0,Reckitt Kenya,NAIROBI,3,20,0,0
2025-06-04,PRD005,Elianto Cooking Oil 1L,Oils & Fats,Mini Supermarket,btl,10.0,5.0,3,0,2,230,280.0,Kapa Oil Refineries,Nairobi,4,20,0,0
2025-12-17,PRD012,Dettol Antiseptic 100ml,Antiseptics,Pharmacy,Bottle,62.0,36.0,3,58,81,145,200.0,Reckitt Kenya,NAIROBI,3,20,0,0
2026-03-07,PRD001,Unga Jogoo 2kg,Flour & Grains,Mini Supermarket,bag,41.0,25.0,0,0,16,145,175.0,Unga Ltd Nairobi,Nairobi ,3,30,0,1
2026-01-28,PRD014,DAP Fertiliser 50kg,Fertilisers,Agrovett,Bag,7.0,5.0,3,0,0,3800,4500.0,MEA Fertilisers,Nairob,7,5,0,0
2025-03-31,PRD018,Drenching Gun Dewormer,Veterinary,Agrovet,Bottle,84.0,37.0,1,0,46,480,650.0,Interchemie Kenya,nairobi,4,8,0,0
2024-07-27,PRD019,Infinix Charger 33W,Accessories,Electronics,PCS,8.0,7.0,1,61,61,380,650.0,Luthuli Ave Wholesale,NAIROBI,2,10,0,1
2024-05-30,PRD016,Maize Seed 2kg,Seeds,Agrovet,PACK,42.0,13.0,3,0,26,380,520.0,Kenya Seed Company,Nakurru,5,15,0,0
2026-01-05,PRD020,Earphones Generic,Accessories,Electronics,PCS,31.0,3.0,0,0,28,150,300.0,,NAIROBI,2,12,0,0
2024-03-19,PRD004,KCC Butter 250g,Dairy,Mini Supermarket,piece,63.0,36.0,0,0,27,210,,Brookside Dairy Ltd,kiambu,2,15,0,0
2024-01-21,PRD004,KCC Butter 250g,Dairy,Mini Supermarket,piece,32.0,4.0,3,0,25,210,260.0,Brookside Dairy Ltd,kiambu,2,15,0,1
2026-02-13,PRD013,Malaria RDT Kit,Diagnostics,Pharmacy,PCS,34.0,20.0,1,0,13,120,200.0,Medipharm Ltd,Nairobi ,4,25,0,0
2026-02-19,PRD013,Malaria RDT Kit,Diagnostics,Pharmacy,pcs,30.0,13.0,0,59,76,120,200.0,Medipharm Ltd,Nairobi ,4,25,0,0
2024-09-19,PRD009,Paracetamol 500mg x10,Analgesics,Pharmacy,Strips,85.0,,2,0,64,18,30.0,Shelys Pharmaceuticals,Nairobi ,2,60,0,0
2024-11-19,PRD002,Pembe Unga 1kg,Flour & Grains,Mini Supermarket,BAG,92.0,9.0,2,74,155,78,95.0,Unga Ltd Nairobi,NAIROBI,3,25,0,0
2024-05-08,PRD017,Newcastle Vaccine 100dos,Veterinary,Agrovet,VIAL,115.0,40.0,0,0,75,250,11941.865046624089,Interchemie Kenya,nairob,4,10,0,0
2026-02-19,PRD015,CAN Fertiliser 50kg,Fertilisers,Agrovet,BAG,65.0,,3,0,58,3200,3900.0,MEA Fertilisers,NAIROBI,7,5,0,0
2024-06-07,PRD004,KCC Butter 250g,Dairy,Mini Supermarket,piece,51.0,,0,0,14,210,260.0,Brookside Dairy Ltd,kiambu,2,15,0,0
2025-06-18,PRD012,Dettol Antiseptic 100ml,Antiseptics,Pharmacy,Bottle,108.0,0.0,0,0,108,145,200.0,,NAIROBI,3,20,0,0
2024-11-02,PRD004,KCC Butter 250g,Dairy,Mini Supermarket,PCS,22.0,22.0,2,38,36,210,260.0,Brookside Dairy Ltd,Kiambu,2,15,0,1
2025-07-09,PRD012,Dettol Antiseptic 100ml,Antiseptics,Pharmacy,btl,7.0,6.0,2,0,0,145,200.0,Reckitt Kenya,NAIROBI,3,20,0,0
2024-06-27,PRD007,Omo Washing Powder 1kg,Detergents,Mini Supermarket,pack,114.0,4.0,1,14,123,295,398.25,Bidco Africa Mombasa Rd,Nairob,3,12,0,0
2025-05-01,PRD015,  CAN Fertiliser 50kg  ,Fertilisers,Agrovet,BAG,59.0,37.0,1,0,21,3200,3900.0,MEA Fertilisers,,7,5,0,0
2025-11-19,PRD009,Paracetamol 500mg x10,Analgesics,Pharmacy,Strips,118.0,6.0,0,0,112,18,30.0,,,2,60,0,0
2024-08-28,PRD015,CAN Fertiliser 50kg,Fertilisers,Agrovet,BAG,81.0,5.0,1,60,135,3200,3900.0,MEA Fertilisers,NAIROBI,7,5,0,0
2026-03-22,PRD015,CAN Fertiliser 50kg,Fertilisers,Agrovet,BAG,14.0,13.0,2,0,-11,3200,3900.0,MEA Fertilisers,NAIROBI,7,5,0,1
2024-01-10,PRD001,Unga Jogoo 2kg,Flour & Grains,Mini Supermarket,bag,91.0,15.0,3,72,145,145,5224.565957898039,Unga Ltd Nairobi,Nairobi ,3,30,0,0
2024-03-13,PRD014,DAP Fertiliser 50kg,Fertilisers,Agrovet,bag,42.0,2.0,2,0,38,3800,4500.0,MEA Fertilisers,Nairob,7,5,0,0
2025-06-16,PRD003,Brookside Milk 500ml,Dairy,Mini Supermarket,pcs,16.0,7.0,3,0,6,55,70.0,Brookside Dairy Ltd,Kiambu ,2,40,0,0
2024-05-07,PRD002,Pembe Unga 1kg,Flour & Grains,Mini Supermarket,Bag,,11.0,2,0,63,78,,Unga Ltd Nairobi,NAIROBI,3,25,0,0
2025-07-08,PRD008,Royco Mchuzi Mix 75g,Seasonings,Mini Supermarket,Pack,83.0,24.0,3,0,56,42,1642.0064439108123,Unilever Kenya,nairobi,3,35,0,0
2026-04-02,PRD017,Newcastle Vaccine 100dos,Veterinary,Agrovet,VIAL,80.0,27.0,1,68,120,250,11941.865046624089,Interchemie Kenya,Nairob,4,10,0,0
2025-07-13,PRD010,Amoxicillin 250mg x6,Antibiotics,Pharmacy,Strips,41.0,29.0,3,0,9,55,90.0,Cosmos Pharmaceuticals,NAIROBI,3,40,0,1
2026-04-15,PRD020,Earphones Generic,Accessories,Electronics,PCS,39.0,11.0,0,0,28,150,300.0,,NAIROBI,2,12,0,0
2025-06-06,PRD009,Paracetamol 500mg x10,analgesics,Pharmacy,Strips,44.0,40.0,1,0,3,18,30.0,Shelys Pharmaceuticals,Nairobi ,2,60,0,0
03/12/2024,PRD016,Maize Seed 2kg,Seeds,Agrovet,PACK,96.0,34.0,1,0,61,380,520.0,Kenya Seed Company,Nakurru,5,15,0,0
2025-05-22,PRD015,CAN Fertiliser 50kg,Fertilisers,Agrovet,BAG,13.0,13.0,1,0,0,3200,3900.0,MEA Fertilisers,Nairobi,7,5,0,0
2025-12-21,PRD002,Pembe Unga 1kg,Flour & Grains,Mini Supermarket,BAG,85.0,5.0,3,0,77,78,95.0,Unga Ltd Nairobi,NAIROBI,3,25,0,1
2024-09-05,PRD015,CAN Fertiliser 50kg,Fertilisers,Agrovet,BAG,119.0,30.0,2,62,149,3200,3900.0,MEA Fertilisers,NAIROBI,7,5,0,0
2025-01-12,PRD015,CAN Fertiliser 50kg,Fertilisers,Agrovet,BAG,71.0,38.0,2,0,31,3200,3900.0,MEA Fertilisers,NAIROBI,7,5,0,1
2024-06-26,PRD019,Infinix Charger 33W,Accessories,Electronics,PCS,103.0,27.0,2,0,74,380,650.0,,NAIROBI,2,10,0,0
2024-06-28,PRD013,Malaria RDT Kit,Diagnostics,Pharmacy,PCS,39.0,8.0,3,0,28,120,200.0,Medipharm Ltd,Nairobi ,4,25,0,0
2024-02-09,PRD012,Dettol Antiseptic 100ml,Antiseptics,Pharmacy,Bottle,83.0,14.0,0,0,69,145,200.0,Reckitt Kenya,NAIROBI,3,20,0,0
2025-02-07,PRD017,Newcastle Vaccine 100dos,Veterinary,Agrovet,VIAL,61.0,2.0,2,0,57,250,400.0,,Nairob,4,10,0,0
2026-02-15,PRD014,DAP Fertiliser 50kg,FERTILISERS,Agrovet,bag,34.0,13.0,3,0,18,3800,4500.0,MEA Fertilisers,NAIROB,7,5,0,1
2024-06-18,PRD006,Salit Sugar 1kg,Sugar & Spices,Mini Supermarket,Bag ,66.0,34.0,0,0,32,135,160.0,Mumias Sugar Distributor,Kisumu,5,30,0,0
2025-12-25,PRD009,Paracetamol 500mg x10,Analgesics,Pharmacy,Strips,12.0,8.0,2,0,2,18,30.0,Shelys Pharmaceuticals,Nairobi ,2,60,0,0
2025-06-08,PRD019,Infinix Charger 33W,Accessories,Electronics,pcs,118.0,12.0,2,48,152,380,650.0,Luthuli Ave Wholesale,NAIROBI,2,10,0,1
2024-03-26,PRD019,Infinix Charger 33W,Accessories,Electronics,PCS,109.0,3.0,0,0,106,380,650.0,Luthuli Ave Wholesale,NAIROBI,2,10,0,0
2024-10-09,PRD015,CAN Fertiliser 50kg,Fertilisers,Agrovet,BAG,71.0,15.0,0,0,56,3200,116433.18420458488,MEA Fertilisers,NAIROBI,7,5,0,0
2024-11-17,PRD013,  Malaria RDT Kit  ,Diagnostics,Pharmacy,PCS,53.0,29.0,2,0,22,120,200.0,Medipharm Ltd,Nairobi ,4,25,0,1
2025-03-23,PRD007,Omo Washing Powder 1kg,Detergents,Mini Supermarket,pack,90.0,37.0,0,77,130,295,398.25,Bidco Africa Mombasa Rd,Nairob,3,12,0,1
2025-05-11,PRD018,Drenching Gun Dewormer,Veterinary,Agrovet,Bottle,113.0,21.0,1,45,136,480,650.0,Interchemie Kenya,nairobi,4,8,0,1
2024-02-09,PRD005,Elianto Cooking Oil 1L,Oils & Fats,Mini Supermarket,btl,98.0,9.0,3,0,86,230,280.0,Kapa Oil Refineries,nairobi,4,20,0,0
2026-02-06,PRD014,DAP Fertiliser 50kg,Fertilisers,agrovet,bag,85.0,27.0,2,0,56,3800,4500.0,MEA Fertilisers,Nairob,7,5,0,0
2024-04-04,PRD009,Paracetamol 500mg x10,Analgesics,Pharmacy,Strips,,25.0,1,55,47,18,30.0,Shelys Pharmaceuticals,Nairobi ,2,60,0,0
2024-10-14,PRD015,CAN Fertiliser 50kg,Fertilisers,Agrovet,BAG,57.0,20.0,2,0,35,3200,3900.0,MEA Fertilisers,NAIROBI,7,5,0,0
2025-04-14,PRD003,  Brookside Milk 500ml  ,Dairy,Mini Supermarket,piece,106.0,24.0,2,0,80,55,70.0,Brookside Dairy Ltd,Kiambu ,2,40,0,0
2025-10-31,PRD013,Malaria RDT Kit,Diagnostics,pharmacy,PCS,117.0,24.0,1,0,92,120,,   ,Nairobi ,4,25,0,0
2024-11-15,PRD018,Drenching Gun Dewormer,Veterinary,Agrovet,Bottle,11.0,10.0,1,0,0,480,650.0,Interchemie Kenya,nairobi,4,8,0,0
2025-07-08,PRD019,Infinix Charger 33W,Accessories,Electronics,piece,94.0,24.0,1,0,69,380,650.0,Luthuli Ave Wholesale,NAIROBI,2,10,0,0
2025-10-31,PRD004,KCC Butter 250g,Dairy,Mini Supermarket,piece,36.0,23.0,2,0,11,210,,Brookside Dairy Ltd,kiambu,2,15,0,0
2024-09-02,PRD008,Royco Mchuzi Mix 75g,Seasonings,Mini Supermarket,Pack,44.0,8.0,1,10,45,42,1642.0064439108123,Unilever Kenya,,3,35,0,0
2024-06-05,PRD019,Infinix Charger 33W,Accessories,Electronics,PCS,6.0,5.0,1,0,0,380,650.0,Luthuli Ave Wholesale,NAIROBI,2,10,0,0
2024-04-02,PRD004,KCC Butter 250g,Dairy,Mini Supermarket,piece,13.0,13.0,3,0,0,210,,Brookside Dairy Ltd,kiambu,2,15,0,0
2024-08-05,PRD020,Earphones Generic,Accessories,Electronics,PCS,23.0,23.0,2,0,0,150,8956.398784968067,,NAIROBI,2,12,0,0
2025-12-20,PRD004,KCC Butter 250g,Dairy,Mini Supermarket,piece,102.0,,2,0,60,210,260.0,   ,kiambu,2,15,0,1
2025-05-17,PRD017,Newcastle Vaccine 100dos,Veterinary,Agrovet,VIAL,10.0,3.0,0,0,7,250,400.0,Interchemie Kenya,Nairob,4,10,0,1
2024-11-18,PRD005,Elianto Cooking Oil 1L,Oils & Fats,Mini Supermarket,btl,52.0,3.0,3,0,46,230,280.0,Kapa Oil Refineries,Nairobi,4,20,0,0
2024-02-02,PRD017,Newcastle Vaccine 100dos,Veterinary,Agrovet,VIAL,96.0,18.0,2,0,76,250,400.0,Interchemie Kenya,,4,10,0,0
2025-08-10,PRD015,CAN Fertiliser 50kg,Fertilisers,Agrovet,BAG,75.0,26.0,2,24,71,3200,3900.0,MEA Fertilisers,NAIROBI,7,5,0,1
2025-07-02,PRD012,Dettol Antiseptic 100ml,Antiseptics,Pharmacy,BOTTLE,76.0,5.0,1,0,70,145,200.0,Reckitt Kenya,NAIROBI,3,20,0,0
01/25/2024,PRD003,Brookside Milk 500ml,Dairy,Mini Supermarket,piece,36.0,29.0,3,0,4,55,70.0,Brookside Dairy Ltd,Kiambu ,2,40,0,0
2024-08-30,PRD005,Elianto Cooking Oil 1L,Oils & Fats,Mini Sup.,BOTTLE,,1.0,2,7,82,230,280.0,Kapa Oil Refineries,Nairobi,4,20,0,0
2025-01-12,PRD011,ORS Sachets x6,rehydration,Pharmacy,Pack,17.0,4.0,0,0,13,35,60.0,Dawa Ltd,nairobi,2,50,0,1
2024-06-26,PRD002,  Pembe Unga 1kg  ,Flour & Grains,Mini Sup.,BAG,49.0,18.0,3,0,28,78,95.0,Unga Ltd Nairobi,NAIROBI,3,25,0,0
2025-06-13,PRD014,  DAP Fertiliser 50kg  ,fertilisers,Agrovet,bag,8.0,0.0,1,0,7,3800,4500.0,MEA Fertilisers,,7,5,0,0
2024-10-28,PRD019,Infinix Charger 33W,Accessories,Electronics,PCS,97.0,-11.0,2,0,84,380,650.0,Luthuli Ave Wholesale,NAIROBI,2,10,0,0
2025-05-08,PRD012,Dettol Antiseptic 100ml,Antiseptics,Pharmacy,Bottle,68.0,37.0,3,21,49,145,200.0,   ,NAIROBI,3,20,0,0
2025-01-11,PRD008,Royco Mchuzi Mix 75g,seasonings,Mini Supermarket,Pack,20.0,11.0,3,0,26,42,55.0,Unilever Kenya,nairobi,3,35,0,1
2024-09-06,PRD014,DAP Fertiliser 50kg,Fertilisers,Agrovet,bag,97.0,31.0,2,0,64,3800,4500.0,MEA Fertilisers,Nairob,7,5,0,0
2025-05-24,PRD003,Brookside Milk 500ml,Dairy,Mini Supermarkt,piece,49.0,40.0,3,0,6,55,70.0,Brookside Dairy Ltd,Kiambu ,2,40,0,1
2024-04-01,PRD009,Paracetamol 500mg x10,Analgesics,Pharmacy,Strips,30.0,14.0,0,0,16,18,,Shelys Pharmaceuticals,Nairobi ,2,60,0,0
2025-04-29,PRD012,Dettol Antiseptic 100ml,Antiseptics,Pharmacy,Bottle,52.0,10.0,0,0,42,145,200.0,Reckitt Kenya,NAIROBI,3,20,0,0
2024-09-10,PRD014,DAP Fertiliser 50kg,Fertilisers,Agrovet,bag,19.0,10.0,1,41,49,3800,4500.0,MEA Fertilisers,Nairob,7,5,0,0
2026-01-15,PRD011,ORS Sachets x6,Rehydration,Pharamcy,Pack,74.0,26.0,3,0,45,35,60.0,Dawa Ltd,nairobi,2,50,0,0
2025-05-24,PRD011,ORS Sachets x6,Rehydration,Pharmacy,pck,60.0,19.0,1,52,92,35,60.0,Dawa Ltd,nairobi,2,50,0,1
2024-08-27,PRD010,Amoxicillin 250mg x6,Antibiotics,Pharmacy,Strips,46.0,3.0,1,0,42,55,90.0,Cosmos Pharmaceuticals,NAIROBI,3,40,0,0
2024-08-21,PRD006,Salit Sugar 1kg,Sugar & Spices,Mini Supermarket,Bag ,15.0,0.0,3,0,12,135,4776.7460186496355,Mumias Sugar Distributor,Kisumu,5,30,0,0
2026-01-01,PRD010,Amoxicillin 250mg x6,ANTIBIOTICS,Pharmcy,Strips,95.0,26.0,2,0,67,55,90.0,Cosmos Pharmaceuticals,NAIROBI,3,40,0,0
2025-11-02,PRD008,Royco Mchuzi Mix 75g,Seasonings,Mini Supermarket,Pack,6.0,0.0,3,0,3,42,55.0,Unilever Kenya,NAIROBI,3,35,0,1
2024-02-05,PRD020,Earphones Generic,Accessories,Electronics,PCS,116.0,34.0,0,0,82,150,300.0,,NAIROBI,2,12,0,0
2026-02-09,PRD003,Brookside Milk 500ml,Dairy,Mini Supermarket,piece,10.0,9.0,0,0,1,55,70.0,Brookside Dairy Ltd,Kiambu ,2,40,0,0
24-01-2025,PRD002,Pembe Unga 1kg,Flour & Grains,Mini Supermarket,BAG,75.0,,2,0,68,78,,Unga Ltd Nairobi,NAIROBI,3,25,0,0
2025-12-31,PRD004,KCC Butter 250g,Dairy,Mini Sup.,piece,44.0,16.0,0,0,28,210,260.0,,kiambu,2,15,0,0
2025-01-04,PRD004,KCC Butter 250g,dairy,Mini Supermarket,piece,64.0,5.0,2,0,57,210,260.0,Brookside Dairy Ltd,kiambu,2,15,0,1
2024-09-26,PRD014,DAP Fertiliser 50kg,Fertilisers,Agrovet,bag,27.0,7.0,3,26,43,3800,4500.0,MEA Fertilisers,Nairob,7,5,0,0
2024-07-30,PRD002,Pembe Unga 1kg,Flour & Grains,Mini Supermarket,BAG,44.0,21.0,1,0,11,78,95.0,Unga Ltd Nairobi,NAIROBI,3,25,0,0
2025-05-26,PRD007,Omo Washing Powder 1kg,Detergents,Mini Supermarket,pack,52.0,19.0,1,0,32,295,398.25,Bidco Africa Mombasa Rd,Nairob,3,12,0,0
2024-12-26,PRD015,CAN Fertiliser 50kg,Fertilisers,Agrovet,BAG,47.0,38.0,1,0,8,3200,3900.0,MEA Fertilisers,NAIROBI,7,5,0,0
2025-07-04,PRD018,Drenching Gun Dewormer,Veterinary,Agrovet,Bottle,96.0,17.0,3,0,76,480,650.0,Interchemie Kenya,nairobi,4,8,0,0
2026-01-13,PRD001,Unga Jogoo 2kg,Flour & Grains,Mini Supermarket,Bags,103.0,26.0,1,75,151,145,175.0,,Nairobi ,3,30,0,0
2024-10-07,PRD012,Dettol Antiseptic 100ml,Antiseptics,Pharmacy,btl,96.0,33.0,2,0,61,145,200.0,Reckitt Kenya,NAIROBI,3,20,0,0
2025-07-19,PRD006,Salit Sugar 1kg,Sugar & Spices,Mini Supermarket,bag,89.0,4.0,2,0,83,135,160.0,Mumias Sugar Distributor,Kisumu,5,30,0,1
2024-11-05,PRD011,ORS Sachets x6,Rehydration,Pharmacy,Pack,53.0,13.0,3,49,86,35,60.0,Dawa Ltd,nairobi,2,50,0,0
2025-07-18,PRD008,Royco Mchuzi Mix 75g,Seasonings,Mini Supermarket,Pack,113.0,14.0,1,0,98,42,55.0,Unilever Kenya,nairobi,3,35,0,0
2025-10-31,PRD005,Elianto Cooking Oil 1L,Oils & Fats,Mini Supermarket,btl,67.0,-28.0,2,0,37,230,280.0,Kapa Oil Refineries,Nairobi,4,20,0,0
2025-10-12,PRD002,Pembe Unga 1kg,Flour & Grains,Mini Supermarket,BAG,76.0,3.0,0,0,73,78,95.0,Unga Ltd Nairobi,NAIROBI,3,25,0,1
2026-03-16,PRD006,  Salit Sugar 1kg  ,Sugar & Spices,Mini Supermarket,Bag,19.0,19.0,3,0,0,135,160.0,Mumias Sugar Distributor,Kisumu,5,30,0,0
2025-08-20,PRD009,Paracetamol 500mg x10,Analgesics,Pharmacy,Strips,71.0,4.0,1,36,102,18,30.0,Shelys Pharmaceuticals,Nairobi ,2,60,0,0
2024-04-13,PRD003,  Brookside Milk 500ml  ,Dairy,Mini Supermarket,piece,68.0,40.0,0,0,28,55,70.0,Brookside Dairy Ltd,Kiambu ,2,40,0,1
2026-02-24,PRD004,KCC Butter 250g,Dairy,Mini Supermarket,piece,89.0,,0,0,54,210,260.0,Brookside Dairy Ltd,kiambu,2,15,0,0
2025-02-08,PRD019,Infinix Charger 33W,Accessories,Electronics,PCS,103.0,15.0,0,0,88,380,650.0,Luthuli Ave Wholesale,NAIROBI,2,10,0,1
2024-07-02,PRD013,Malaria RDT Kit,Diagnostics,Pharmacy,PCS,40.0,38.0,1,19,20,120,200.0,Medipharm Ltd,Nairobi ,4,25,0,0
2024-07-31,PRD002,  Pembe Unga 1kg  ,Flour & Grains,Mini Supermarket,BAG,41.0,,1,0,18,78,95.0,Unga Ltd Nairobi,,3,25,0,0
10/17/2024,PRD002,Pembe Unga 1kg,Flour & Grains,Mini Supermarket,BAG,-83.0,32.0,2,0,49,78,95.0,Unga Ltd Nairobi,NAIROBI,3,25,0,0
2025-09-25,PRD009,Paracetamol 500mg x10,Analgesics,Pharmacy,Strips,52.0,40.0,1,0,11,18,30.0,,Nairobi ,2,60,0,0
2025-01-18,PRD012,Dettol Antiseptic 100ml,Antiseptics,Pharmacy,Bottle,52.0,9.0,2,40,81,145,,Reckitt Kenya,NAIROBI,3,20,0,1
2024-01-03,PRD019,Infinix Charger 33W,Accessories,ELECTRONICS,PCS,39.0,35.0,1,0,3,380,650.0,Luthuli Ave Wholesale,NAIROBI,2,10,0,0
2025-01-24,PRD003,Brookside Milk 500ml,Dairy,Mini Supermarket,Pcs,100.0,7.0,1,58,150,55,70.0,Brookside Dairy Ltd,Kiambu ,2,40,0,0
2026-03-13,PRD003,Brookside Milk 500ml,Dairy,Mini Supermarket,Pcs,109.0,23.0,2,35,126,55,,Brookside Dairy Ltd,Kiambu ,2,40,0,0
2024-12-07,PRD011,ORS Sachets x6,Rehydration,Pharmacy,Pack,92.0,35.0,3,11,65,35,60.0,Dawa Ltd,nairobi,2,50,0,1
2025-07-10,PRD018,Drenching Gun Dewormer,Veterinary,Agrovet,Bottle,113.0,2.0,3,0,108,480,650.0,Interchemie Kenya,nairobi,4,8,0,0
2024-08-16,PRD002,Pembe Unga 1kg,Flour & Grains,Mini Supermarket,BAG,108.0,30.0,1,34,111,78,95.0,Unga Ltd Nairobi,NAIROBI,3,25,0,0
2024-09-15,PRD014,DAP Fertiliser 50kg,Fertilisers,Agrovet,bag,57.0,20.0,0,0,37,3800,4500.0,MEA Fertilisers,Nairob,7,5,0,1
2024-12-30,PRD010,Amoxicillin 250mg x6,Antibiotics,Pharmacy,Strips,69.0,,1,0,46,55,90.0,Cosmos Pharmaceuticals,Nairobi,3,40,0,0
2024-04-07,PRD001,Unga Jogoo 2kg,FLOUR & GRAINS,Mini Supermarket,bag,42.0,36.0,2,0,4,145,175.0,Unga Ltd Nairobi,Nairobi ,3,30,0,1
2024-08-28,PRD006,Salit Sugar 1kg,Sugar & Spices,Mini Supermarket,BAG,41.0,22.0,2,0,17,135,160.0,Mumias Sugar Distributor,Kisumu,5,30,0,0
2024-09-24,PRD017,Newcastle Vaccine 100dos,Veterinary,Agrovet,VIAL,21.0,15.0,2,0,4,250,400.0,Interchemie Kenya,Nairob,4,10,0,0
2025-08-20,PRD020,Earphones Generic,Accessories,Electronics,PCS,38.0,10.0,0,0,28,150,300.0,,NAIROBI,2,12,0,0
2025-11-30,PRD018,Drenching Gun Dewormer,Veterinary,Agrovet,Bottle,68.0,13.0,3,0,52,480,650.0,Interchemie Kenya,nairobi,4,8,0,1
2025-03-14,PRD009,Paracetamol 500mg x10,analgesics,Pharmacy,Strips,40.0,40.0,0,0,0,18,30.0,Shelys Pharmaceuticals,Nairobi ,2,60,0,0
2025-04-04,PRD005,Elianto Cooking Oil 1L,Oils & Fats,Mini Supermarket,btl,118.0,34.0,0,0,84,230,280.0,Kapa Oil Refineries,Nairobi,4,20,0,0
2024-04-03,PRD002,Pembe Unga 1kg,Flour & Grains,Mini Supermarket,BAG,55.0,29.0,1,0,25,78,95.0,Unga Ltd Nairobi,NAIROBI,3,25,0,0
2025-12-19,PRD011,ORS Sachets x6,Rehydration,PHARMACY,Pack,64.0,28.0,1,0,35,35,60.0,Dawa Ltd,nairobi,2,50,0,0
2025-03-15,PRD016,Maize Seed 2kg,SEEDS,AGROVET,PACK,115.0,30.0,3,0,67,380,520.0,Kenya Seed Company,Nakurru,5,15,0,1
2026-02-04,PRD013,Malaria RDT Kit,Diagnostics,Pharmacy,PCS,58.0,5.0,0,0,59,120,200.0,Medipharm Ltd,Nairobi ,4,25,0,0
2024-05-08,PRD009,Paracetamol 500mg x10,Analgesics,Pharmacy,Strips,118.0,21.0,2,0,95,18,30.0,   ,Nairobi ,2,60,0,0
2025-01-23,PRD004,KCC Butter 250g,Dairy,Mini Supermarket,piece,64.0,24.0,1,0,39,210,,Brookside Dairy Ltd,kiambu,2,15,0,0
2024-11-21,PRD017,Newcastle Vaccine 100dos,Veterinary,Agrovet,VIAL,26.0,5.0,2,17,36,250,400.0,Interchemie Kenya,Nairob,4,10,0,0
2026-01-02,PRD019,Infinix Charger 33W,Accessories,Electronics,Pcs,110.0,1.0,1,0,108,380,650.0,Luthuli Ave Wholesale,NAIROBI,2,10,0,0
2024-03-10,PRD010,Amoxicillin 250mg x6,Antibiotics,Pharmacy,Strips,97.0,40.0,0,0,57,55,90.0,Cosmos Pharmaceuticals,NAIROBI,3,40,0,1
2025-12-29,PRD003,Brookside Milk 500ml,Dairy,Mini Supermarket,piece,44.0,34.0,3,0,7,55,70.0,Brookside Dairy Ltd,Kiambu ,2,40,0,0
2024-04-26,PRD020,Earphones Generic,Accessories,Electronics,Pcs,49.0,16.0,0,0,33,150,300.0,,NAIROBI,2,12,0,0
2026-01-09,PRD016,Maize Seed 2kg,Seeds,Agrovet,PACK,27.0,19.0,2,0,6,380,520.0,Kenya Seed Company,Nakurru,5,15,0,0
2025-07-12,PRD010,Amoxicillin 250mg x6,Antibiotics,Pharmacy,Strips,-36.0,,2,0,34,55,90.0,Cosmos Pharmaceuticals,NAIROBI,3,40,0,1
2025-08-13,PRD002,Pembe Unga 1kg,Flour & Grains,Mini Supermarket,BAG,98.0,11.0,1,0,86,78,95.0,Unga Ltd Nairobi,NAIROBI,3,25,0,0
2024-12-14,PRD007,Omo Washing Powder 1kg,Detergents,Mini Sup.,pack,83.0,12.0,0,0,71,295,398.25,Bidco Africa Mombasa Rd,Nairob,3,12,0,1
2026-03-08,PRD013,Malaria RDT Kit,diagnostics,Pharmacy,PCS,100.0,11.0,1,0,88,120,200.0,Medipharm Ltd,nairobi ,4,25,0,1
2025-03-11,PRD016,Maize Seed 2kg,Seeds,Agrovet,PACK,42.0,7.0,3,0,32,380,520.0,Kenya Seed Company,,5,15,0,0
2025-06-27,PRD009,Paracetamol 500mg x10,Analgesics,Pharmacy,Strips,38.0,22.0,3,0,13,18,30.0,   ,Nairobi ,2,60,0,0
2024-04-18,PRD007,Omo Washing Powder 1kg,Detergents,Mini Supermarket,pack,69.0,,3,72,130,295,398.25,Bidco Africa Mombasa Rd,Nairob,3,12,0,0
2026-04-20,PRD012,Dettol Antiseptic 100ml,Antiseptics,Pharamcy,Bottle,65.0,12.0,1,0,52,145,200.0,Reckitt Kenya,NAIROBI,3,20,0,0
25-11-2025,PRD008,Royco Mchuzi Mix 75g,Seasonings,Mini Supermarket,Pack,90.0,4.0,0,50,136,42,55.0,Unilever Kenya,nairobi,3,35,0,0
2025-09-06,PRD007,Omo Washing Powder 1kg,Detergents,Mini Supermarket,pack,41.0,0.0,2,0,39,295,398.25,Bidco Africa Mombasa Rd,Nairob,3,12,0,1
2024-11-25,PRD006,Salit Sugar 1kg,Sugar & Spices,Mini Supermarket,Bag ,117.0,36.0,0,11,92,135,160.0,Mumias Sugar Distributor,Kisumu,5,30,0,0
2025-10-25,PRD001,Unga Jogoo 2kg,Flour & Grains,Mini Supermarket,bag,81.0,,1,0,22,145,175.0,Unga Ltd Nairobi,Nairobi ,3,30,0,1
2024-10-24,PRD009,Paracetamol 500mg x10,Analgesics,Pharmacy,Strips,34.0,0.0,3,0,31,18,30.0,Shelys Pharmaceuticals,Nairobi ,2,60,0,0
2024-12-18,PRD018,Drenching Gun Dewormer,Veterinary,Agrovet,Bottle,94.0,8.0,2,72,156,480,650.0,Interchemie Kenya,nairobi,4,8,0,0
2024-04-08,PRD006,Salit Sugar 1kg,Sugar & Spices,Mini Supermarket,Bag ,111.0,,3,0,93,135,160.0,Mumias Sugar Distributor,Kisumu,5,30,0,0
2025-01-11,PRD011,ORS Sachets x6,Rehydration,Pharmacy,Pack,86.0,28.0,0,0,58,35,1791.2797569936133,Dawa Ltd,Nairobi,2,50,0,1
2025-08-01,PRD006,Salit Sugar 1kg,Sugar & Spices,Mini Supermarket,Bag ,38.0,,2,0,15,135,160.0,Mumias Sugar Distributor,Kisumu,5,30,0,0
2025-01-26,PRD018,Drenching Gun Dewormer,Veterinary,Agrovet,Bottle,-69.0,39.0,3,0,27,480,650.0,,nairobi,4,8,0,1
2026-01-28,PRD001,  Unga Jogoo 2kg  ,Flour & Grains,Mini Supermarket,bag,102.0,25.0,0,0,77,145,175.0,Unga Ltd Nairobi,Nairobi ,3,30,0,0
2024-04-06,PRD013,Malaria RDT Kit,Diagnostics,Pharmacy,PCS,67.0,8.0,1,0,58,120,200.0,Medipharm Ltd,Nairobi ,4,25,0,1
2024-01-26,PRD020,Earphones Generic,Accessories,Electronics,PCS,43.0,0.0,1,0,42,150,300.0,,NAIROBI,2,12,0,0
2024-08-21,PRD010,Amoxicillin 250mg x6,Antibiotics,PHARMACY,Strips,66.0,6.0,3,0,57,55,90.0,Cosmos Pharmaceuticals,NAIROBI,3,40,0,0
"Oct 02, 2024",PRD008,Royco Mchuzi Mix 75g,Seasonings,Mini Supermarkt,pack,75.0,4.0,2,0,69,42,55.0,Unilever Kenya,nairobi,3,35,0,0
06/07/2025,PRD013,Malaria RDT Kit,diagnostics,Pharmacy,PCS,93.0,14.0,2,0,77,120,,Medipharm Ltd,Nairobi ,4,25,0,1
2024-10-18,PRD011,ORS Sachets x6,Rehydration,Pharmacy,Pack,112.0,0.0,0,0,112,35,60.0,,nairobi,2,50,0,0
2024-02-11,PRD018,Drenching Gun Dewormer,Veterinary,Agrovet,BOTTLE,115.0,,1,30,143,480,650.0,Interchemie Kenya,,4,8,0,1
16-01-2025,PRD008,Royco Mchuzi Mix 75g,seasonings,Mini Supermarket,Pack,97.0,31.0,3,0,63,42,55.0,Unilever Kenya,nairobi,3,35,0,0
2026-04-14,PRD010,Amoxicillin 250mg x6,Antibiotics,Pharmacy,Strips,102.0,,1,0,101,55,90.0,Cosmos Pharmaceuticals,NAIROBI,3,40,0,0
2026-03-31,PRD002,Pembe Unga 1kg,Flour & Grains,Mini Supermarket,BAG,104.0,19.0,1,0,84,78,95.0,Unga Ltd Nairobi,NAIROBI,3,25,0,0
2024-06-13,PRD005,Elianto Cooking Oil 1L,Oils & Fats,Mini Supermarket,btl,76.0,30.0,2,0,44,230,280.0,Kapa Oil Refineries,Nairobi,4,20,0,0
2024-03-17,PRD005,Elianto Cooking Oil 1L,Oils & Fats,Mini Supermarket,btl,22.0,15.0,2,0,5,230,280.0,Kapa Oil Refineries,Nairobi,4,20,1,1
2024-10-17,PRD015,CAN Fertiliser 50kg,Fertilisers,Agrovet,BAG,5.0,4.0,3,1,0,3200,3900.0,MEA Fertilisers,NAIROBI,7,5,0,0
2025-07-17,PRD018,Drenching Gun Dewormer,Veterinary,AGROVET,Btl,114.0,2.0,2,0,110,480,,Interchemie Kenya,nairobi,4,8,0,0
2024-01-06,PRD016,Maize Seed 2kg,Seeds,Agrovet,pack,82.0,27.0,1,0,54,380,,Kenya Seed Company,Nakurru,5,15,0,1
"Feb 16, 2024",PRD014,DAP Fertiliser 50kg,Fertilisers,Agrovet,bag,19.0,11.0,3,75,80,3800,4500.0,MEA Fertilisers,Nairob,7,5,0,0
2025-07-30,PRD014,DAP Fertiliser 50kg,Fertilisers,Agrovet,bag,81.0,33.0,0,0,48,3800,4500.0,MEA Fertilisers,Nairob,7,5,0,0
2025-09-27,PRD011,ORS Sachets x6,Rehydration,Pharmacy,Pack,95.0,34.0,0,0,61,35,60.0,Dawa Ltd,nairobi,2,50,0,1
2025-05-01,PRD016,Maize Seed 2kg,Seeds,Agrovet,Packs,72.0,6.0,3,56,139,380,520.0,Kenya Seed Company,Nakurru,5,15,0,0
2025-03-13,PRD019,Infinix Charger 33W,Accessories,Electronics,PCS,116.0,0.0,2,6,120,380,650.0,Luthuli Ave Wholesale,,2,10,0,0
2024-04-25,PRD010,Amoxicillin 250mg x6,Antibiotics,Pharmacy,Strips,109.0,11.0,3,0,95,55,90.0,Cosmos Pharmaceuticals,NAIROBI,3,40,0,0
2024-03-23,PRD016,Maize Seed 2kg,Seeds,Agrovet,PACK,59.0,35.0,3,44,65,380,520.0,Kenya Seed Company,Nakurru,5,15,0,1
2024-03-30,PRD006,Salit Sugar 1kg,Sugar & Spices,Mini Supermarket,Bag ,-46.0,1.0,2,0,43,135,160.0,   ,Kisumu,5,30,0,1
2026-02-13,PRD003,Brookside Milk 500ml,dairy,Mini Supermarket,piece,116.0,40.0,2,0,74,55,70.0,,Kiambu ,2,40,0,0
2025-10-03,PRD015,CAN Fertiliser 50kg,FERTILISERS,Agrovet,BAG,49.0,10.0,1,0,38,3200,3900.0,MEA Fertilisers,NAIROBI,7,5,0,0
2025-11-18,PRD016,Maize Seed 2kg,Seeds,Agrovet,Packs,57.0,17.0,0,0,40,380,520.0,Kenya Seed Company,Nakurru,5,15,0,0
10/08/2025,PRD020,Earphones Generic,Accessories,Electroncis,PCS,76.0,39.0,1,0,36,150,300.0,,NAIROBI,2,12,0,1
2026-04-12,PRD002,Pembe Unga 1kg,Flour & Grains,Mini Supermarket,BAG,7.0,2.0,3,0,2,78,,Unga Ltd Nairobi,NAIROBI,3,25,1,1
04/29/2026,PRD015,CAN Fertiliser 50kg,Fertilisers,Agrovet,BAG,77.0,31.0,1,6,51,3200,3900.0,MEA Fertilisers,NAIROBI,7,5,0,0
2025-03-17,PRD009,Paracetamol 500mg x10,Analgesics,Pharmacy,Strips,32.0,23.0,3,31,37,18,30.0,Shelys Pharmaceuticals,Nairobi ,2,60,0,0
2024-02-18,PRD005,Elianto Cooking Oil 1L,Oils & Fats,Mini Supermarket,btl,7.0,5.0,1,0,1,230,280.0,Kapa Oil Refineries,Nairobi,4,20,0,1
2024-12-05,PRD018,Drenching Gun Dewormer,VETERINARY,Agrovet,BOTTLE,59.0,4.0,2,0,53,480,650.0,Interchemie Kenya,nairobi,4,8,0,0
2025-02-01,PRD007,Omo Washing Powder 1kg,Detergents,Mini Supermarket,pack,120.0,6.0,2,0,112,295,398.25,Bidco Africa Mombasa Rd,Nairob,3,12,0,1
2026-02-20,PRD008,  Royco Mchuzi Mix 75g  ,Seasonings,Mini Supermarket,Pack,13.0,7.0,0,0,6,42,,Unilever Kenya,nairobi,3,35,0,0
2026-04-11,PRD004,KCC Butter 250g,Dairy,Mini Supermarket,piece,30.0,17.0,1,38,50,210,260.0,Brookside Dairy Ltd,kiambu,2,15,0,1
2024-10-01,PRD017,Newcastle Vaccine 100dos,Veterinary,Agrovet,VIAL,,1.0,3,0,61,250,400.0,Interchemie Kenya,nairob,4,10,0,0
2026-03-20,PRD009,Paracetamol 500mg x10,Analgesics,Pharmacy,Strips,,16.0,1,0,41,18,30.0,Shelys Pharmaceuticals,Nairobi ,2,60,0,0
2025-07-04,PRD018,Drenching Gun Dewormer,Veterinary,Agrovet,Bottle,96.0,17.0,3,0,76,480,650.0,Interchemie Kenya,nairobi,4,8,0,0
2024-02-11,PRD013,Malaria RDT Kit,Diagnostics,Pharmacy,Pcs,21.0,17.0,2,0,2,120,5970.932523312044,Medipharm Ltd,Nairobi ,4,25,0,1
2024-03-25,PRD001,Unga Jogoo 2kg,FLOUR & GRAINS,Mini Supermarket,bag,45.0,13.0,2,0,30,145,175.0,Unga Ltd Nairobi,Nairobi ,3,30,0,0
2024-09-17,PRD017,Newcastle Vaccine 100dos,Veterinary,Agrovet,VIAL,52.0,,2,0,43,250,400.0,Interchemie Kenya,,4,10,0,0
2025-06-29,PRD005,  Elianto Cooking Oil 1L  ,Oils & Fats,Mini Supermarket,btl,19.0,16.0,2,0,1,230,280.0,Kapa Oil Refineries,Nairobi,4,20,1,1
2025-04-10,PRD020,Earphones Generic,Accessories,Electronics,PCS,63.0,11.0,0,0,52,150,8956.398784968067,,NAIROBI,2,12,0,0
2026-04-12,PRD005,Elianto Cooking Oil 1L,Oils & Fats,Mini Supermarket,btl,96.0,6.0,3,0,87,230,280.0,Kapa Oil Refineries,,4,20,0,1
2026-04-14,PRD012,Dettol Antiseptic 100ml,Antiseptics,pharmacy,Bottle,49.0,27.0,2,0,20,145,200.0,Reckitt Kenya,NAIROBI,3,20,0,0
2025-01-04,PRD020,Earphones Generic,Accessories,Electronics,PCS,36.0,35.0,0,13,14,150,300.0,,NAIROBI,2,12,0,1
2025-08-25,PRD013,  Malaria RDT Kit  ,Diagnostics,Pharmacy,PCS,23.0,,3,0,0,120,200.0,Medipharm Ltd,Nairobi ,4,25,0,0
2025-12-31,PRD011,ORS Sachets x6,Rehydration,Pharmacy,Pack,41.0,14.0,2,0,25,35,60.0,Dawa Ltd,,2,50,0,0
2024-05-14,PRD003,Brookside Milk 500ml,Dairy,Mini Supermarket,piece,43.0,26.0,0,0,17,55,70.0,   ,Kiambu ,2,40,0,0
2025-12-28,PRD014,DAP Fertiliser 50kg,Fertilisers,Agrovet,Bags,103.0,24.0,2,0,77,3800,4500.0,,Nairob,7,5,1,1
2024-11-02,PRD007,Omo Washing Powder 1kg,Detergents,Mini Supermarket,pack,41.0,22.0,3,0,16,295,398.25,Bidco Africa Mombasa Rd,Nairob,3,12,0,1
2024-11-24,PRD013,Malaria RDT Kit,Diagnostics,Pharmacy,PCS,82.0,27.0,2,0,53,120,200.0,Medipharm Ltd,Nairobi ,4,25,0,1
06-Oct-2025,PRD001,Unga Jogoo 2kg,Flour & Grains,Mini Supermarket,bag,29.0,13.0,3,0,13,145,175.0,Unga Ltd Nairobi,Nairobi ,3,30,0,0
2024-07-12,PRD020,Earphones Generic,Accessories,Electronics,PCS,89.0,33.0,0,0,56,150,300.0,,Nairobi,2,12,0,0
2025-11-28,PRD001,  Unga Jogoo 2kg  ,Flour & Grains,Mini Supermarkt,bag,14.0,8.0,3,0,3,145,175.0,Unga Ltd Nairobi,Nairobi ,3,30,0,0
14-Jul-2024,PRD013,Malaria RDT Kit,Diagnostics,Pharmacy,PCS,108.0,3.0,2,0,103,120,200.0,Medipharm Ltd,Nairobi ,4,25,0,1
2024-04-30,PRD016,Maize Seed 2kg,Seeds,Agrovet,PACK,52.0,11.0,3,56,94,380,520.0,Kenya Seed Company,Nakurru,5,15,0,0
2024-06-10,PRD019,Infinix Charger 33W,Accessories,Electronics,PCS,82.0,6.0,1,0,75,380,650.0,Luthuli Ave Wholesale,nairobi,2,10,0,0
2024-10-13,PRD019,Infinix Charger 33W,Accessories,Electronics,PCS,84.0,34.0,0,0,50,380,650.0,Luthuli Ave Wholesale,NAIROBI,2,10,0,1
2025-03-20,PRD018,Drenching Gun Dewormer,Veterinary,Agrovet,btl,61.0,39.0,3,0,19,480,650.0,Interchemie Kenya,nairobi,4,8,0,0
2024-01-19,PRD008,Royco Mchuzi Mix 75g,Seasonings,Mini Supermarket,Pack,91.0,19.0,1,0,71,42,55.0,Unilever Kenya,nairobi,3,35,0,0
2024-04-10,PRD009,Paracetamol 500mg x10,Analgesics,Pharmacy,Strips,16.0,11.0,2,21,24,18,,Shelys Pharmaceuticals,Nairobi ,2,60,0,0
2026-02-14,PRD009,  Paracetamol 500mg x10  ,Analgesics,Pharmacy,Strips,101.0,22.0,0,0,79,18,30.0,Shelys Pharmaceuticals,Nairobi ,2,60,0,1
2025-12-19,PRD019,Infinix Charger 33W,Accessories,Electronics,PCS,56.0,20.0,3,59,92,380,650.0,Luthuli Ave Wholesale,NAIROBI,2,10,0,0
2026-01-17,PRD001,Unga Jogoo 2kg,Flour & Grains,Mini Supermarket,bag,67.0,32.0,0,78,113,145,175.0,Unga Ltd Nairobi,Nairobi ,3,30,0,1
2024-08-23,PRD002,Pembe Unga 1kg,Flour & Grains,Mini Supermarket,BAG,74.0,7.0,3,0,64,78,95.0,Unga Ltd Nairobi,NAIROBI,3,25,0,0
2024-10-10,PRD011,ORS Sachets x6,Rehydration,Pharmacy,Pack,71.0,25.0,2,0,44,35,1791.2797569936133,Dawa Ltd,nairobi,2,50,0,0
2024-02-03,PRD006,Salit Sugar 1kg,Sugar & Spices,Mini Supermarket,Bag ,54.0,12.0,1,0,41,135,160.0,Mumias Sugar Distributor,Kisumu,5,30,0,1
2025-04-30,PRD015,CAN Fertiliser 50kg,Fertilisers,Agrovet,BAG,87.0,26.0,3,0,58,3200,3900.0,MEA Fertilisers,NAIROBI,7,5,0,0
2024-12-13,PRD003,Brookside Milk 500ml,Dairy,Mini Supermarket,piece,59.0,12.0,3,0,44,55,,Brookside Dairy Ltd,,2,40,0,0
2024-11-20,PRD001,Unga Jogoo 2kg,Flour & Grains,Mini Supermarket,bag,98.0,26.0,0,73,145,145,175.0,Unga Ltd Nairobi,Nairobi ,3,30,0,0
2025-05-20,PRD006,Salit Sugar 1kg,Sugar & Spices,Mini Supermarket,Bag ,77.0,16.0,0,0,61,135,160.0,Mumias Sugar Distributor,Kisumu,5,30,0,0
2026-04-08,PRD014,DAP Fertiliser 50kg,Fertilisers,Agrovet,Bags,89.0,37.0,1,0,51,3800,4500.0,MEA Fertilisers,Nairob,7,5,0,0
2024-10-29,PRD014,DAP Fertiliser 50kg,Fertilisers,Agrovet,bag,13.0,1.0,1,0,11,3800,4500.0,MEA Fertilisers,Nairob,7,5,0,0
2025-12-30,PRD006,Salit Sugar 1kg,Sugar & Spices,Mini Supermarket,Bag ,91.0,,3,0,75,135,160.0,Mumias Sugar Distributor,Kisumu,5,30,0,0
2024-08-19,PRD017,Newcastle Vaccine 100dos,Veterinary,Agrovet,VIAL,116.0,12.0,3,0,101,250,400.0,Interchemie Kenya,Nairob,4,10,0,0
2025-10-11,PRD019,Infinix Charger 33W,Accessories,Electronics,PCS,103.0,40.0,3,0,60,380,650.0,Luthuli Ave Wholesale,NAIROBI,2,10,0,1
2024-04-06,PRD005,Elianto Cooking Oil 1L,Oils & Fats,Mini Supermarket,btl,40.0,14.0,2,58,82,230,280.0,Kapa Oil Refineries,Nairobi,4,20,0,1
2025-07-15,PRD008,Royco Mchuzi Mix 75g,Seasonings,Mini Supermarket,Pack,85.0,,2,51,101,42,,Unilever Kenya,nairobi,3,35,0,0
2024-04-24,PRD014,DAP Fertiliser 50kg,Fertilisers,Agrovet,bag,112.0,31.0,2,4,83,3800,4500.0,   ,Nairob,7,5,0,0
2024-04-14,PRD018,Drenching Gun Dewormer,Veterinary,Agrovet,Bottle,113.0,15.0,0,55,153,480,650.0,Interchemie Kenya,nairobi,4,8,0,1
2025-07-08,PRD014,DAP Fertiliser 50kg,Fertilisers,Agrovet,BAG,40.0,15.0,2,0,34,3800,4500.0,MEA Fertilisers,Nairob,7,5,0,0
12/07/2024,PRD004,KCC Butter 250g,Dairy,Mini Supermarket,piece,84.0,-17.0,0,0,67,210,260.0,Brookside Dairy Ltd,kiambu,2,15,0,0
2025-01-17,PRD018,Drenching Gun Dewormer,Veterinary,Agrovet,Bottle,62.0,10.0,0,0,52,480,,   ,nairobi,4,8,0,0
2024-10-11,PRD008,Royco Mchuzi Mix 75g,Seasonings,Mini Supermarket,Pack,63.0,30.0,0,0,33,42,55.0,Unilever Kenya,nairobi,3,35,0,0
2024-04-15,PRD002,Pembe Unga 1kg,Flour & Grains,Mini Supermarket,BAG,59.0,17.0,0,0,42,78,95.0,Unga Ltd Nairobi,NAIROBI,3,25,0,0
2025-02-17,PRD019,Infinix Charger 33W,Accessories,Electronics,PCS,97.0,-18.0,3,0,76,380,650.0,Luthuli Ave Wholesale,NAIROBI,2,10,0,0
2025-12-04,PRD002,Pembe Unga 1kg,Flour & Grains,Mini Supermarket,BAG,33.0,-0.0,1,21,53,78,95.0,Unga Ltd Nairobi,NAIROBI,3,25,0,0
2024-08-13,PRD009,Paracetamol 500mg x10,Analgesics,Pharmacy,Strips,119.0,6.0,2,0,111,18,895.6398784968067,Shelys Pharmaceuticals,Nairobi ,2,60,0,0
2024-08-16,PRD004,KCC Butter 250g,dairy,Mini Supermarket,piece,15.0,0.0,0,11,26,210,260.0,Brookside Dairy Ltd,kiambu,2,15,0,0
2025-01-29,PRD008,Royco Mchuzi Mix 75g,Seasonings,Mini Supermarket,Pack,53.0,40.0,0,0,13,42,55.0,Unilever Kenya,nairobi,3,35,0,0
2024-02-05,PRD002,Pembe Unga 1kg,Flour & Grains,Mini Supermarket,BAG,36.0,33.0,3,0,0,78,95.0,Unga Ltd Nairobi,NAIROBI,3,25,0,0
2024-07-29,PRD017,Newcastle Vaccine 100dos,Veterinary,Agrovet,VIAL,119.0,21.0,3,3,98,250,400.0,Interchemie Kenya,Nairob,4,10,0,0
2025-04-10,PRD005,Elianto Cooking Oil 1L,Oils & Fats,Mini Supermarket,btl,93.0,15.0,1,0,77,230,280.0,Kapa Oil Refineries,Nairobi,4,20,0,0
2024-05-05,PRD012,Dettol Antiseptic 100ml,Antiseptics,Pharmacy,bottle,44.0,17.0,3,0,24,145,200.0,Reckitt Kenya,NAIROBI,3,20,0,1
2024-06-04,PRD019,Infinix Charger 33W,Accessories,Electronics,PCS,13.0,3.0,2,0,8,380,650.0,Luthuli Ave Wholesale,NAIROBI,2,10,0,0
2024-11-02,PRD010,Amoxicillin 250mg x6,antibiotics,Pharmacy,Strips,74.0,12.0,2,42,102,55,90.0,Cosmos Pharmaceuticals,NAIROBI,3,40,0,1
07/10/2024,PRD001,Unga Jogoo 2kg,Flour & Grains,Mini Supermarket,bag,118.0,35.0,2,0,81,145,,,Nairobi ,3,30,0,0
2025-09-08,PRD013,Malaria RDT Kit,Diagnostics,Pharmacy,PCS,110.0,1.0,0,0,109,120,200.0,Medipharm Ltd,Nairobi ,4,25,0,0
2025-12-07,PRD008,Royco Mchuzi Mix 75g,Seasonings,Mini Supermarket,Pack,13.0,6.0,2,0,5,42,55.0,Unilever Kenya,nairobi,3,35,0,1
2024-07-23,PRD009,Paracetamol 500mg x10,Analgesics,Pharmacy,Strips,83.0,3.0,0,0,80,18,30.0,Shelys Pharmaceuticals,Nairobi ,2,60,0,0
2025-05-28,PRD015,CAN Fertiliser 50kg,Fertilisers,Agrovet,Bag,109.0,23.0,3,0,83,3200,3900.0,MEA Fertilisers,NAIROBI,7,5,0,0
2024-09-05,PRD016,Maize Seed 2kg,Seeds,AGROVET,PACK,71.0,8.0,3,0,60,380,,Kenya Seed Company,Nakurru,5,15,0,0
2024-08-16,PRD007,Omo Washing Powder 1kg,Detergents,Mini Supermarket,pack,13.0,1.0,2,53,63,295,11889.619387045108,Bidco Africa Mombasa Rd,Nairob,3,12,0,0
2025-08-15,PRD011,ORS Sachets x6,Rehydration,Pharmacy,Pack,59.0,11.0,3,0,45,35,60.0,Dawa Ltd,nairobi,2,50,0,0
2024-07-17,PRD008,Royco Mchuzi Mix 75g,Seasonings,Mini Supermarket,Pack,57.0,14.0,1,0,42,42,55.0,,nairobi,3,35,0,0
2025-04-19,PRD012,  Dettol Antiseptic 100ml  ,Antiseptics,Pharmacy,Bottle,39.0,14.0,1,0,24,145,200.0,Reckitt Kenya,NAIROBI,3,20,0,1
2024-10-06,PRD016,  Maize Seed 2kg  ,Seeds,Agrovet,PACK,87.0,23.0,2,0,62,380,520.0,Kenya Seed Company,Nakurru,5,15,0,1
2024-06-10,PRD008,Royco Mchuzi Mix 75g,Seasonings,Mini Supermarket,Pack,104.0,27.0,3,0,74,42,1642.0064439108123,Unilever Kenya,nairobi,3,35,0,0
2025-10-04,PRD019,Infinix Charger 33W,Accessories,Electronics,PCS,104.0,37.0,2,0,65,380,650.0,Luthuli Ave Wholesale,NAIROBI,2,10,0,1
2024-03-13,PRD011,ORS Sachets x6,Rehydration,pharmacy,Pack,39.0,35.0,2,78,80,35,60.0,Dawa Ltd,nairobi,2,50,0,0
2024-12-18,PRD014,DAP Fertiliser 50kg,Fertilisers,Agrovet,bag,,35.0,3,0,16,3800,4500.0,MEA Fertilisers,Nairob,7,5,0,0
26-07-2025,PRD018,Drenching Gun Dewormer,Veterinary,Agrovet,bottle,35.0,25.0,0,0,10,480,650.0,Interchemie Kenya,nairobi,4,8,0,1
2025-04-30,PRD016,  Maize Seed 2kg  ,Seeds,Agrovet,PACK,102.0,15.0,3,0,84,380,520.0,Kenya Seed Company,Nakurru,5,15,0,0
2024-02-20,PRD017,Newcastle Vaccine 100dos,Veterinary,Agrovet,VIAL,27.0,1.0,1,0,25,250,400.0,Interchemie Kenya,Nairob,4,10,0,0
09/02/2025,PRD001,Unga Jogoo 2kg,Flour & Grains,Mini Supermarket,bag,53.0,8.0,1,62,106,145,175.0,Unga Ltd Nairobi,Nairobi ,3,30,0,1
2025-07-19,PRD003,Brookside Milk 500ml,Dairy,Mini Sup.,Pcs,12.0,6.0,3,0,8,55,70.0,Brookside Dairy Ltd,,2,40,0,1
2024-01-15,PRD006,Salit Sugar 1kg,Sugar & Spices,Mini Supermarket,Bag ,33.0,1.0,1,0,31,135,160.0,Mumias Sugar Distributor,Kisumu,5,30,0,0
2024-05-09,PRD002,Pembe Unga 1kg,Flour & Grains,Mini Supermarket,BAG,96.0,11.0,0,0,85,78,95.0,Unga Ltd Nairobi,NAIROBI,3,25,0,0
2024-03-24,PRD004,KCC Butter 250g,Dairy,Mini Supermarket,piece,-47.0,19.0,0,24,52,210,260.0,Brookside Dairy Ltd,kiambu,2,15,0,1
2025-04-08,PRD001,Unga Jogoo 2kg,FLOUR & GRAINS,Mini Sup.,bag,53.0,,1,0,21,145,175.0,Unga Ltd Nairobi,Nairobi ,3,30,0,0
2025-03-02,PRD007,Omo Washing Powder 1kg,Detergents,Mini Supermarket,pack,42.0,6.0,1,36,71,295,398.25,Bidco Africa Mombasa Rd,Nairob,3,12,0,1
2025-11-01,PRD019,Infinix Charger 33W,Accessories,Electronics,PCS,66.0,30.0,2,0,34,380,650.0,Luthuli Ave Wholesale,NAIROBI,2,10,0,1
2024-10-13,PRD004,KCC Butter 250g,Dairy,Mini Supermarket,piece,7.0,-4.0,1,74,76,210,260.0,Brookside Dairy Ltd,kiambu,2,15,0,1
2026-04-30,PRD006,Salit Sugar 1kg,SUGAR & SPICES,Mini Supermarket,Bag ,83.0,37.0,1,0,37,135,160.0,Mumias Sugar Distributor,Kisumu,5,30,0,0
2024-05-21,PRD009,Paracetamol 500mg x10,Analgesics,Pharamcy,Strips,,28.0,3,63,95,18,30.0,Shelys Pharmaceuticals,Nairobi ,2,60,0,0
2024-02-18,PRD020,Earphones Generic,Accessories,Electronics,PCS,44.0,21.0,1,0,22,150,300.0,,NAIROBI,2,12,0,1
2025-12-21,PRD016,  Maize Seed 2kg  ,Seeds,Agrovet,PACK,95.0,9.0,3,3,86,380,520.0,Kenya Seed Company,Nakurru,5,15,0,1
2024-05-10,PRD018,Drenching Gun Dewormer,Veterinary,AGROVET,Bottle,86.0,27.0,3,0,56,480,650.0,Interchemie Kenya,nairobi,4,8,0,0
2025-09-12,PRD012,Dettol Antiseptic 100ml,Antiseptics,Pharmacy,Bottle,53.0,7.0,1,9,54,145,,Reckitt Kenya,NAIROBI,3,20,0,0
2025-05-17,PRD020,Earphones Generic,Accessories,Electronics,PCS,66.0,39.0,3,0,24,150,300.0,,NAIROBI,2,12,0,1
2025-04-19,PRD019,Infinix Charger 33W,Accessories,Electronics,PCS,46.0,20.0,1,0,25,380,650.0,Luthuli Ave Wholesale,Nairobi,2,10,0,1
2025-08-02,PRD019,Infinix Charger 33W,Accessories,Electronics,PCS,80.0,35.0,1,21,65,380,650.0,Luthuli Ave Wholesale,NAIROBI,2,10,0,1
2026-01-05,PRD016,Maize Seed 2kg,Seeds,Agrovet,PACK,34.0,1.0,1,52,84,380,520.0,Kenya Seed Company,Nakurru,5,15,0,0
2026-03-13,PRD012,Dettol Antiseptic 100ml,Antiseptics,Pharmacy,Bottle,,33.0,3,30,94,145,200.0,Reckitt Kenya,NAIROBI,3,20,0,0
10/20/2025,PRD020,Earphones Generic,Accessories,ELECTRONICS,PCS,7.0,4.0,0,0,3,150,300.0,,NAIROBI,2,12,0,0
2025-10-24,PRD007,Omo Washing Powder 1kg,Detergents,Mini Supermarket,pack,57.0,17.0,1,73,112,295,398.25,Bidco Africa Mombasa Rd,Nairob,3,12,0,0
2024-09-04,PRD007,Omo Washing Powder 1kg,Detergents,Mini Supermarket,pack,97.0,6.0,1,0,90,295,398.25,Bidco Africa Mombasa Rd,Nairob,3,12,0,0
2025-07-29,PRD002,  Pembe Unga 1kg  ,Flour & Grains,Mini Supermarket,BAG,50.0,11.0,3,0,36,78,95.0,Unga Ltd Nairobi,NAIROBI,3,25,0,0
2026-04-21,PRD005,Elianto Cooking Oil 1L,Oils & Fats,Mini Supermarket,btl,42.0,10.0,0,75,107,230,280.0,   ,Nairobi,4,20,0,0
09/06/2024,PRD014,DAP Fertiliser 50kg,Fertilisers,Agrovet,bag,106.0,,1,0,68,3800,4500.0,MEA Fertilisers,Nairob,7,5,0,1
2024-09-25,PRD014,DAP Fertiliser 50kg,Fertilisers,Agrovet,bag,5.0,4.0,1,0,0,3800,4500.0,MEA Fertilisers,,7,5,0,0
2025-08-25,PRD017,Newcastle Vaccine 100dos,Veterinary,Agrovet,VIAL,25.0,0.0,1,0,24,250,400.0,Interchemie Kenya,Nairob,4,10,0,0
2025-08-31,PRD003,Brookside Milk 500ml,Dairy,Mini Supermarket,piece,22.0,,1,20,28,55,70.0,Brookside Dairy Ltd,Kiambu ,2,40,0,1
2024-06-09,PRD017,Newcastle Vaccine 100dos,Veterinary,Agrovet,VIAL,110.0,,0,77,169,250,400.0,Interchemie Kenya,Nairob,4,10,0,1
2025-04-10,PRD013,Malaria RDT Kit,Diagnostics,Pharmacy,PCS,,7.0,1,23,27,120,200.0,Medipharm Ltd,Nairobi ,4,25,0,0
2025-05-23,PRD017,Newcastle Vaccine 100dos,Veterinary,Agrovet,VIAL,87.0,-24.0,2,0,61,250,400.0,Interchemie Kenya,nairob,4,10,0,0
2026-04-07,PRD007,Omo Washing Powder 1kg,Detergents,Mini Supermarket,pack,12.0,2.0,2,0,8,295,398.25,Bidco Africa Mombasa Rd,Nairob,3,12,0,0
2026-01-07,PRD005,Elianto Cooking Oil 1L,Oils & Fats,Mini Supermarket,Btl,10.0,9.0,2,0,0,230,280.0,Kapa Oil Refineries,,4,20,0,0
2024-11-14,PRD016,  Maize Seed 2kg  ,Seeds,Agrovet,PACK,,30.0,0,0,83,380,,Kenya Seed Company,Nakurru,5,15,0,0
2025-04-02,PRD017,Newcastle Vaccine 100dos,Veterinary,Agrovet,VIAL,5.0,4.0,2,0,0,250,11941.865046624089,Interchemie Kenya,Nairob,4,10,0,0
2024-04-06,PRD002,Pembe Unga 1kg,Flour & Grains,Mini Supermarket,BAG,-84.0,3.0,2,0,79,78,95.0,Unga Ltd Nairobi,NAIROBI,3,25,0,1
2024-01-23,PRD008,Royco Mchuzi Mix 75g,Seasonings,Mini Supermarket,Packs,30.0,26.0,0,0,4,42,55.0,Unilever Kenya,nairobi,3,35,0,0
10-05-2024,PRD013,Malaria RDT Kit,Diagnostics,Pharmacy,PCS,98.0,23.0,0,0,75,120,200.0,Medipharm Ltd,,4,25,0,0
2024-10-30,PRD008,Royco Mchuzi Mix 75g,Seasonings,Mini Supermarket,Pack,86.0,15.0,0,0,71,42,55.0,Unilever Kenya,nairobi,3,35,0,0
2024-08-29,PRD007,Omo Washing Powder 1kg,Detergents,Mini Supermarket,PACK,111.0,37.0,2,0,72,295,398.25,Bidco Africa Mombasa Rd,Nairob,3,12,0,0
2026-01-14,PRD018,  Drenching Gun Dewormer  ,Veterinary,Agrovet,Bottle,27.0,27.0,1,22,21,480,650.0,Interchemie Kenya,nairobi,4,8,0,0
06/17/2024,PRD008,Royco Mchuzi Mix 75g,seasonings,Mini Sup.,Pack,30.0,7.0,1,0,22,42,55.0,Unilever Kenya,,3,35,0,0
2026-03-23,PRD005,Elianto Cooking Oil 1L,Oils & Fats,Mini Supermarket,btl,90.0,,3,72,148,230,280.0,Kapa Oil Refineries,Nairobi,4,20,0,0
2024-08-03,PRD017,Newcastle Vaccine 100dos,Veterinary,Agrovet,VIAL,65.0,8.0,1,0,56,250,400.0,Interchemie Kenya,,4,10,0,1
2024-11-16,PRD018,Drenching Gun Dewormer,Veterinary,Agrovet,Bottle,30.0,8.0,3,46,65,480,650.0,,nairobi,4,8,0,1
2024-07-15,PRD017,Newcastle Vaccine 100dos,Veterinary,Agrovet,VIAL,88.0,36.0,1,0,51,250,400.0,Interchemie Kenya,Nairob,4,10,0,0
2025-10-20,PRD017,Newcastle Vaccine 100dos,Veterinary,Agrovet,VIAL,17.0,-17.0,0,78,78,250,400.0,Interchemie Kenya,Nairob,4,10,0,0
2025-02-03,PRD014,DAP Fertiliser 50kg,Fertilisers,Agrovet ,bag,120.0,36.0,2,50,132,3800,4500.0,MEA Fertilisers,Nairob,7,5,0,0
2024-11-26,PRD003,Brookside Milk 500ml,Dairy,Mini Supermarket,piece,19.0,15.0,1,21,24,55,,Brookside Dairy Ltd,Kiambu ,2,40,0,0
2024-08-19,PRD013,Malaria RDT Kit,Diagnostics,Pharmacy,PCS,23.0,6.0,3,47,61,120,200.0,   ,Nairobi ,4,25,0,0
2025-06-03,PRD001,Unga Jogoo 2kg,Flour & Grains,Mini Supermarket,bag,12.0,1.0,3,0,8,145,175.0,Unga Ltd Nairobi,Nairobi ,3,30,0,0
2025-07-29,PRD010,Amoxicillin 250mg x6,Antibiotics,Pharmacy,Strips,,,1,0,8,55,90.0,Cosmos Pharmaceuticals,NAIROBI,3,40,0,0
2024-01-24,PRD016,  Maize Seed 2kg  ,Seeds,Agrovet,PACK,18.0,13.0,2,0,3,380,520.0,Kenya Seed Company,Nakurru,5,15,0,0
2024-02-16,PRD020,Earphones Generic,Accessories,Electronics,PCS,24.0,5.0,0,0,19,150,300.0,,NAIROBI,2,12,0,0
20/10/2024,PRD003,Brookside Milk 500ml,Dairy,Mini Supermarket,piece,13.0,9.0,1,0,3,55,70.0,Brookside Dairy Ltd,Kiambu ,2,40,0,1
2026-04-09,PRD004,KCC Butter 250g,Dairy,Mini Supermarket,PCS,98.0,40.0,3,38,83,210,260.0,Brookside Dairy Ltd,kiambu,2,15,0,0
2025-02-12,PRD007,Omo Washing Powder 1kg,Detergents,Mini Supermarket,pck,108.0,36.0,0,0,72,295,398.25,Bidco Africa Mombasa Rd,Nairob,3,12,0,0
2024-10-16,PRD004,KCC Butter 250g,Dairy,Mini Supermarket,pcs,70.0,18.0,0,68,120,210,260.0,Brookside Dairy Ltd,kiambu,2,15,0,0
2026-03-21,PRD004,KCC Butter 250g,Dairy,Mini Supermarket,piece,7.0,2.0,2,0,3,210,260.0,Brookside Dairy Ltd,KIAMBU,2,15,0,1
2025-10-30,PRD016,Maize Seed 2kg,Seeds,Agrovet,PACK,53.0,31.0,0,76,98,380,520.0,Kenya Seed Company,Nakurru,5,15,0,0
2025-08-17,PRD020,Earphones Generic,Accessories,Electroncis,PCS,38.0,16.0,2,0,20,150,300.0,,NAIROBI,2,12,0,1
2026-02-09,PRD008,Royco Mchuzi Mix 75g,Seasonings,Mini Supermarket,Pack,7.0,1.0,0,0,6,42,55.0,Unilever Kenya,,3,35,0,0
2024-09-27,PRD009,  Paracetamol 500mg x10  ,Analgesics,Pharmacy,Strips,83.0,11.0,3,0,69,18,30.0,Shelys Pharmaceuticals,Nairobi ,2,60,0,0
2025-03-19,PRD004,KCC Butter 250g,Dairy,Mini Supermarket,piece,-53.0,37.0,0,0,16,210,260.0,Brookside Dairy Ltd,,2,15,0,0
2024-12-11,PRD008,Royco Mchuzi Mix 75g,Seasonings,Mini Supermarket,Pack,5.0,1.0,2,50,59,42,55.0,Unilever Kenya,nairobi,3,35,0,0
2025-12-01,PRD012,Dettol Antiseptic 100ml,Antiseptics,Pharmacy,Bottle,87.0,26.0,0,0,61,145,200.0,Reckitt Kenya,NAIROBI,3,20,0,0
2024-02-20,PRD007,Omo Washing Powder 1kg,Detergents,Mini Supermarket,pck,12.0,7.0,0,0,5,295,398.25,   ,Nairob,3,12,0,0
2024-03-15,PRD014,DAP Fertiliser 50kg,Fertilisers,Agrovet,bag,73.0,2.0,1,0,70,3800,4500.0,MEA Fertilisers,Nairob,7,5,0,0
2024-07-17,PRD013,Malaria RDT Kit,Diagnostics,Pharmacy,PCS,67.0,20.0,3,0,44,120,200.0,Medipharm Ltd,Nairobi ,4,25,0,0
2025-07-21,PRD010,Amoxicillin 250mg x6,Antibiotics,Pharmacy,Strips,95.0,25.0,3,0,67,55,90.0,Cosmos Pharmaceuticals,NAIROBI,3,40,0,0
2024-04-27,PRD012,Dettol Antiseptic 100ml,Antiseptics,Pharmacy,Bottle,54.0,28.0,3,0,23,145,200.0,Reckitt Kenya,NAIROBI,3,20,0,1
2024-07-04,PRD005,Elianto Cooking Oil 1L,Oils & Fats,Mini Supermarket,btl,106.0,3.0,2,0,101,230,280.0,Kapa Oil Refineries,Nairobi,4,20,0,0
2025-12-04,PRD001,Unga Jogoo 2kg,Flour & Grains,Mini Supermarket,bag,103.0,7.0,3,47,140,145,175.0,Unga Ltd Nairobi,Nairobi ,3,30,0,0
2025-08-30,PRD004,KCC Butter 250g,Dairy,Mini Supermarket,piece,41.0,38.0,0,0,3,210,260.0,Brookside Dairy Ltd,Kiambu,2,15,0,1
2024-12-31,PRD020,Earphones Generic,Accessories,Electronics,PCS,25.0,17.0,0,76,84,150,300.0,,NAIROBI,2,12,0,0
2025-04-17,PRD015,CAN Fertiliser 50kg,Fertilisers,Agrovet,BAG,117.0,9.0,2,73,179,3200,3900.0,,NAIROBI,7,5,0,0
2025-06-13,PRD016,Maize Seed 2kg,Seeds,Agrovet,PACK,116.0,8.0,2,0,106,380,520.0,Kenya Seed Company,Nakurru,5,15,0,0
2025-02-21,PRD006,Salit Sugar 1kg,Sugar & Spices,Mini Supermarket,Bag ,42.0,39.0,0,5,8,135,160.0,Mumias Sugar Distributor,Kisumu,5,30,0,0
2026-04-19,PRD002,Pembe Unga 1kg,Flour & Grains,Mini Sup.,BAG,31.0,19.0,1,0,11,78,95.0,Unga Ltd Nairobi,,3,25,0,1
2025-02-06,PRD003,Brookside Milk 500ml,Dairy,MINI SUPERMARKET,piece,28.0,4.0,1,69,92,55,70.0,Brookside Dairy Ltd,Kiambu ,2,40,0,0
2025-02-23,PRD014,DAP Fertiliser 50kg,Fertilisers,Agrovet,bag,77.0,8.0,1,0,68,3800,4500.0,MEA Fertilisers,Nairob,7,5,0,1
2024-08-22,PRD007,Omo Washing Powder 1kg,Detergents,Mini Supermarket,pack,64.0,39.0,0,0,25,295,398.25,Bidco Africa Mombasa Rd,Nairob,3,12,0,0
"Mar 11, 2025",PRD018,Drenching Gun Dewormer,Veterinary,Agrovet,btl,-97.0,17.0,2,0,78,480,650.0,Interchemie Kenya,nairobi,4,8,0,0
11/04/2024,PRD001,Unga Jogoo 2kg,Flour & Grains,Mini Supermarket,bag,97.0,13.0,1,0,83,145,175.0,Unga Ltd Nairobi,Nairobi ,3,30,0,0
2024-08-25,PRD007,Omo Washing Powder 1kg,Detergents,Mini Supermarket,pack,26.0,19.0,1,0,6,295,398.25,Bidco Africa Mombasa Rd,Nairob,3,12,0,1
2025-10-23,PRD020,Earphones Generic,ACCESSORIES,Electronics,PCS,36.0,16.0,3,57,74,150,300.0,,NAIROBI,2,12,0,0
2025-08-23,PRD001,Unga Jogoo 2kg,Flour & Grains,Mini Supermarket,bag,39.0,3.0,0,0,36,145,175.0,Unga Ltd Nairobi,Nairobi ,3,30,0,1
2024-03-26,PRD007,Omo Washing Powder 1kg,Detergents,Mini Sup.,pack,84.0,40.0,3,0,41,295,398.25,Bidco Africa Mombasa Rd,Nairob,3,12,0,0
2024-12-13,PRD002,Pembe Unga 1kg,Flour & Grains,Mini Supermarket,BAG,106.0,1.0,1,64,168,78,95.0,Unga Ltd Nairobi,NAIROBI,3,25,0,0
2026-03-24,PRD001,  Unga Jogoo 2kg  ,Flour & Grains,Mini Supermarket,bag,97.0,32.0,3,0,62,145,175.0,Unga Ltd Nairobi,NAIROBI ,3,30,0,0
2025-06-24,PRD019,Infinix Charger 33W,Accessories,Electronics,PCS,100.0,21.0,1,0,78,380,650.0,Luthuli Ave Wholesale,NAIROBI,2,10,0,0
2025-02-20,PRD013,Malaria RDT Kit,Diagnostics,Pharmacy,PCS,37.0,1.0,2,0,18,120,200.0,Medipharm Ltd,Nairobi ,4,25,0,0
2025-10-15,PRD014,DAP Fertiliser 50kg,Fertilisers,Agrovet,bag,,30.0,0,34,98,3800,4500.0,MEA Fertilisers,Nairob,7,5,0,0
2026-04-25,PRD020,Earphones Generic,Accessories,ELECTRONICS,PCS,,1.0,0,0,45,150,300.0,,NAIROBI,2,12,0,1
2025-06-05,PRD003,Brookside Milk 500ml,Dairy,MINI SUPERMARKET,piece,60.0,11.0,1,0,48,55,70.0,Brookside Dairy Ltd,Kiambu ,2,40,0,0
2025-05-07,PRD019,Infinix Charger 33W,Accessories,Electronics,PCS,33.0,-15.0,1,0,17,380,650.0,Luthuli Ave Wholesale,NAIROBI,2,10,0,0
2024-08-11,PRD004,KCC Butter 250g,Dairy,Mini Supermarket,piece,30.0,19.0,3,62,70,210,260.0,Brookside Dairy Ltd,kiambu,2,15,0,1
2024-10-26,PRD015,  CAN Fertiliser 50kg  ,Fertilisers,Agrovet,BAG,60.0,32.0,2,0,26,3200,3900.0,MEA Fertilisers,NAIROBI,7,5,0,1
2024-05-20,PRD016,Maize Seed 2kg,Seeds,Agrovet,PACK,69.0,30.0,3,0,36,380,520.0,Kenya Seed Company,Nakurru,5,15,0,0
2024-09-05,PRD009,Paracetamol 500mg x10,analgesics,Pharmacy,Strips,95.0,18.0,0,63,140,18,30.0,Shelys Pharmaceuticals,Nairobi ,2,60,0,0
16-02-2024,PRD002,Pembe Unga 1kg,Flour & Grains,Mini Supermarket,BAG,20.0,,3,0,17,78,95.0,Unga Ltd Nairobi,NAIROBI,3,25,0,0
2024-07-23,PRD019,Infinix Charger 33W,Accessories,Electronics,PCS,113.0,20.0,2,0,91,380,650.0,Luthuli Ave Wholesale,nairobi,2,10,0,0
2025-06-30,PRD005,Elianto Cooking Oil 1L,Oils & Fats,Mini Supermarket,btl,13.0,7.0,0,0,-3,230,280.0,Kapa Oil Refineries,Nairobi,4,20,0,0
2024-09-12,PRD020,Earphones Generic,Accessories,Electronics,pcs,51.0,27.0,1,0,23,150,300.0,,NAIROBI,2,12,0,0
2024-04-30,PRD008,Royco Mchuzi Mix 75g,Seasonings,Mini Supermarket,Pack,109.0,33.0,3,0,73,42,55.0,Unilever Kenya,nairobi,3,35,0,0
2026-02-27,PRD015,CAN Fertiliser 50kg,Fertilisers,Agrovet,BAG,,29.0,1,0,26,3200,3900.0,MEA Fertilisers,NAIROBI,7,5,0,0
2024-12-16,PRD010,Amoxicillin 250mg x6,Antibiotics,Pharmacy,Strips,60.0,11.0,2,0,47,55,90.0,Cosmos Pharmaceuticals,NAIROBI,3,40,0,0
2024-08-14,PRD005,Elianto Cooking Oil 1L,Oils & Fats,Mini Supermarket,btl,21.0,0.0,1,0,20,230,280.0,Kapa Oil Refineries,Nairobi,4,20,0,0
2024-09-28,PRD020,Earphones Generic,Accessories,Electronics,PCS,92.0,19.0,1,0,72,150,300.0,,NAIROBI,2,12,0,1
2026-01-11,PRD005,Elianto Cooking Oil 1L,Oils & Fats,Mini Supermarkt,BOTTLE,120.0,11.0,3,0,106,230,280.0,Kapa Oil Refineries,Nairobi,4,20,0,1
2026-03-16,PRD004,KCC Butter 250g,Dairy,Mini Supermarket,piece,76.0,33.0,3,0,40,210,260.0,Brookside Dairy Ltd,kiambu,2,15,0,0
2024-06-16,PRD008,Royco Mchuzi Mix 75g,Seasonings,Mini Supermarket,pack,50.0,33.0,0,0,17,42,55.0,Unilever Kenya,nairobi,3,35,0,1
2025-10-10,PRD008,Royco Mchuzi Mix 75g,Seasonings,mini supermarket,Pack,60.0,27.0,0,0,33,42,55.0,Unilever Kenya,nairobi,3,35,0,0
2024-10-26,PRD020,Earphones Generic,Accessories,Electronics,PCS,66.0,39.0,3,17,41,150,300.0,,NAIROBI,2,12,0,1
2025-08-26,PRD006,Salit Sugar 1kg,Sugar & Spices,Mini Supermarket,Bag ,101.0,23.0,2,0,76,135,160.0,Mumias Sugar Distributor,Kisumu,5,30,0,0
2026-02-23,PRD008,Royco Mchuzi Mix 75g,seasonings,mini supermarket,Pack,74.0,25.0,2,0,47,42,55.0,Unilever Kenya,nairobi,3,35,0,0
2026-03-23,PRD011,ORS Sachets x6,Rehydration,Pharmacy,Pack,22.0,11.0,1,67,77,35,60.0,Dawa Ltd,nairobi,2,50,0,0
2025-03-09,PRD001,Unga Jogoo 2kg,Flour & Grains,Mini Supermarket,bag,,0.0,2,0,114,145,175.0,Unga Ltd Nairobi,Nairobi ,3,30,0,1
2024-07-10,PRD007,Omo Washing Powder 1kg,Detergents,Mini Supermarket,pack,83.0,28.0,1,0,54,295,398.25,Bidco Africa Mombasa Rd,Nairob,3,12,0,0
2024-02-19,PRD011,ORS Sachets x6,Rehydration,Pharmacy,Pack,111.0,18.0,0,0,93,35,60.0,Dawa Ltd,nairobi,2,50,0,0
2025-04-23,PRD004,  KCC Butter 250g  ,Dairy,Mini Supermarket,piece,44.0,25.0,2,0,16,210,260.0,Brookside Dairy Ltd,kiambu,2,15,0,0
2024-02-06,PRD020,Earphones Generic,Accessories,Electronics,PCS,120.0,18.0,1,0,101,150,300.0,,nairobi,2,12,0,0
24-Mar-2026,PRD002,Pembe Unga 1kg,Flour & Grains,Mini Supermarket,BAG,57.0,28.0,0,0,29,78,,Unga Ltd Nairobi,NAIROBI,3,25,0,0
2026-01-05,PRD011,ORS Sachets x6,Rehydration,Pharmacy,Pack,27.0,7.0,2,0,18,35,60.0,,nairobi,2,50,0,0
"Jan 14, 2026",PRD009,Paracetamol 500mg x10,Analgesics,Pharmacy,Strips,73.0,14.0,1,10,68,18,30.0,Shelys Pharmaceuticals,Nairobi ,2,60,0,0
2024-12-13,PRD017,Newcastle Vaccine 100dos,Veterinary,Agrovet,VIAL,108.0,6.0,1,75,176,250,400.0,Interchemie Kenya,Nairob,4,10,0,0
2025-03-12,PRD013,Malaria RDT Kit,Diagnostics,Pharmacy,PCS,81.0,10.0,0,0,71,120,200.0,Medipharm Ltd,Nairobi ,4,25,0,0
2025-08-13,PRD001,Unga Jogoo 2kg,Flour & Grains,Mini Supermarket,bag,89.0,28.0,1,0,60,145,175.0,Unga Ltd Nairobi,Nairobi ,3,30,0,0
2024-04-21,PRD012,Dettol Antiseptic 100ml,Antiseptics,Pharmacy,Bottle,,6.0,3,27,26,145,200.0,Reckitt Kenya,NAIROBI,3,20,0,1
2025-12-06,PRD002,Pembe Unga 1kg,Flour & Grains,Mini Supermarket,BAG,67.0,17.0,1,0,56,78,95.0,Unga Ltd Nairobi,NAIROBI,3,25,0,1
2024-08-27,PRD006,Salit Sugar 1kg,Sugar & Spices,Mini Supermarket,Bag ,19.0,9.0,0,0,10,135,160.0,Mumias Sugar Distributor,Kisumu,5,30,0,0
2024-10-21,PRD004,KCC Butter 250g,Dairy,Mini Supermarket,piece,85.0,40.0,0,55,100,210,7762.212280305658,Brookside Dairy Ltd,kiambu,2,15,0,0
2026-04-13,PRD005,Elianto Cooking Oil 1L,Oils & Fats,Mini Supermarket,btl,109.0,17.0,3,0,89,230,,Kapa Oil Refineries,Nairobi,4,20,0,0
2025-06-23,PRD020,Earphones Generic,Accessories,Electronics,PCS,80.0,2.0,3,0,75,150,300.0,,NAIROBI,2,12,0,0
2025-04-11,PRD020,Earphones Generic,Accessories,Electronics,PCS,86.0,,3,0,44,150,300.0,,NAIROBI,2,12,0,0
2025-12-26,PRD018,Drenching Gun Dewormer,Veterinary,Agrovet,btl,78.0,30.0,2,0,46,480,650.0,Interchemie Kenya,nairobi,4,8,0,0
2025-02-14,PRD005,Elianto Cooking Oil 1L,Oils & Fats,Mini Supermarket,btl,60.0,3.0,1,75,131,230,280.0,Kapa Oil Refineries,Nairobi,4,20,0,0
2024-10-10,PRD019,Infinix Charger 33W,Accessories,Electronics,pcs,86.0,27.0,3,0,56,380,650.0,Luthuli Ave Wholesale,NAIROBI,2,10,0,0
2026-01-01,PRD007,Omo Washing Powder 1kg,Detergents,Mini Supermarket,pack,66.0,13.0,2,20,71,295,11889.619387045108,Bidco Africa Mombasa Rd,Nairob,3,12,0,0
2025-07-05,PRD019,  Infinix Charger 33W  ,Accessories,Electronics,PCS,,12.0,2,54,98,380,650.0,Luthuli Ave Wholesale,NAIROBI,2,10,0,1
2024-10-28,PRD001,Unga Jogoo 2kg,Flour & Grains,Mini Supermarket,bag,8.0,8.0,0,56,56,145,175.0,Unga Ltd Nairobi,Nairobi ,3,30,0,0
2024-06-05,PRD020,Earphones Generic,Accessories,Electronics,PCS,30.0,8.0,0,0,22,150,300.0,,NAIROBI,2,12,0,0
2024-08-08,PRD014,DAP Fertiliser 50kg,Fertilisers,Agrovet,bag,72.0,2.0,0,0,51,3800,4500.0,MEA Fertilisers,Nairob,7,5,0,0
2025-05-27,PRD018,Drenching Gun Dewormer,Veterinary,Agrovet,Bottle,57.0,10.0,3,0,44,480,650.0,Interchemie Kenya,nairobi,4,8,0,0
19-Jul-2024,PRD010,Amoxicillin 250mg x6,ANTIBIOTICS,Pharmacy,Strips,93.0,10.0,0,57,140,55,90.0,Cosmos Pharmaceuticals,NAIROBI,3,40,0,0
2024-03-12,PRD011,ORS Sachets x6,Rehydration,Pharmacy,Pack,91.0,16.0,3,31,103,35,60.0,Dawa Ltd,nairobi,2,50,0,0
2025-09-16,PRD010,Amoxicillin 250mg x6,Antibiotics,Pharmacy,Strips,43.0,38.0,2,0,3,55,90.0,Cosmos Pharmaceuticals,NAIROBI,3,40,0,0
2024-01-28,PRD010,Amoxicillin 250mg x6,Antibiotics,Pharmcy,Strips,92.0,3.0,1,72,160,55,90.0,Cosmos Pharmaceuticals,NAIROBI,3,40,0,1
2026-01-28,PRD018,Drenching Gun Dewormer,Veterinary,Agrovet,Bottle,74.0,18.0,3,0,53,480,,Interchemie Kenya,nairobi,4,8,0,0
2024-02-12,PRD005,Elianto Cooking Oil 1L,Oils & Fats,Mini Supermarket,btl,8.0,0.0,3,0,5,230,,Kapa Oil Refineries,nairobi,4,20,0,0
2024-06-13,PRD010,Amoxicillin 250mg x6,Antibiotics,Pharmacy,Strips,94.0,10.0,0,51,135,55,90.0,Cosmos Pharmaceuticals,nairobi,3,40,0,0
2024-08-25,PRD015,CAN Fertiliser 50kg,fertilisers,Agrovet,Bags,112.0,35.0,3,0,74,3200,3900.0,MEA Fertilisers,NAIROBI,7,5,0,1
2024-06-06,PRD007,Omo Washing Powder 1kg,detergents,Mini Supermarket,pack,34.0,4.0,2,0,28,295,398.25,Bidco Africa Mombasa Rd,Nairob,3,12,0,0
2025-03-13,PRD013,Malaria RDT Kit,Diagnostics,Pharmacy,PCS,71.0,20.0,0,0,51,120,200.0,Medipharm Ltd,nairobi ,4,25,0,0
2024-08-14,PRD015,CAN Fertiliser 50kg,Fertilisers,Agrovet,BAG,7.0,0.0,2,5,10,3200,3900.0,MEA Fertilisers,NAIROBI,7,5,0,0
2026-04-29,PRD011,ORS Sachets x6,Rehydration,Pharmacy,Pack,96.0,25.0,3,25,93,35,60.0,Dawa Ltd,nairobi,2,50,0,0
2024-09-20,PRD005,Elianto Cooking Oil 1L,Oils & Fats,Mini Supermarket,BOTTLE,45.0,28.0,3,0,14,230,280.0,Kapa Oil Refineries,Nairobi,4,20,0,0
2025-06-13,PRD001,Unga Jogoo 2kg,Flour & Grains,Mini Supermarket,bag,72.0,26.0,3,0,43,145,175.0,Unga Ltd Nairobi,Nairobi ,3,30,0,0
2025-02-08,PRD015,CAN Fertiliser 50kg,Fertilisers,Agrovet,Bag,91.0,30.0,2,0,52,3200,3900.0,   ,NAIROBI,7,5,0,1
2024-02-28,PRD014,DAP Fertiliser 50kg,Fertilisers,AGROVET,bag,100.0,28.0,3,0,69,3800,4500.0,   ,Nairob,7,5,0,0
2024-11-15,PRD007,Omo Washing Powder 1kg,Detergents,Mini Supermarket,pack,87.0,2.0,1,0,84,295,398.25,Bidco Africa Mombasa Rd,Nairob,3,12,0,0
2025-09-08,PRD002,Pembe Unga 1kg,Flour & Grains,Mini Supermarket,BAG,118.0,24.0,0,0,94,78,95.0,Unga Ltd Nairobi,NAIROBI,3,25,0,0
2025-06-23,PRD009,Paracetamol 500mg x10,Analgesics,Pharmacy,Strips,115.0,,0,0,91,18,30.0,Shelys Pharmaceuticals,Nairobi ,2,60,0,0
2025-03-12,PRD011,  ORS Sachets x6  ,Rehydration,Pharmacy,Pack,116.0,27.0,2,0,87,35,60.0,Dawa Ltd,nairobi,2,50,0,0
2024-08-08,PRD016,Maize Seed 2kg,Seeds,Agrovet,PACK,95.0,24.0,3,0,68,380,15524.424560611316,,Nakurru,5,15,0,0
2025-07-03,PRD001,Unga Jogoo 2kg,Flour & Grains,Mini Supermarket,bag,44.0,30.0,3,0,29,145,175.0,Unga Ltd Nairobi,Nairobi ,3,30,0,0
2025-02-17,PRD005,Elianto Cooking Oil 1L,Oils & Fats,Mini Supermarket,btl,80.0,13.0,0,0,67,230,280.0,Kapa Oil Refineries,Nairobi,4,20,0,0
2025-07-07,PRD017,Newcastle Vaccine 100dos,Veterinary,Agrovet,VIAL,113.0,26.0,1,78,164,250,400.0,Interchemie Kenya,Nairob,4,10,0,0
2024-01-08,PRD012,Dettol Antiseptic 100ml,Antiseptics,Pharmacy,Bottle,36.0,4.0,3,0,29,145,200.0,Reckitt Kenya,NAIROBI,3,20,0,0
2024-10-14,PRD006,Salit Sugar 1kg,Sugar & Spices,Mini Supermarket,Bags,46.0,11.0,0,0,35,135,,Mumias Sugar Distributor,Kisumu,5,30,0,0
07/24/2025,PRD020,Earphones Generic,Accessories,Electronics,piece,35.0,32.0,3,0,0,150,300.0,,NAIROBI,2,12,0,0
2025-10-19,PRD013,Malaria RDT Kit,Diagnostics,Pharmacy,PCS,109.0,34.0,1,52,126,120,200.0,Medipharm Ltd,Nairobi ,4,25,1,1
2026-01-15,PRD006,Salit Sugar 1kg,Sugar & Spices,Mini Supermarket,Bag ,73.0,3.0,3,0,67,135,160.0,Mumias Sugar Distributor,Kisumu,5,30,0,0
2024-03-14,PRD002,Pembe Unga 1kg,Flour & Grains,Mini Supermarket,bag,12.0,12.0,0,0,0,78,95.0,Unga Ltd Nairobi,NAIROBI,3,25,0,0
07-06-2025,PRD003,Brookside Milk 500ml,Dairy,Mini Supermarkt,piece,58.0,15.0,1,0,42,55,70.0,Brookside Dairy Ltd,Kiambu ,2,40,0,1
2024-12-13,PRD007,Omo Washing Powder 1kg,Detergents,Mini Supermarket,pack,6.0,,1,43,42,295,398.25,Bidco Africa Mombasa Rd,Nairob,3,12,0,0
2025-10-07,PRD016,Maize Seed 2kg,Seeds,Agrovet ,PACK,115.0,0.0,2,0,113,380,520.0,Kenya Seed Company,Nakurru,5,15,0,0
2024-12-24,PRD003,Brookside Milk 500ml,Dairy,Mini Supermarket,piece,109.0,21.0,0,61,149,55,70.0,Brookside Dairy Ltd,Kiambu ,2,40,0,0
2025-03-15,PRD001,Unga Jogoo 2kg,Flour & Grains,Mini Supermarket,bag,83.0,-9.0,1,0,73,145,175.0,Unga Ltd Nairobi,Nairobi ,3,30,0,1
2025-04-23,PRD007,Omo Washing Powder 1kg,Detergents,Mini Supermarket,pack,38.0,20.0,0,0,18,295,398.25,Bidco Africa Mombasa Rd,Nairob,3,12,0,0
2025-09-30,PRD001,Unga Jogoo 2kg,Flour & Grains,Mini Supermarket,bag,38.0,16.0,3,0,19,145,175.0,Unga Ltd Nairobi,nairobi ,3,30,0,0
22/08/2025,PRD010,Amoxicillin 250mg x6,Antibiotics,Pharmacy,Strips,105.0,36.0,3,0,66,55,90.0,Cosmos Pharmaceuticals,NAIROBI,3,40,0,0
2025-01-16,PRD005,Elianto Cooking Oil 1L,Oils & Fats,Mini Supermarket,btl,64.0,31.0,3,0,30,230,280.0,Kapa Oil Refineries,NAIROBI,4,20,0,0
2025-03-27,PRD016,Maize Seed 2kg,Seeds,Agrovett,PACK,97.0,5.0,2,0,90,380,520.0,Kenya Seed Company,Nakurru,5,15,0,0
2026-04-23,PRD008,Royco Mchuzi Mix 75g,Seasonings,Mini Supermarket,Pack,,13.0,3,0,3,42,55.0,Unilever Kenya,nairobi,3,35,0,0
27-Sep-2025,PRD010,Amoxicillin 250mg x6,Antibiotics,Pharmacy,Strips,6.0,-0.0,1,0,5,55,90.0,Cosmos Pharmaceuticals,NAIROBI,3,40,0,1
2024-01-11,PRD001,Unga Jogoo 2kg,flour & grains,Mini Supermarkt,bag,31.0,,1,0,10,145,175.0,Unga Ltd Nairobi,Nairobi ,3,30,0,0
2026-04-03,PRD005,Elianto Cooking Oil 1L,Oils & Fats,Mini Sup.,btl,48.0,39.0,0,0,9,230,280.0,Kapa Oil Refineries,,4,20,0,0
2024-04-24,PRD011,ORS Sachets x6,Rehydration,Pharmacy,Pack,80.0,9.0,0,0,71,35,60.0,Dawa Ltd,nairobi,2,50,0,0
2025-10-09,PRD014,  DAP Fertiliser 50kg  ,Fertilisers,Agrovet,bag,59.0,7.0,2,0,50,3800,4500.0,MEA Fertilisers,Nairob,7,5,0,0
2025-12-16,PRD006,Salit Sugar 1kg,Sugar & Spices,Mini Supermarket,BAG,113.0,28.0,1,30,114,135,160.0,Mumias Sugar Distributor,Kisumu,5,30,0,0
2025-02-27,PRD006,Salit Sugar 1kg,Sugar & Spices,Mini Supermarket,Bag ,33.0,10.0,2,0,21,135,160.0,Mumias Sugar Distributor,Kisumu,5,30,0,0
2025-02-03,PRD011,  ORS Sachets x6  ,Rehydration,Pharmacy,Pack,115.0,,0,0,114,35,1791.2797569936133,Dawa Ltd,Nairobi,2,50,0,0
2025-12-21,PRD005,Elianto Cooking Oil 1L,Oils & Fats,Mini Supermarket,btl,28.0,18.0,3,0,7,230,280.0,Kapa Oil Refineries,Nairobi,4,20,0,1
21-Jun-2025,PRD003,Brookside Milk 500ml,Dairy,Mini Supermarket,piece,109.0,25.0,1,0,83,55,2089.8263831592158,   ,Kiambu ,2,40,0,1
29-04-2026,PRD003,Brookside Milk 500ml,Dairy,Mini Supermarket,piece,77.0,37.0,3,44,81,55,70.0,Brookside Dairy Ltd,KIAMBU ,2,40,0,0
2024-12-28,PRD017,Newcastle Vaccine 100dos,Veterinary,Agrovet,VIAL,12.0,,1,18,18,250,400.0,Interchemie Kenya,Nairob,4,10,0,1
2025-12-30,PRD015,  CAN Fertiliser 50kg  ,Fertilisers,Agrovet,BAG,84.0,35.0,2,0,47,3200,3900.0,MEA Fertilisers,NAIROBI,7,5,0,0
2025-03-11,PRD012,Dettol Antiseptic 100ml,Antiseptics,Pharmacy,Bottle,27.0,4.0,3,0,20,145,200.0,Reckitt Kenya,NAIROBI,3,20,0,0
2026-03-27,PRD015,CAN Fertiliser 50kg,Fertilisers,Agrovet,BAG,111.0,29.0,1,0,81,3200,3900.0,MEA Fertilisers,NAIROBI,7,5,0,0
2025-09-16,PRD007,Omo Washing Powder 1kg,DETERGENTS,Mini Supermarket,pack,93.0,14.0,3,0,76,295,398.25,Bidco Africa Mombasa Rd,Nairob,3,12,0,0
2024-04-17,PRD017,Newcastle Vaccine 100dos,Veterinary,Agrovet,VIAL,80.0,31.0,1,0,48,250,11941.865046624089,Interchemie Kenya,Nairob,4,10,0,0
2026-03-11,PRD014,DAP Fertiliser 50kg,Fertilisers,Agrovet,bag,66.0,19.0,1,40,86,3800,4500.0,,nairob,7,5,0,0
2026-03-08,PRD001,Unga Jogoo 2kg,Flour & Grains,Mini Supermarket,bag,46.0,14.0,2,0,30,145,175.0,Unga Ltd Nairobi,nairobi ,3,30,0,1
2025-02-19,PRD020,Earphones Generic,Accessories,Electronics,PCS,,39.0,2,0,0,150,300.0,,NAIROBI,2,12,0,0
2026-04-27,PRD007,Omo Washing Powder 1kg,Detergents,Mini Supermarket,pack,7.0,1.0,1,0,5,295,398.25,Bidco Africa Mombasa Rd,Nairob,3,12,0,0
2024-09-23,PRD002,Pembe Unga 1kg,Flour & Grains,Mini Supermarket,BAG,21.0,2.0,2,0,17,78,95.0,Unga Ltd Nairobi,NAIROBI,3,25,0,0
2025-04-27,PRD012,Dettol Antiseptic 100ml,Antiseptics,PHARMACY,Btl,29.0,20.0,3,0,6,145,200.0,Reckitt Kenya,NAIROBI,3,20,0,1
2026-02-06,PRD013,Malaria RDT Kit,Diagnostics,PHARMACY,PCS,74.0,38.0,3,0,33,120,200.0,Medipharm Ltd,Nairobi ,4,25,0,0
2026-01-15,PRD013,Malaria RDT Kit,Diagnostics,Pharmacy,PCS,72.0,30.0,1,0,41,120,200.0,Medipharm Ltd,Nairobi ,4,25,0,0
2024-02-11,PRD005,Elianto Cooking Oil 1L,oils & fats,Mini Supermarket,bottle,7.0,2.0,2,53,56,230,280.0,Kapa Oil Refineries,Nairobi,4,20,0,1
2025-03-29,PRD004,KCC Butter 250g,Dairy,Mini Supermarket,piece,76.0,0.0,2,0,74,210,260.0,Brookside Dairy Ltd,Kiambu,2,15,0,1
2026-04-26,PRD014,DAP Fertiliser 50kg,Fertilisers,Agrovet,bag,19.0,19.0,3,0,0,3800,4500.0,MEA Fertilisers,Nairob,7,5,0,1
2026-03-07,PRD007,Omo Washing Powder 1kg,Detergents,Mini Supermarket,pack,12.0,7.0,1,33,37,295,398.25,Bidco Africa Mombasa Rd,Nairob,3,12,0,1
2024-08-12,PRD005,Elianto Cooking Oil 1L,Oils & Fats,MINI SUPERMARKET,btl,120.0,25.0,0,0,95,230,280.0,,Nairobi,4,20,0,0
2025-02-24,PRD015,CAN Fertiliser 50kg,Fertilisers,Agrovet ,BAG,6.0,1.0,0,0,5,3200,3900.0,MEA Fertilisers,NAIROBI,7,5,0,0
2025-10-21,PRD018,Drenching Gun Dewormer,Veterinary,Agrovet,Bottle,80.0,17.0,1,0,62,480,650.0,Interchemie Kenya,nairobi,4,8,0,0
2025-02-21,PRD002,Pembe Unga 1kg,Flour & Grains,Mini Supermarket,BAG,-31.0,20.0,2,0,9,78,95.0,Unga Ltd Nairobi,NAIROBI,3,25,0,0
03-Mar-2025,PRD007,Omo Washing Powder 1kg,Detergents,Mini Supermarket,pack,61.0,27.0,3,0,31,295,398.25,Bidco Africa Mombasa Rd,nairob,3,12,0,0
2024-02-03,PRD017,Newcastle Vaccine 100dos,Veterinary,Agrovet,VIAL,34.0,26.0,0,0,8,250,400.0,Interchemie Kenya,Nairob,4,10,0,1
2024-02-06,PRD013,Malaria RDT Kit,Diagnostics,Pharmacy,PCS,50.0,36.0,2,0,12,120,200.0,Medipharm Ltd,Nairobi ,4,25,0,0
2024-06-23,PRD019,Infinix Charger 33W,Accessories,ELECTRONICS,PCS,95.0,17.0,3,0,75,380,650.0,Luthuli Ave Wholesale,NAIROBI,2,10,0,1
2026-04-04,PRD017,Newcastle Vaccine 100dos,Veterinary,Agrovet,VIAL,34.0,1.0,0,0,33,250,400.0,Interchemie Kenya,Nairob,4,10,0,1
05/19/2025,PRD016,Maize Seed 2kg,Seeds,Agrovet,PACK,55.0,2.0,3,28,78,380,520.0,Kenya Seed Company,Nakurru,5,15,0,0
2024-12-11,PRD005,Elianto Cooking Oil 1L,Oils & Fats,Mini Supermarket,btl,120.0,9.0,3,62,170,230,8359.305532636863,Kapa Oil Refineries,Nairobi,4,20,0,0
2024-08-01,PRD015,CAN Fertiliser 50kg,Fertilisers,Agrovet,BAG,54.0,39.0,3,40,52,3200,3900.0,   ,NAIROBI,7,5,0,0
2025-04-18,PRD006,Salit Sugar 1kg,Sugar & Spices,Mini Supermarket,Bag ,88.0,12.0,2,0,74,135,160.0,Mumias Sugar Distributor,Kisumu,5,30,0,0
2026-01-25,PRD008,  Royco Mchuzi Mix 75g  ,Seasonings,Mini Supermarket,Pack,73.0,6.0,3,0,64,42,55.0,,nairobi,3,35,0,1
2024-07-30,PRD017,Newcastle Vaccine 100dos,Veterinary,Agrovet,VIAL,120.0,3.0,0,0,117,250,400.0,Interchemie Kenya,Nairob,4,10,0,0
2026-01-27,PRD016,Maize Seed 2kg,Seeds,Agrovet,PACK,90.0,34.0,1,0,55,380,520.0,Kenya Seed Company,Nakurru,5,15,0,0
2025-02-11,PRD016,Maize Seed 2kg,Seeds,Agrovet,PACK,13.0,13.0,1,0,0,380,520.0,Kenya Seed Company,Nakurru,5,15,0,0
2025-03-13,PRD005,Elianto Cooking Oil 1L,Oils & Fats,Mini Supermarket,btl,20.0,7.0,3,0,10,230,280.0,Kapa Oil Refineries,Nairobi,4,20,0,0
2024-04-04,PRD003,Brookside Milk 500ml,Dairy,Mini Supermarket,piece,87.0,6.0,1,0,80,55,70.0,Brookside Dairy Ltd,Kiambu ,2,40,0,0
2024-05-04,PRD009,Paracetamol 500mg x10,Analgesics,Pharmacy,Strips,-72.0,36.0,0,25,61,18,30.0,Shelys Pharmaceuticals,Nairobi ,2,60,0,1
2026-01-04,PRD018,  Drenching Gun Dewormer  ,Veterinary,Agrovet,Bottle,61.0,18.0,0,0,43,480,650.0,Interchemie Kenya,nairobi,4,8,0,1
2024-02-18,PRD004,KCC Butter 250g,Dairy,Mini Supermarket,piece,82.0,,0,80,153,210,260.0,Brookside Dairy Ltd,kiambu,2,15,0,1
2024-01-26,PRD001,Unga Jogoo 2kg,Flour & Grains,Mini Supermarket,bag,20.0,6.0,2,68,80,145,175.0,Unga Ltd Nairobi,NAIROBI ,3,30,0,0
12-10-2024,PRD020,  Earphones Generic  ,Accessories,Electronics,pcs,28.0,-26.0,3,70,69,150,300.0,,NAIROBI,2,12,0,1
2025-03-12,PRD014,DAP Fertiliser 50kg,FERTILISERS,Agrovet,bag,103.0,37.0,2,0,64,3800,4500.0,,Nairob,7,5,0,0
06-03-2026,PRD012,Dettol Antiseptic 100ml,Antiseptics,Pharmacy,Bottle,76.0,8.0,2,14,80,145,200.0,Reckitt Kenya,NAIROBI,3,20,0,0
2024-03-08,PRD003,Brookside Milk 500ml,Dairy,Mini Supermarket,Pcs,115.0,39.0,3,20,100,55,70.0,Brookside Dairy Ltd,Kiambu ,2,40,0,0
21-Jan-2024,PRD009,Paracetamol 500mg x10,Analgesics,Pharamcy,Strips,85.0,15.0,2,0,68,18,30.0,Shelys Pharmaceuticals,Nairobi ,2,60,0,1
2026-02-25,PRD010,Amoxicillin 250mg x6,Antibiotics,Pharmacy,Strips,60.0,11.0,1,0,48,55,90.0,Cosmos Pharmaceuticals,NAIROBI,3,40,0,0
2026-03-26,PRD007,Omo Washing Powder 1kg,Detergents,Mini Supermarket,pack,111.0,4.0,0,0,107,295,398.25,Bidco Africa Mombasa Rd,Nairob,3,12,0,0
2024-10-08,PRD006,Salit Sugar 1kg,SUGAR & SPICES,Mini Supermarket,Bag ,15.0,1.0,2,0,12,135,160.0,Mumias Sugar Distributor,Kisumu,5,30,0,0
2024-06-07,PRD015,CAN Fertiliser 50kg,Fertilisers,Agrovet,BAG,54.0,30.0,3,0,21,3200,3900.0,MEA Fertilisers,NAIROBI,7,5,0,0
2025-05-25,PRD019,Infinix Charger 33W,Accessories,Electroncis,PCS,51.0,,2,0,28,380,650.0,Luthuli Ave Wholesale,NAIROBI,2,10,0,1
2025-10-08,PRD015,CAN Fertiliser 50kg,Fertilisers,Agrovet,BAG,,4.0,1,61,94,3200,3900.0,MEA Fertilisers,NAIROBI,7,5,0,0
2025-04-23,PRD002,  Pembe Unga 1kg  ,Flour & Grains,Mini Supermarket,BAG,19.0,-5.0,0,0,14,78,95.0,Unga Ltd Nairobi,NAIROBI,3,25,0,0
2024-05-15,PRD016,Maize Seed 2kg,Seeds,AGROVET,PACK,31.0,30.0,2,1,0,380,520.0,Kenya Seed Company,Nakurru,5,15,0,0
2025-11-24,PRD015,CAN Fertiliser 50kg,Fertilisers,Agrovet,BAG,102.0,3.0,0,0,99,3200,3900.0,MEA Fertilisers,,7,5,0,0
2024-07-05,PRD008,Royco Mchuzi Mix 75g,SEASONINGS,Mini Supermarket,Pack,89.0,15.0,1,0,73,42,55.0,Unilever Kenya,nairobi,3,35,0,0
2026-03-14,PRD007,Omo Washing Powder 1kg,Detergents,Mini Sup.,pack,25.0,1.0,1,57,80,295,398.25,Bidco Africa Mombasa Rd,Nairob,3,12,0,1
2025-05-13,PRD006,Salit Sugar 1kg,Sugar & Spices,Mini Supermarket,Bag ,117.0,11.0,1,0,105,135,,Mumias Sugar Distributor,Kisumu,5,30,0,0
19-Feb-2026,PRD016,Maize Seed 2kg,seeds,Agrovet,PACK,107.0,36.0,0,59,130,380,520.0,Kenya Seed Company,Nakurru,5,15,0,0
2025-09-19,PRD002,Pembe Unga 1kg,Flour & Grains,Mini Sup.,BAG,86.0,8.0,2,0,76,78,95.0,Unga Ltd Nairobi,NAIROBI,3,25,0,0
2024-03-25,PRD004,KCC Butter 250g,Dairy,Mini Supermarket,piece,111.0,15.0,3,0,93,210,260.0,Brookside Dairy Ltd,kiambu,2,15,0,0
2024-03-02,PRD009,Paracetamol 500mg x10,Analgesics,Pharmacy,Strips,32.0,,3,17,28,18,,Shelys Pharmaceuticals,Nairobi ,2,60,0,1
"Mar 02, 2026",PRD002,Pembe Unga 1kg,Flour & Grains,Mini Supermarket,BAG,15.0,3.0,0,0,12,78,95.0,Unga Ltd Nairobi,NAIROBI,3,25,0,0
09/03/2024,PRD018,Drenching Gun Dewormer,Veterinary,Agrovet,Bottle,8.0,1.0,1,0,6,480,650.0,Interchemie Kenya,nairobi,4,8,0,0
2025-03-27,PRD019,Infinix Charger 33W,Accessories,Electronics,PCS,83.0,32.0,1,0,50,380,650.0,Luthuli Ave Wholesale,NAIROBI,2,10,0,0
2025-05-24,PRD002,Pembe Unga 1kg,Flour & Grains,Mini Supermarket,BAG,95.0,34.0,1,0,60,78,95.0,Unga Ltd Nairobi,NAIROBI,3,25,0,1
2025-03-13,PRD016,Maize Seed 2kg,Seeds,Agrovet,Pack,,30.0,2,0,22,380,520.0,Kenya Seed Company,Nakurru,5,15,0,0
2024-12-29,PRD015,CAN Fertiliser 50kg,Fertilisers,Agrovet,BAG,22.0,16.0,2,0,4,3200,3900.0,MEA Fertilisers,NAIROBI,7,5,0,1
2026-01-13,PRD019,Infinix Charger 33W,Accessories,Electronics,PCS,45.0,20.0,3,31,53,380,650.0,Luthuli Ave Wholesale,NAIROBI,2,10,0,0
2025-04-24,PRD020,Earphones Generic,Accessories,Electronics,piece,58.0,34.0,3,77,93,150,300.0,,NAIROBI,2,12,0,0
"Sep 24, 2024",PRD004,  KCC Butter 250g  ,Dairy,Mini Supermarket,pcs,60.0,18.0,2,0,40,210,260.0,Brookside Dairy Ltd,kiambu,2,15,0,0
2024-02-06,PRD017,Newcastle Vaccine 100dos,Veterinary,Agrovet,VIAL,80.0,19.0,3,0,58,250,400.0,,Nairob,4,10,0,0
2025-05-02,PRD005,Elianto Cooking Oil 1L,Oils & Fats,Mini Supermarkt,btl,96.0,31.0,1,0,64,230,280.0,Kapa Oil Refineries,Nairobi,4,20,0,0
2024-03-18,PRD016,Maize Seed 2kg,Seeds,Agrovett,PACK,52.0,39.0,1,17,29,380,520.0,Kenya Seed Company,Nakurru,5,15,0,0
2026-02-03,PRD002,Pembe Unga 1kg,Flour & Grains,Mini Supermarket,BAG,,32.0,0,15,50,78,95.0,Unga Ltd Nairobi,NAIROBI,3,25,0,0
2025-07-14,PRD019,Infinix Charger 33W,Accessories,Electronics,PCS,58.0,3.0,1,0,54,380,650.0,Luthuli Ave Wholesale,NAIROBI,2,10,0,0
2025-04-27,PRD003,Brookside Milk 500ml,Dairy,Mini Supermarket,piece,48.0,31.0,3,0,14,55,70.0,Brookside Dairy Ltd,Kiambu ,2,40,0,1
2024-04-28,PRD011,ORS Sachets x6,Rehydration,Pharmacy,Pack,25.0,14.0,0,0,11,35,1791.2797569936133,Dawa Ltd,nairobi,2,50,1,1
2025-06-02,PRD014,  DAP Fertiliser 50kg  ,Fertilisers,Agrovet,bag,91.0,37.0,0,0,54,3800,4500.0,MEA Fertilisers,Nairob,7,5,0,0
2025-05-23,PRD012,Dettol Antiseptic 100ml,Antiseptics,pharmacy,Bottle,54.0,28.0,1,0,25,145,200.0,,NAIROBI,3,20,0,0
2025-09-08,PRD008,Royco Mchuzi Mix 75g,Seasonings,Mini Supermarket,Pack,109.0,,2,0,53,42,55.0,Unilever Kenya,nairobi,3,35,0,0
2024-06-02,PRD004,KCC Butter 250g,Dairy,Mini Supermarket,piece,87.0,39.0,0,0,48,210,260.0,Brookside Dairy Ltd,kiambu,2,15,0,1
"Dec 28, 2025",PRD003,Brookside Milk 500ml,Dairy,Mini Supermarket,pcs,8.0,7.0,2,0,0,55,70.0,Brookside Dairy Ltd,Kiambu ,2,40,0,1
2025-01-12,PRD001,Unga Jogoo 2kg,Flour & Grains,Mini Supermarket,BAG,89.0,16.0,2,0,71,145,175.0,Unga Ltd Nairobi,Nairobi ,3,30,0,1
04/06/2025,PRD006,Salit Sugar 1kg,sugar & spices,Mini Supermarket,Bag ,120.0,29.0,3,49,137,135,160.0,Mumias Sugar Distributor,Kisumu,5,30,0,0
2024-02-28,PRD009,Paracetamol 500mg x10,Analgesics,Pharmacy,Strips,107.0,33.0,2,0,63,18,30.0,Shelys Pharmaceuticals,Nairobi ,2,60,0,0
2026-01-21,PRD019,Infinix Charger 33W,Accessories,Electronics,PCS,26.0,0.0,0,0,26,380,650.0,Luthuli Ave Wholesale,NAIROBI,2,10,0,0
2025-01-06,PRD012,Dettol Antiseptic 100ml,Antiseptics,Pharamcy,Bottle,32.0,3.0,1,0,28,145,5970.932523312044,Reckitt Kenya,NAIROBI,3,20,0,0
2024-07-07,PRD001,Unga Jogoo 2kg,Flour & Grains,Mini Supermarket,bag,110.0,17.0,1,58,150,145,175.0,Unga Ltd Nairobi,nairobi ,3,30,0,1
2024-02-06,PRD005,Elianto Cooking Oil 1L,Oils & Fats,Mini Supermarket,btl,120.0,18.0,1,44,145,230,280.0,Kapa Oil Refineries,Nairobi,4,20,0,0
2024-02-19,PRD017,Newcastle Vaccine 100dos,VETERINARY,Agrovet,VIAL,75.0,2.0,3,0,70,250,400.0,Interchemie Kenya,Nairob,4,10,0,0
2025-12-14,PRD016,Maize Seed 2kg,seeds,Agrovet,PACK,97.0,17.0,2,0,78,380,520.0,,Nakurru,5,15,0,1
2025-05-06,PRD010,Amoxicillin 250mg x6,Antibiotics,Pharmacy,Strips,117.0,25.0,2,43,133,55,90.0,Cosmos Pharmaceuticals,NAIROBI,3,40,0,0
"Jan 07, 2024",PRD016,Maize Seed 2kg,Seeds,Agrovet,PACK,78.0,30.0,1,0,47,380,520.0,Kenya Seed Company,Nakurru,5,15,0,1
2026-03-26,PRD013,Malaria RDT Kit,Diagnostics,Pharmacy,PCS,118.0,1.0,1,0,116,120,200.0,Medipharm Ltd,Nairobi ,4,25,0,0
2025-10-17,PRD017,Newcastle Vaccine 100dos,Veterinary,Agrovet,VIAL,69.0,2.0,2,0,65,250,400.0,Interchemie Kenya,Nairob,4,10,0,0
14/06/2025,PRD008,Royco Mchuzi Mix 75g,Seasonings,Mini Supermarket,Pack,52.0,32.0,3,25,42,42,55.0,Unilever Kenya,nairobi,3,35,0,1
2025-04-17,PRD003,Brookside Milk 500ml,Dairy,Mini Supermarket,piece,7.0,0.0,1,0,6,55,70.0,Brookside Dairy Ltd,Kiambu ,2,40,0,0
2025-04-28,PRD018,Drenching Gun Dewormer,Veterinary,Agrovet,Bottle,50.0,-33.0,1,0,16,480,650.0,Interchemie Kenya,nairobi,4,8,0,0
2025-09-18,PRD012,Dettol Antiseptic 100ml,Antiseptics,Pharmacy,Bottle,26.0,8.0,1,0,17,145,200.0,Reckitt Kenya,NAIROBI,3,20,0,0
2026-02-17,PRD006,  Salit Sugar 1kg  ,Sugar & Spices,Mini Supermarket,Bag ,23.0,8.0,3,71,83,135,160.0,Mumias Sugar Distributor,Kisumu,5,30,0,0
2024-08-31,PRD013,Malaria RDT Kit,Diagnostics,Pharmacy,PCS,72.0,40.0,0,0,32,120,200.0,Medipharm Ltd,Nairobi ,4,25,0,1
2024-02-04,PRD003,Brookside Milk 500ml,Dairy,Mini Supermarket,piece,93.0,,0,0,68,55,70.0,Brookside Dairy Ltd,Kiambu ,2,40,0,1
2026-01-26,PRD002,Pembe Unga 1kg,Flour & Grains,Mini Supermarket,Bag,89.0,40.0,3,0,46,78,95.0,Unga Ltd Nairobi,NAIROBI,3,25,0,0
2026-01-02,PRD018,Drenching Gun Dewormer,Veterinary,Agrovet,Bottle,115.0,22.0,3,74,164,480,650.0,Interchemie Kenya,nairobi,4,8,0,0
2025-03-22,PRD006,Salit Sugar 1kg,Sugar & Spices,Mini Supermarket,Bag ,43.0,-19.0,0,26,50,135,160.0,Mumias Sugar Distributor,Kisumu,5,30,0,1
2024-07-11,PRD017,Newcastle Vaccine 100dos,Veterinary,Agrovet,VIAL,101.0,,3,0,82,250,400.0,Interchemie Kenya,Nairob,4,10,0,0
2024-08-24,PRD011,ORS Sachets x6,Rehydration,Pharmacy,Packs,63.0,5.0,0,0,58,35,60.0,Dawa Ltd,nairobi,2,50,0,1
2025-07-02,PRD005,Elianto Cooking Oil 1L,Oils & Fats,Mini Sup.,btl,35.0,33.0,2,0,20,230,280.0,Kapa Oil Refineries,Nairobi,4,20,0,0
04-10-2025,PRD002,Pembe Unga 1kg,Flour & Grains,Mini Supermarket,BAG,5.0,4.0,3,0,0,78,95.0,Unga Ltd Nairobi,NAIROBI,3,25,0,1
2025-12-23,PRD011,ORS Sachets x6,Rehydration,Pharmacy,Pack,82.0,31.0,0,0,51,35,60.0,Dawa Ltd,nairobi,2,50,0,0
"Jan 27, 2025",PRD011,ORS Sachets x6,Rehydration,Pharmacy,Packs,81.0,22.0,3,0,56,35,60.0,Dawa Ltd,Nairobi,2,50,0,0
2024-03-22,PRD007,Omo Washing Powder 1kg,Detergents,Mini Supermarket,pack,97.0,,3,0,60,295,398.25,Bidco Africa Mombasa Rd,Nairob,3,12,0,0
2024-05-01,PRD003,Brookside Milk 500ml,Dairy,Mini Supermarket,piece,27.0,5.0,1,0,21,55,70.0,Brookside Dairy Ltd,Kiambu ,2,40,0,0
2025-06-17,PRD017,Newcastle Vaccine 100dos,Veterinary,Agrovet,VIAL,9.0,7.0,3,0,0,250,400.0,Interchemie Kenya,Nairob,4,10,0,0
2024-01-25,PRD013,Malaria RDT Kit,Diagnostics,Pharmacy,PCS,50.0,16.0,2,0,32,120,,Medipharm Ltd,Nairobi ,4,25,0,0
2026-04-30,PRD004,KCC Butter 250g,Dairy,Mini Supermarket,pcs,99.0,38.0,1,70,130,210,260.0,Brookside Dairy Ltd,kiambu,2,15,0,0
2024-02-08,PRD018,Drenching Gun Dewormer,Veterinary,Agrovet,btl,72.0,,2,0,26,480,650.0,Interchemie Kenya,nairobi,4,8,0,0
2026-01-24,PRD003,Brookside Milk 500ml,Dairy,Mini Supermarket,piece,92.0,39.0,2,0,51,55,70.0,,Kiambu ,2,40,0,1
2025-09-01,PRD011,ORS Sachets x6,Rehydration,Pharmacy,Pack,102.0,1.0,3,58,156,35,60.0,Dawa Ltd,nairobi,2,50,0,0
2025-09-15,PRD002,Pembe Unga 1kg,Flour & Grains,Mini Supermarket,BAG,6.0,2.0,0,0,4,78,95.0,Unga Ltd Nairobi,NAIROBI,3,25,0,0
2025-02-12,PRD020,  Earphones Generic  ,accessories,Electronics,pcs,109.0,21.0,0,9,97,150,300.0,,NAIROBI,2,12,0,0
2025-12-24,PRD007,Omo Washing Powder 1kg,DETERGENTS,Mini Supermarket,pack,56.0,3.0,3,79,129,295,398.25,Bidco Africa Mombasa Rd,Nairob,3,12,0,0
2024-04-27,PRD020,Earphones Generic,Accessories,Electronics,PCS,49.0,34.0,3,61,93,150,300.0,,NAIROBI,2,12,0,1
2024-09-22,PRD004,KCC Butter 250g,Dairy,Mini Supermarket,piece,91.0,12.0,3,18,94,210,260.0,Brookside Dairy Ltd,kiambu,2,15,1,1
2025-05-06,PRD019,Infinix Charger 33W,Accessories,Electronics,PCS,73.0,22.0,3,49,97,380,650.0,Luthuli Ave Wholesale,NAIROBI,2,10,0,0
2025-02-14,PRD011,ORS Sachets x6,Rehydration,Pharmacy,Pack,6.0,-1.0,3,0,2,35,60.0,Dawa Ltd,nairobi,2,50,0,0
2024-04-04,PRD016,Maize Seed 2kg,Seeds,Agrovet,PACK,55.0,1.0,1,0,53,380,520.0,Kenya Seed Company,Nakurru,5,15,0,0
2026-04-06,PRD016,Maize Seed 2kg,Seeds,Agrovet,PACK,99.0,0.0,2,0,97,380,520.0,Kenya Seed Company,Nakurru,5,15,0,0
2024-12-28,PRD015,CAN Fertiliser 50kg,Fertilisers,Agrovet,BAG,35.0,23.0,0,2,14,3200,3900.0,MEA Fertilisers,NAIROBI,7,5,0,1
2026-04-27,PRD001,Unga Jogoo 2kg,Flour & Grains,Mini Supermarkt,bag,99.0,18.0,1,0,80,145,175.0,Unga Ltd Nairobi,Nairobi ,3,30,0,0
2024-09-04,PRD015,CAN Fertiliser 50kg,Fertilisers,Agrovet,BAG,28.0,14.0,0,45,59,3200,3900.0,MEA Fertilisers,NAIROBI,7,5,0,0
2024-08-12,PRD019,Infinix Charger 33W,Accessories,Electronics,PCS,90.0,24.0,2,42,106,380,650.0,Luthuli Ave Wholesale,NAIROBI,2,10,0,0
2025-03-23,PRD014,DAP Fertiliser 50kg,Fertilisers,Agrovet,bag,22.0,15.0,1,38,44,3800,4500.0,MEA Fertilisers,,7,5,0,1
2025-12-26,PRD014,DAP Fertiliser 50kg,Fertilisers,Agrovet,bag,85.0,4.0,2,34,113,3800,4500.0,MEA Fertilisers,Nairob,7,5,0,0
2024-10-06,PRD001,Unga Jogoo 2kg,Flour & Grains,Mini Supermarket,bag,59.0,26.0,3,0,30,145,175.0,Unga Ltd Nairobi,Nairobi ,3,30,0,1
2024-05-02,PRD001,Unga Jogoo 2kg,Flour & Grains,Mini Supermarket,bag,105.0,18.0,2,0,85,145,175.0,Unga Ltd Nairobi,Nairobi ,3,30,0,0
2024-09-07,PRD006,Salit Sugar 1kg,Sugar & Spices,Mini Supermarket,Bag ,-27.0,12.0,2,79,92,135,160.0,Mumias Sugar Distributor,Kisumu,5,30,0,1
2025-08-22,PRD020,Earphones Generic,Accessories,Electronics,Pcs,20.0,7.0,3,34,52,150,300.0,,NAIROBI,2,12,0,0
2025-03-25,PRD011,ORS Sachets x6,Rehydration,pharmacy,Pack,96.0,21.0,2,22,95,35,60.0,Dawa Ltd,nairobi,2,50,0,0
2025-08-09,PRD010,Amoxicillin 250mg x6,Antibiotics,Pharmacy,Strips,104.0,15.0,3,0,86,55,90.0,Cosmos Pharmaceuticals,NAIROBI,3,40,0,1
2025-03-28,PRD015,CAN Fertiliser 50kg,Fertilisers,Agrovet,BAG,89.0,8.0,2,0,79,3200,3900.0,MEA Fertilisers,NAIROBI,7,5,0,0
2025-06-12,PRD015,CAN Fertiliser 50kg,Fertilisers,Agrovet,Bags,22.0,4.0,0,0,18,3200,3900.0,MEA Fertilisers,NAIROBI,7,5,0,0
2025-09-12,PRD006,  Salit Sugar 1kg  ,Sugar & Spices,Mini Supermarket,Bag ,80.0,3.0,1,0,76,135,160.0,Mumias Sugar Distributor,Kisumu,5,30,0,0
2025-08-04,PRD018,Drenching Gun Dewormer,Veterinary,Agrovet,Bottle,56.0,37.0,3,0,16,480,650.0,Interchemie Kenya,nairobi,4,8,0,0
2024-03-23,PRD005,Elianto Cooking Oil 1L,Oils & Fats,Mini Supermarket,BOTTLE,87.0,24.0,2,0,61,230,280.0,Kapa Oil Refineries,Nairobi,4,20,0,1
2025-02-16,PRD015,CAN Fertiliser 50kg,Fertilisers,Agrovet,bag,88.0,29.0,0,4,63,3200,3900.0,MEA Fertilisers,NAIROBI,7,5,0,1
2024-01-25,PRD002,Pembe Unga 1kg,Flour & Grains,Mini Supermarket,Bags,68.0,20.0,1,0,47,78,95.0,Unga Ltd Nairobi,NAIROBI,3,25,0,0
2025-05-16,PRD019,Infinix Charger 33W,Accessories,Electronics,PCS,89.0,20.0,3,0,76,380,650.0,Luthuli Ave Wholesale,NAIROBI,2,10,0,0
2025-04-30,PRD004,KCC Butter 250g,Dairy,Mini Supermarket,piece,,,0,0,10,210,260.0,Brookside Dairy Ltd,kiambu,2,15,0,0
2025-03-31,PRD003,Brookside Milk 500ml,Dairy,Mini Supermarket,piece,77.0,27.0,3,0,47,55,70.0,   ,Kiambu ,2,40,0,0
"Jul 22, 2024",PRD008,Royco Mchuzi Mix 75g,Seasonings,Mini Supermarket,Pack,63.0,37.0,2,0,24,42,55.0,Unilever Kenya,nairobi,3,35,0,0
2024-02-18,PRD012,Dettol Antiseptic 100ml,Antiseptics,Pharmacy,Bottle,109.0,9.0,1,32,131,145,200.0,Reckitt Kenya,NAIROBI,3,20,0,1
2025-09-28,PRD008,Royco Mchuzi Mix 75g,Seasonings,Mini Supermarket,Pack,46.0,16.0,2,0,28,42,55.0,Unilever Kenya,nairobi,3,35,0,1
2025-05-29,PRD011,ORS Sachets x6,Rehydration,Pharmacy,Pack,118.0,23.0,0,79,174,35,60.0,Dawa Ltd,,2,50,0,0
2025-09-10,PRD005,Elianto Cooking Oil 1L,Oils & Fats,Mini Supermarket,btl,25.0,18.0,0,0,7,230,280.0,Kapa Oil Refineries,Nairobi,4,20,0,0
2024-10-02,PRD007,Omo Washing Powder 1kg,Detergents,Mini Supermarket,pack,67.0,32.0,3,7,39,295,398.25,Bidco Africa Mombasa Rd,Nairob,3,12,0,0
2024-01-13,PRD003,Brookside Milk 500ml,Dairy,Mini Supermarket,piece,90.0,6.0,2,0,102,55,70.0,Brookside Dairy Ltd,Kiambu ,2,40,0,1
2025-01-31,PRD007,Omo Washing Powder 1kg,Detergents,Mini Supermarket,pack,96.0,17.0,1,0,78,295,398.25,Bidco Africa Mombasa Rd,Nairob,3,12,0,0
2024-10-24,PRD003,Brookside Milk 500ml,Dairy,Mini Supermarket,PCS,42.0,24.0,3,52,67,55,70.0,Brookside Dairy Ltd,Kiambu ,2,40,0,0
2024-11-01,PRD011,ORS Sachets x6,Rehydration,Pharamcy,Pack,71.0,22.0,1,0,48,35,60.0,Dawa Ltd,nairobi,2,50,0,0
2025-07-01,PRD010,Amoxicillin 250mg x6,Antibiotics,Pharmacy,Strips,21.0,-15.0,3,0,3,55,90.0,Cosmos Pharmaceuticals,NAIROBI,3,40,0,0
2024-08-28,PRD012,Dettol Antiseptic 100ml,Antiseptics,Pharamcy,Bottle,108.0,27.0,3,75,153,145,200.0,Reckitt Kenya,,3,20,0,0
2025-04-04,PRD020,Earphones Generic,Accessories,Electronics,PCS,36.0,29.0,0,4,11,150,300.0,,NAIROBI,2,12,0,0
2025-02-25,PRD020,Earphones Generic,Accessories,Electronics,pcs,57.0,40.0,3,0,14,150,300.0,,NAIROBI,2,12,0,0
2025-06-08,PRD014,DAP Fertiliser 50kg,Fertilisers,Agrovet,bag,45.0,31.0,2,0,12,3800,134345.981774521,MEA Fertilisers,Nairob,7,5,0,1
2024-11-13,PRD014,DAP Fertiliser 50kg,Fertilisers,AGROVET,bag,13.0,10.0,2,0,10,3800,4500.0,MEA Fertilisers,Nairob,7,5,0,0
2024-09-26,PRD018,Drenching Gun Dewormer,Veterinary,Agrovet,Bottle,101.0,9.0,0,0,92,480,650.0,,nairobi,4,8,0,0
2024-08-18,PRD018,Drenching Gun Dewormer,Veterinary,Agrovet,Bottle,51.0,18.0,1,0,32,480,650.0,Interchemie Kenya,nairobi,4,8,0,1
2026-02-05,PRD013,Malaria RDT Kit,DIAGNOSTICS,Pharmacy,PCS,98.0,14.0,3,0,95,120,200.0,Medipharm Ltd,Nairobi ,4,25,0,0
2024-11-16,PRD015,  CAN Fertiliser 50kg  ,Fertilisers,Agrovet,BAG,59.0,29.0,2,25,53,3200,3900.0,MEA Fertilisers,NAIROBI,7,5,0,1
2024-06-29,PRD005,Elianto Cooking Oil 1L,Oils & Fats,Mini Supermarket,btl,11.0,10.0,1,0,0,230,8359.305532636863,Kapa Oil Refineries,Nairobi,4,20,0,1
2025-12-03,PRD004,KCC Butter 250g,Dairy,Mini Supermarket,piece,35.0,26.0,1,0,8,210,260.0,Brookside Dairy Ltd,kiambu,2,15,0,0
2025-02-11,PRD001,Unga Jogoo 2kg,Flour & Grains,Mini Supermarket,bag,11.0,9.0,2,37,37,145,175.0,Unga Ltd Nairobi,Nairobi ,3,30,0,0
2025-10-24,PRD020,Earphones Generic,Accessories,Electronics,PCS,73.0,32.0,1,0,40,150,300.0,,NAIROBI,2,12,0,0
2026-03-28,PRD009,Paracetamol 500mg x10,Analgesics,Pharmacy,Strips,9.0,6.0,2,0,1,18,30.0,   ,Nairobi ,2,60,0,1
2024-04-03,PRD010,Amoxicillin 250mg x6,Antibiotics,Pharamcy,Strips,89.0,22.0,1,0,66,55,90.0,Cosmos Pharmaceuticals,nairobi,3,40,0,0
2025-04-21,PRD010,Amoxicillin 250mg x6,Antibiotics,Pharmacy,Strips,,12.0,3,35,35,55,90.0,Cosmos Pharmaceuticals,NAIROBI,3,40,0,0
16-06-2025,PRD015,CAN Fertiliser 50kg,Fertilisers,Agrovet ,Bags,88.0,1.0,2,0,85,3200,3900.0,MEA Fertilisers,NAIROBI,7,5,0,0
05-Jun-2024,PRD017,Newcastle Vaccine 100dos,Veterinary,Agrovet,VIAL,119.0,1.0,0,0,118,250,11941.865046624089,Interchemie Kenya,Nairob,4,10,0,0
2025-04-16,PRD014,DAP Fertiliser 50kg,Fertilisers,Agrovet,bag,63.0,23.0,2,33,71,3800,4500.0,MEA Fertilisers,Nairob,7,5,0,0
2026-04-13,PRD008,Royco Mchuzi Mix 75g,Seasonings,Mini Supermarket,Pack,19.0,6.0,3,60,70,42,55.0,Unilever Kenya,nairobi,3,35,0,0
2025-08-29,PRD012,Dettol Antiseptic 100ml,Antiseptics,Pharmacy,Bottle,15.0,15.0,2,0,0,145,200.0,Reckitt Kenya,NAIROBI,3,20,0,0
2024-12-03,PRD018,Drenching Gun Dewormer,Veterinary,Agrovet,bottle,94.0,1.0,3,0,90,480,650.0,Interchemie Kenya,nairobi,4,8,0,0
2025-06-11,PRD015,CAN Fertiliser 50kg,Fertilisers,Agrovet,BAG,46.0,36.0,0,0,10,3200,3900.0,MEA Fertilisers,NAIROBI,7,5,0,0
2025-12-26,PRD009,Paracetamol 500mg x10,Analgesics,Pharmacy,Strips,14.0,1.0,2,0,11,18,,Shelys Pharmaceuticals,Nairobi ,2,60,0,0
2025-04-23,PRD010,Amoxicillin 250mg x6,Antibiotics,Pharmacy,Strips,99.0,11.0,2,0,86,55,90.0,Cosmos Pharmaceuticals,NAIROBI,3,40,0,0
2024-07-06,PRD004,KCC Butter 250g,Dairy,Mini Supermarket,pcs,57.0,40.0,3,0,14,210,260.0,Brookside Dairy Ltd,kiambu,2,15,0,1
17/04/2026,PRD016,  Maize Seed 2kg  ,Seeds,Agrovet,PACK,94.0,10.0,0,66,150,380,520.0,Kenya Seed Company,Nakurru,5,15,0,0
2024-04-05,PRD013,  Malaria RDT Kit  ,Diagnostics,Pharmacy,PCS,113.0,29.0,1,0,83,120,200.0,Medipharm Ltd,Nairobi ,4,25,0,0
2024-06-11,PRD017,Newcastle Vaccine 100dos,Veterinary,Agrovet,VIAL,106.0,24.0,2,0,80,250,400.0,Interchemie Kenya,Nairob,4,10,0,0
2024-12-28,PRD007,Omo Washing Powder 1kg,Detergents,Mini Supermarket,pack,51.0,35.0,3,0,31,295,398.25,Bidco Africa Mombasa Rd,Nairob,3,12,0,1
2024-04-28,PRD002,Pembe Unga 1kg,Flour & Grains,Mini Supermarket,Bag,26.0,12.0,1,0,13,78,95.0,Unga Ltd Nairobi,NAIROBI,3,25,0,1
2025-10-25,PRD018,Drenching Gun Dewormer,Veterinary,Agrovet,Bottle,36.0,2.0,2,0,32,480,650.0,Interchemie Kenya,nairobi,4,8,0,1
2025-03-11,PRD015,CAN Fertiliser 50kg,Fertilisers,Agrovet,Bag,111.0,30.0,0,0,81,3200,,MEA Fertilisers,NAIROBI,7,5,0,0
2025-11-05,PRD016,Maize Seed 2kg,Seeds,Agrovet ,PACK,13.0,9.0,3,0,1,380,520.0,Kenya Seed Company,Nakurru,5,15,0,0
2024-06-14,PRD011,  ORS Sachets x6  ,Rehydration,Pharmacy,Pack,25.0,2.0,2,0,21,35,60.0,Dawa Ltd,nairobi,2,50,0,0
2024-09-10,PRD015,CAN Fertiliser 50kg,Fertilisers,Agrovet,BAG,89.0,15.0,1,39,112,3200,3900.0,MEA Fertilisers,NAIROBI,7,5,0,0
2024-09-02,PRD018,Drenching Gun Dewormer,Veterinary,Agrovet,Btl,59.0,7.0,0,61,113,480,650.0,,nairobi,4,8,0,0
2024-01-23,PRD003,Brookside Milk 500ml,Dairy,Mini Supermarket,piece,30.0,2.0,1,38,65,55,70.0,Brookside Dairy Ltd,Kiambu ,2,40,0,0
2025-10-21,PRD002,Pembe Unga 1kg,Flour & Grains,Mini Supermarket,BAG,45.0,30.0,0,0,15,78,95.0,Unga Ltd Nairobi,nairobi,3,25,0,0
2024-01-15,PRD010,Amoxicillin 250mg x6,Antibiotics,Pharmacy,Strips,70.0,25.0,2,0,43,55,90.0,Cosmos Pharmaceuticals,Nairobi,3,40,0,0
2024-04-11,PRD020,Earphones Generic,Accessories,electronics,PCS,22.0,12.0,1,0,9,150,300.0,,NAIROBI,2,12,0,0
2025-11-16,PRD019,Infinix Charger 33W,accessories,Electronics,PCS,90.0,8.0,3,0,59,380,650.0,Luthuli Ave Wholesale,NAIROBI,2,10,0,1
2025-06-14,PRD015,CAN Fertiliser 50kg,Fertilisers,Agrovet,BAG,75.0,,0,4,75,3200,3900.0,MEA Fertilisers,NAIROBI,7,5,0,1
15-01-2024,PRD003,Brookside Milk 500ml,Dairy,Mini Supermarket,piece,49.0,20.0,3,0,26,55,70.0,Brookside Dairy Ltd,Kiambu ,2,40,0,0
2024-05-03,PRD020,Earphones Generic,Accessories,electronics,PCS,104.0,20.0,2,0,82,150,300.0,,NAIROBI,2,12,0,0
2026-02-17,PRD008,Royco Mchuzi Mix 75g,Seasonings,Mini Supermarket,Pack,87.0,4.0,0,0,83,42,55.0,   ,nairobi,3,35,0,0
2026-04-12,PRD010,Amoxicillin 250mg x6,Antibiotics,Pharmacy,Strips,116.0,12.0,3,79,180,55,,Cosmos Pharmaceuticals,NAIROBI,3,40,0,1
2026-03-09,PRD017,Newcastle Vaccine 100dos,Veterinary,Agrovet,VIAL,101.0,6.0,1,0,94,250,400.0,Interchemie Kenya,Nairob,4,10,0,0
2024-08-04,PRD005,Elianto Cooking Oil 1L,Oils & Fats,Mini Supermarket,btl,78.0,31.0,1,0,46,230,280.0,Kapa Oil Refineries,Nairobi,4,20,0,1
2025-09-09,PRD016,Maize Seed 2kg,SEEDS,Agrovet,PACK,86.0,17.0,2,63,130,380,520.0,Kenya Seed Company,Nakurru,5,15,0,0
2024-12-20,PRD009,Paracetamol 500mg x10,Analgesics,Pharmacy,Strips,5.0,5.0,2,0,0,18,30.0,Shelys Pharmaceuticals,Nairobi ,2,60,0,0
2024-08-19,PRD010,Amoxicillin 250mg x6,Antibiotics,Pharmacy,Strips,46.0,14.0,0,52,84,55,90.0,Cosmos Pharmaceuticals,NAIROBI,3,40,0,0
2024-12-14,PRD012,Dettol Antiseptic 100ml,Antiseptics,Pharmacy,btl,34.0,14.0,2,0,18,145,200.0,Reckitt Kenya,NAIROBI,3,20,0,1
2024-08-14,PRD011,ORS Sachets x6,Rehydration,Pharmacy,Pack,90.0,33.0,3,0,70,35,60.0,Dawa Ltd,nairobi,2,50,0,0
2025-09-01,PRD014,DAP Fertiliser 50kg,Fertilisers,Agrovet,bag,14.0,5.0,1,22,30,3800,4500.0,MEA Fertilisers,Nairob,7,5,0,0
2025-05-17,PRD003,Brookside Milk 500ml,Dairy,Mini Supermarket,piece,8.0,7.0,0,0,1,55,70.0,Brookside Dairy Ltd,Kiambu ,2,40,0,1
2024-06-03,PRD006,Salit Sugar 1kg,Sugar & Spices,Mini Supermarket,bag,25.0,5.0,1,0,19,135,160.0,Mumias Sugar Distributor,Kisumu,5,30,0,0
2024-05-05,PRD020,Earphones Generic,Accessories,Electronics,PCS,110.0,,3,0,68,150,300.0,,NAIROBI,2,12,1,1
2025-08-24,PRD011,ORS Sachets x6,Rehydration,Pharmacy,Pack,72.0,4.0,3,0,65,35,60.0,Dawa Ltd,nairobi,2,50,0,1
2024-06-25,PRD002,Pembe Unga 1kg,Flour & Grains,Mini Supermarket,BAG,22.0,22.0,1,0,0,78,2836.192948573221,Unga Ltd Nairobi,NAIROBI,3,25,0,0
2024-12-17,PRD020,Earphones Generic,Accessories,Electronics,PCS,65.0,12.0,1,24,76,150,300.0,,NAIROBI,2,12,0,0
2025-11-30,PRD002,Pembe Unga 1kg,Flour & Grains,Mini Supermarket,BAG,79.0,3.0,1,0,75,78,95.0,Unga Ltd Nairobi,NAIROBI,3,25,0,1
2024-06-18,PRD017,Newcastle Vaccine 100dos,Veterinary,Agrovet,VIAL,67.0,11.0,2,0,54,250,400.0,   ,Nairob,4,10,0,0
2024-01-13,PRD009,  Paracetamol 500mg x10  ,analgesics,Pharamcy,Strips,35.0,10.0,1,0,24,18,,Shelys Pharmaceuticals,Nairobi ,2,60,0,1
2024-12-08,PRD005,Elianto Cooking Oil 1L,Oils & Fats,Mini Supermarket,btl,115.0,18.0,2,0,95,230,280.0,Kapa Oil Refineries,,4,20,0,1
2025-10-16,PRD008,Royco Mchuzi Mix 75g,seasonings,Mini Supermarket,Pack,101.0,4.0,0,75,172,42,55.0,Unilever Kenya,nairobi,3,35,0,0
2026-03-23,PRD019,Infinix Charger 33W,Accessories,Electronics,PCS,92.0,13.0,1,0,78,380,650.0,Luthuli Ave Wholesale,Nairobi,2,10,0,0
2025-06-15,PRD015,  CAN Fertiliser 50kg  ,Fertilisers,agrovet,BAG,107.0,6.0,1,72,172,3200,3900.0,MEA Fertilisers,,7,5,0,1
2024-08-28,PRD010,Amoxicillin 250mg x6,Antibiotics,Pharmacy,Strips,91.0,5.0,3,40,123,55,90.0,Cosmos Pharmaceuticals,NAIROBI,3,40,0,0
2024-09-12,PRD011,  ORS Sachets x6  ,Rehydration,Pharmacy,Pack,108.0,31.0,0,0,77,35,60.0,Dawa Ltd,nairobi,2,50,0,0
2024-08-26,PRD016,Maize Seed 2kg,Seeds,Agrovet,PACK,25.0,17.0,2,3,23,380,520.0,,Nakurru,5,15,0,0
2026-01-04,PRD009,Paracetamol 500mg x10,Analgesics,Pharmacy,Strips,119.0,9.0,2,0,108,18,30.0,Shelys Pharmaceuticals,Nairobi ,2,60,0,1
2025-08-03,PRD010,Amoxicillin 250mg x6,Antibiotics,Pharmacy,Strips,92.0,32.0,1,0,59,55,90.0,Cosmos Pharmaceuticals,NAIROBI,3,40,1,1
2025-07-08,PRD012,Dettol Antiseptic 100ml,Antiseptics,Pharmacy,Bottle,52.0,9.0,0,0,45,145,200.0,Reckitt Kenya,NAIROBI,3,20,0,0
2024-10-14,PRD017,Newcastle Vaccine 100dos,Veterinary,Agrovet,VIAL,103.0,,1,0,97,250,400.0,Interchemie Kenya,Nairob,4,10,0,0
2025-04-30,PRD018,Drenching Gun Dewormer,Veterinary,Agrovet,Bottle,81.0,4.0,0,0,77,480,650.0,Interchemie Kenya,nairobi,4,8,0,0
2024-10-11,PRD007,Omo Washing Powder 1kg,detergents,Mini Supermarket,pack,58.0,3.0,2,0,53,295,398.25,Bidco Africa Mombasa Rd,Nairob,3,12,0,0
2026-02-21,PRD001,Unga Jogoo 2kg,Flour & Grains,Mini Supermarket,bag,120.0,8.0,1,0,111,145,175.0,Unga Ltd Nairobi,Nairobi ,3,30,0,1
2026-01-04,PRD002,Pembe Unga 1kg,Flour & Grains,Mini Supermarket,BAG,69.0,25.0,0,40,84,78,95.0,Unga Ltd Nairobi,NAIROBI,3,25,0,1
2025-03-19,PRD015,CAN Fertiliser 50kg,Fertilisers,Agrovet,BAG,64.0,37.0,2,0,25,3200,3900.0,MEA Fertilisers,NAIROBI,7,5,0,0
2025-11-04,PRD013,Malaria RDT Kit,Diagnostics,Pharmacy,PCS,51.0,17.0,0,54,88,120,200.0,,Nairobi ,4,25,0,0
2025-07-08,PRD015,CAN Fertiliser 50kg,Fertilisers,Agrovet,BAG,53.0,-38.0,3,0,12,3200,3900.0,MEA Fertilisers,NAIROBI,7,5,0,0
2025-05-20,PRD013,  Malaria RDT Kit  ,Diagnostics,Pharmacy,PCS,41.0,34.0,2,0,5,120,,Medipharm Ltd,Nairobi ,4,25,0,0
2025-03-20,PRD002,Pembe Unga 1kg,Flour & Grains,Mini Supermarket,BAG,104.0,17.0,3,0,84,78,95.0,Unga Ltd Nairobi,NAIROBI,3,25,0,0
2025-03-22,PRD014,DAP Fertiliser 50kg,Fertilisers,Agrovet,bag,63.0,0.0,1,22,84,3800,4500.0,MEA Fertilisers,Nairob,7,5,0,1
2025-04-09,PRD016,Maize Seed 2kg,Seeds,Agrovet,PACK,51.0,2.0,3,0,46,380,520.0,,Nakurru,5,15,0,0
2024-10-06,PRD006,Salit Sugar 1kg,Sugar & Spices,Mini Supermarket,Bag ,39.0,23.0,3,0,13,135,160.0,,Kisumu,5,30,0,1
"Sep 01, 2025",PRD009,Paracetamol 500mg x10,Analgesics,Pharmacy,Strips,106.0,2.0,0,16,120,18,30.0,   ,Nairobi ,2,60,0,0
2025-02-12,PRD011,ORS Sachets x6,Rehydration,Pharmacy,Pack,18.0,1.0,3,0,14,35,60.0,Dawa Ltd,nairobi,2,50,0,0
22-Aug-2024,PRD018,  Drenching Gun Dewormer  ,Veterinary,Agrovet,Bottle,42.0,27.0,2,0,13,480,650.0,Interchemie Kenya,nairobi,4,8,0,0
2024-08-27,PRD015,CAN Fertiliser 50kg,Fertilisers,Agrovet,BAG,98.0,30.0,0,70,138,3200,3900.0,MEA Fertilisers,NAIROBI,7,5,0,0
2024-02-22,PRD014,DAP Fertiliser 50kg,Fertilisers,Agrovet,bag,47.0,8.0,0,0,39,3800,4500.0,MEA Fertilisers,Nairob,7,5,0,0
2025-01-29,PRD006,Salit Sugar 1kg,Sugar & Spices,Mini Supermarket,Bag ,89.0,-9.0,2,0,78,135,160.0,Mumias Sugar Distributor,Kisumu,5,30,0,0
2025-06-06,PRD018,Drenching Gun Dewormer,Veterinary,Agrovet,bottle,12.0,5.0,0,41,48,480,650.0,Interchemie Kenya,Nairobi,4,8,0,0
2025-01-08,PRD010,Amoxicillin 250mg x6,Antibiotics,Pharmacy,Strips,23.0,15.0,2,52,58,55,90.0,Cosmos Pharmaceuticals,NAIROBI,3,40,0,0
2025-02-23,PRD006,Salit Sugar 1kg,Sugar & Spices,Mini Supermarket,Bags,19.0,7.0,3,0,9,135,160.0,Mumias Sugar Distributor,Kisumu,5,30,0,1
2026-03-02,PRD009,  Paracetamol 500mg x10  ,Analgesics,Pharmacy,Strips,89.0,38.0,2,0,49,18,30.0,Shelys Pharmaceuticals,Nairobi ,2,60,0,0
2024-06-19,PRD003,Brookside Milk 500ml,Dairy,Mini Supermarket,piece,28.0,17.0,2,60,69,55,70.0,Brookside Dairy Ltd,Kiambu ,2,40,0,0
2025-06-15,PRD004,KCC Butter 250g,Dairy,Mini Supermarket,piece,85.0,14.0,2,3,72,210,260.0,Brookside Dairy Ltd,kiambu,2,15,0,1
2024-12-08,PRD019,Infinix Charger 33W,accessories,Electronics,PCS,92.0,,1,0,59,380,650.0,Luthuli Ave Wholesale,NAIROBI,2,10,0,1
2024-07-30,PRD007,  Omo Washing Powder 1kg  ,Detergents,Mini Supermarket,pack,119.0,37.0,3,0,79,295,398.25,   ,Nairob,3,12,0,0
2024-11-21,PRD019,Infinix Charger 33W,Accessories,Electronics,PCS,100.0,25.0,2,21,99,380,650.0,Luthuli Ave Wholesale,NAIROBI,2,10,0,0
2026-01-16,PRD020,Earphones Generic,Accessories,Electronics,PCS,81.0,27.0,1,23,76,150,300.0,,NAIROBI,2,12,0,0
2024-08-01,PRD001,Unga Jogoo 2kg,Flour & Grains,Mini Supermarket,bag,27.0,9.0,3,13,28,145,175.0,Unga Ltd Nairobi,Nairobi ,3,30,0,0
2025-03-13,PRD007,  Omo Washing Powder 1kg  ,Detergents,Mini Supermarket,Pack,32.0,5.0,1,60,86,295,398.25,Bidco Africa Mombasa Rd,Nairob,3,12,0,0
2024-03-06,PRD005,Elianto Cooking Oil 1L,Oils & Fats,Mini Supermarket,btl,-80.0,37.0,1,79,121,230,280.0,Kapa Oil Refineries,Nairobi,4,20,0,0
2024-02-14,PRD016,Maize Seed 2kg,seeds,Agrovet,PACK,97.0,3.0,2,0,92,380,520.0,Kenya Seed Company,Nakurru,5,15,0,0
2024-06-13,PRD012,Dettol Antiseptic 100ml,Antiseptics,Pharmacy,Bottle,76.0,30.0,1,0,45,145,5970.932523312044,Reckitt Kenya,NAIROBI,3,20,0,0
2025-01-03,PRD008,  Royco Mchuzi Mix 75g  ,Seasonings,Mini Supermarket,Pack,10.0,10.0,3,78,75,42,55.0,Unilever Kenya,nairobi,3,35,0,0
2026-03-05,PRD016,Maize Seed 2kg,Seeds,Agrovet,PACK,120.0,8.0,3,45,154,380,520.0,Kenya Seed Company,NAKURRU,5,15,0,0
2024-11-24,PRD020,Earphones Generic,Accessories,Electronics,PCS,116.0,30.0,3,0,83,150,300.0,,NAIROBI,2,12,1,1
2024-09-21,PRD017,Newcastle Vaccine 100dos,Veterinary,Agrovet,VIAL,,0.0,1,0,6,250,400.0,Interchemie Kenya,Nairob,4,10,0,1
2024-05-23,PRD014,DAP Fertiliser 50kg,Fertilisers,Agrovet,bag,119.0,10.0,3,52,158,3800,4500.0,MEA Fertilisers,Nairob,7,5,0,0
2025-08-06,PRD011,ORS Sachets x6,Rehydration,Pharmacy,Pack,46.0,26.0,3,0,17,35,60.0,Dawa Ltd,nairobi,2,50,0,0
2025-09-07,PRD005,Elianto Cooking Oil 1L,OILS & FATS,Mini Supermarket,btl,111.0,13.0,0,0,98,230,280.0,Kapa Oil Refineries,Nairobi,4,20,0,1
2025-09-11,PRD014,DAP Fertiliser 50kg,Fertilisers,Agrovet,bag,18.0,14.0,0,0,4,3800,4500.0,MEA Fertilisers,Nairob,7,5,0,0
05-02-2026,PRD014,DAP Fertiliser 50kg,Fertilisers,Agrovet,bag,66.0,12.0,2,0,38,3800,4500.0,MEA Fertilisers,,7,5,0,0
2024-02-08,PRD007,Omo Washing Powder 1kg,Detergents,Mini Supermarket,pack,91.0,16.0,3,0,72,295,398.25,Bidco Africa Mombasa Rd,Nairob,3,12,0,0
2026-04-16,PRD005,  Elianto Cooking Oil 1L  ,Oils & Fats,Mini Supermarket,btl,101.0,14.0,3,0,84,230,280.0,Kapa Oil Refineries,Nairobi,4,20,0,0
2024-08-16,PRD008,Royco Mchuzi Mix 75g,Seasonings,Mini Supermarket,Pack,61.0,15.0,0,80,126,42,55.0,Unilever Kenya,,3,35,0,0
2024-05-25,PRD002,Pembe Unga 1kg,Flour & Grains,Mini Supermarket,BAG,112.0,37.0,3,0,72,78,,Unga Ltd Nairobi,NAIROBI,3,25,0,1
2025-05-05,PRD018,Drenching Gun Dewormer,Veterinary,Agrovet,Bottle,108.0,28.0,2,0,78,480,650.0,Interchemie Kenya,nairobi,4,8,0,0
2025-05-19,PRD008,Royco Mchuzi Mix 75g,Seasonings,Mini Supermarket,Pack,13.0,2.0,2,32,41,42,55.0,Unilever Kenya,nairobi,3,35,0,0
2026-01-18,PRD016,Maize Seed 2kg,Seeds,Agrovet,PACK,27.0,8.0,1,0,18,380,520.0,,Nakurru,5,15,0,1
24-03-2025,PRD016,Maize Seed 2kg,Seeds,Agrovet,PACK,49.0,6.0,3,0,40,380,520.0,Kenya Seed Company,NAKURRU,5,15,0,0
05/29/2024,PRD009,Paracetamol 500mg x10,Analgesics,Pharmacy,Strips,95.0,9.0,0,41,127,18,30.0,   ,Nairobi ,2,60,0,0
2024-03-17,PRD009,Paracetamol 500mg x10,analgesics,Pharmacy,Strips,43.0,37.0,0,0,23,18,30.0,Shelys Pharmaceuticals,Nairobi ,2,60,0,1
2026-02-20,PRD011,ORS Sachets x6,Rehydration,Pharmacy,pack,44.0,15.0,3,18,44,35,60.0,,nairobi,2,50,0,0
2026-02-01,PRD003,Brookside Milk 500ml,Dairy,Mini Supermarket,piece,89.0,11.0,0,0,78,55,70.0,Brookside Dairy Ltd,Kiambu ,2,40,1,1
2024-10-07,PRD002,Pembe Unga 1kg,Flour & Grains,Mini Supermarket,BAG,8.0,7.0,1,0,0,78,95.0,Unga Ltd Nairobi,NAIROBI,3,25,0,0
2024-12-02,PRD013,Malaria RDT Kit,Diagnostics,Pharmacy,PCS,78.0,30.0,2,0,46,120,,Medipharm Ltd,Nairobi ,4,25,0,0
20-02-2024,PRD011,ORS Sachets x6,Rehydration,Pharmacy,Pack,41.0,24.0,3,0,14,35,60.0,Dawa Ltd,nairobi,2,50,0,0
2026-01-19,PRD006,Salit Sugar 1kg,Sugar & Spices,Mini Supermarket,Bag ,69.0,39.0,3,0,31,135,160.0,Mumias Sugar Distributor,Kisumu,5,30,0,0
01/02/2026,PRD012,Dettol Antiseptic 100ml,Antiseptics,Pharmacy,Bottle,77.0,27.0,2,0,48,145,200.0,   ,NAIROBI,3,20,0,0
2024-06-26,PRD014,DAP Fertiliser 50kg,Fertilisers,Agrovet,bag,93.0,,3,0,59,3800,4500.0,MEA Fertilisers,Nairob,7,5,0,0
2024-12-12,PRD016,Maize Seed 2kg,Seeds,AGROVET,PACK,89.0,28.0,1,55,115,380,520.0,Kenya Seed Company,Nakurru,5,15,0,0
2026-01-16,PRD005,Elianto Cooking Oil 1L,Oils & Fats,Mini Supermarket,btl,60.0,9.0,1,23,73,230,280.0,Kapa Oil Refineries,NAIROBI,4,20,0,0
2026-02-14,PRD011,ORS Sachets x6,Rehydration,Pharmacy,Pack,7.0,6.0,0,0,1,35,60.0,Dawa Ltd,nairobi,2,50,0,1
2025-09-07,PRD003,Brookside Milk 500ml,Dairy,Mini Supermarket,piece,39.0,2.0,0,0,37,55,70.0,Brookside Dairy Ltd,Kiambu ,2,40,0,1
2024-11-29,PRD012,Dettol Antiseptic 100ml,Antiseptics,Pharmacy,Bottle,68.0,29.0,1,0,38,145,200.0,Reckitt Kenya,NAIROBI,3,20,0,0
2024-11-05,PRD015,CAN Fertiliser 50kg,Fertilisers,Agrovet,BAG,29.0,15.0,0,0,14,3200,3900.0,MEA Fertilisers,NAIROBI,7,5,0,0
2025-01-21,PRD015,CAN Fertiliser 50kg,Fertilisers,Agrovet,BAG,,39.0,0,0,29,3200,3900.0,MEA Fertilisers,NAIROBI,7,5,0,0
2024-08-01,PRD012,Dettol Antiseptic 100ml,Antiseptics,Pharmacy,Bottle,,20.0,0,0,44,145,200.0,Reckitt Kenya,NAIROBI,3,20,0,0
2024-10-04,PRD017,Newcastle Vaccine 100dos,Veterinary,Agrovet,VIAL,82.0,31.0,0,0,51,250,400.0,Interchemie Kenya,Nairob,4,10,0,0
2024-11-01,PRD020,Earphones Generic,Accessories,Electronics,PCS,69.0,32.0,0,0,37,150,300.0,,NAIROBI,2,12,0,0
2026-01-17,PRD019,Infinix Charger 33W,Accessories,Electronics,PCS,59.0,26.0,0,0,33,380,650.0,Luthuli Ave Wholesale,NAIROBI,2,10,0,1
2025-03-27,PRD018,Drenching Gun Dewormer,Veterinary,AGROVET,Bottle,100.0,5.0,3,0,92,480,650.0,Interchemie Kenya,nairobi,4,8,0,0
2025-03-12,PRD012,Dettol Antiseptic 100ml,Antiseptics,Pharmcy,Bottle,18.0,6.0,2,72,82,145,200.0,Reckitt Kenya,NAIROBI,3,20,0,0
2025-03-23,PRD017,Newcastle Vaccine 100dos,Veterinary,Agrovet,VIAL,22.0,12.0,2,0,8,250,400.0,Interchemie Kenya,Nairob,4,10,0,1
2024-12-17,PRD009,Paracetamol 500mg x10,Analgesics,Pharmacy,Strips,58.0,35.0,2,0,21,18,30.0,Shelys Pharmaceuticals,Nairobi ,2,60,0,0
2024-03-07,PRD018,Drenching Gun Dewormer,Veterinary,Agrovet,Bottle,70.0,35.0,0,0,35,480,650.0,Interchemie Kenya,nairobi,4,8,0,0
2025-12-01,PRD011,ORS Sachets x6,Rehydration,Pharmacy,Pack,5.0,5.0,3,0,0,35,60.0,Dawa Ltd,Nairobi,2,50,0,0
12-03-2025,PRD008,Royco Mchuzi Mix 75g,Seasonings,Mini Supermarket,Pack,87.0,12.0,0,0,75,42,55.0,Unilever Kenya,nairobi,3,35,0,0
2026-02-03,PRD010,Amoxicillin 250mg x6,Antibiotics,Pharmacy,Strips,113.0,38.0,1,29,103,55,90.0,Cosmos Pharmaceuticals,NAIROBI,3,40,0,0
2025-08-02,PRD010,Amoxicillin 250mg x6,ANTIBIOTICS,Pharmacy,Strips,75.0,19.0,0,0,56,55,,,NAIROBI,3,40,0,1
2025-01-23,PRD014,DAP Fertiliser 50kg,Fertilisers,Agrovet,bag,103.0,18.0,0,0,85,3800,4500.0,MEA Fertilisers,Nairob,7,5,0,0
2025-05-10,PRD019,Infinix Charger 33W,ACCESSORIES,Electronics,PCS,102.0,8.0,3,57,148,380,650.0,Luthuli Ave Wholesale,NAIROBI,2,10,0,1
2025-12-25,PRD005,Elianto Cooking Oil 1L,Oils & Fats,Mini Supermarket,btl,73.0,3.0,2,0,68,230,280.0,Kapa Oil Refineries,Nairobi,4,20,0,0
2025-11-01,PRD008,Royco Mchuzi Mix 75g,Seasonings,Mini Supermarket,Pack,82.0,38.0,2,6,48,42,55.0,Unilever Kenya,nairobi,3,35,0,1
13-02-2026,PRD002,Pembe Unga 1kg,Flour & Grains,Mini Supermarket,BAG,9.0,3.0,0,27,33,78,95.0,Unga Ltd Nairobi,NAIROBI,3,25,0,0
2025-07-02,PRD015,CAN Fertiliser 50kg,Fertilisers,Agrovet,BAG,10.0,5.0,2,0,3,3200,3900.0,,NAIROBI,7,5,0,0
05/20/2025,PRD018,Drenching Gun Dewormer,Veterinary,Agrovet,BOTTLE,68.0,12.0,1,0,55,480,650.0,Interchemie Kenya,,4,8,0,0
2024-10-23,PRD007,  Omo Washing Powder 1kg  ,Detergents,Mini Supermarket,pack,12.0,12.0,3,78,75,295,398.25,Bidco Africa Mombasa Rd,Nairob,3,12,0,0
2024-10-15,PRD006,  Salit Sugar 1kg  ,Sugar & Spices,Mini Supermarket,Bag ,68.0,32.0,3,0,33,135,160.0,,Kisumu,5,30,0,0
2026-02-15,PRD011,ORS Sachets x6,Rehydration,Pharmacy,Pack,84.0,7.0,2,53,128,35,60.0,Dawa Ltd,nairobi,2,50,0,1
2025-07-10,PRD005,Elianto Cooking Oil 1L,Oils & Fats,Mini Supermarket,btl,114.0,,2,0,85,230,280.0,Kapa Oil Refineries,Nairobi,4,20,0,0
2026-02-02,PRD004,KCC Butter 250g,Dairy,Mini Supermarket,piece,11.0,8.0,0,0,3,210,260.0,Brookside Dairy Ltd,,2,15,0,0
2024-07-14,PRD010,Amoxicillin 250mg x6,ANTIBIOTICS,Pharmacy,Strips,95.0,33.0,1,0,61,55,90.0,Cosmos Pharmaceuticals,NAIROBI,3,40,0,1
21-Nov-2025,PRD010,Amoxicillin 250mg x6,Antibiotics,Pharmacy,Strips,65.0,7.0,3,0,55,55,90.0,Cosmos Pharmaceuticals,NAIROBI,3,40,0,0
07/02/2025,PRD009,Paracetamol 500mg x10,Analgesics,Pharmacy,Strips,6.0,4.0,2,79,79,18,,Shelys Pharmaceuticals,,2,60,0,0
2024-08-06,PRD016,Maize Seed 2kg,Seeds,Agrovet,PACK,79.0,10.0,0,0,69,380,520.0,Kenya Seed Company,Nakurru,5,15,0,0
2024-07-06,PRD015,CAN Fertiliser 50kg,fertilisers,Agrovet,Bags,62.0,,3,4,35,3200,3900.0,MEA Fertilisers,,7,5,0,1
2024-05-29,PRD010,Amoxicillin 250mg x6,Antibiotics,Pharmacy,Strips,28.0,5.0,0,0,23,55,90.0,Cosmos Pharmaceuticals,NAIROBI,3,40,0,0
2024-07-08,PRD009,Paracetamol 500mg x10,Analgesics,Pharmacy,Strips,65.0,36.0,0,0,29,18,30.0,Shelys Pharmaceuticals,Nairobi ,2,60,0,0
2026-01-14,PRD012,Dettol Antiseptic 100ml,Antiseptics,Pharmacy,Bottle,102.0,2.0,0,0,100,145,200.0,Reckitt Kenya,NAIROBI,3,20,0,0
2024-04-02,PRD002,Pembe Unga 1kg,Flour & Grains,Mini Supermarket,BAG,30.0,18.0,1,0,11,78,95.0,Unga Ltd Nairobi,,3,25,0,0
2024-01-18,PRD015,CAN Fertiliser 50kg,Fertilisers,Agrovet,BAG,61.0,13.0,3,0,45,3200,3900.0,MEA Fertilisers,NAIROBI,7,5,0,0
2024-04-06,PRD010,Amoxicillin 250mg x6,Antibiotics,Pharmacy,Strips,15.0,0.0,1,0,23,55,90.0,Cosmos Pharmaceuticals,NAIROBI,3,40,0,1
2025-12-16,PRD015,CAN Fertiliser 50kg,Fertilisers,Agrovet,BAG,54.0,7.0,2,33,78,3200,3900.0,MEA Fertilisers,NAIROBI,7,5,0,0
2025-04-21,PRD001,Unga Jogoo 2kg,Flour & Grains,Mini Supermarket,bag,70.0,7.0,3,48,114,145,175.0,Unga Ltd Nairobi,,3,30,0,0
2024-06-05,PRD002,Pembe Unga 1kg,Flour & Grains,Mini Supermarket,BAG,70.0,5.0,3,0,62,78,95.0,Unga Ltd Nairobi,NAIROBI,3,25,0,0
2024-01-15,PRD011,ORS Sachets x6,Rehydration,Pharmacy,Pack,19.0,8.0,1,0,10,35,60.0,Dawa Ltd,nairobi,2,50,0,0
03/20/2026,PRD011,ORS Sachets x6,Rehydration,Pharmacy,PACK,34.0,19.0,0,41,56,35,60.0,Dawa Ltd,nairobi,2,50,0,0
2025-03-19,PRD005,Elianto Cooking Oil 1L,Oils & Fats,Mini Supermarket,btl,60.0,22.0,2,64,100,230,,Kapa Oil Refineries,Nairobi,4,20,0,0
2024-05-18,PRD015,CAN Fertiliser 50kg,Fertilisers,Agrovet,BAG,47.0,22.0,3,0,22,3200,3900.0,,NAIROBI,7,5,0,1
2024-11-29,PRD013,Malaria RDT Kit,DIAGNOSTICS,Pharmacy,PCS,,9.0,2,0,34,120,200.0,Medipharm Ltd,Nairobi ,4,25,0,0
2024-02-06,PRD009,Paracetamol 500mg x10,Analgesics,Pharmacy,Strips,114.0,30.0,0,73,157,18,30.0,Shelys Pharmaceuticals,Nairobi ,2,60,0,0
2025-04-29,PRD015,CAN Fertiliser 50kg,Fertilisers,Agrovet,BAG,40.0,3.0,3,0,34,3200,3900.0,,NAIROBI,7,5,0,0
2024-05-24,PRD015,  CAN Fertiliser 50kg  ,Fertilisers,Agrovet,BAG,62.0,29.0,1,0,32,3200,3900.0,MEA Fertilisers,NAIROBI,7,5,0,0
2024-07-15,PRD020,Earphones Generic,Accessories,Electronics,PCS,110.0,40.0,2,24,92,150,300.0,,NAIROBI,2,12,0,0
2024-05-23,PRD003,  Brookside Milk 500ml  ,Dairy,Mini Supermarket,piece,18.0,8.0,1,50,59,55,70.0,Brookside Dairy Ltd,Kiambu ,2,40,0,0
2025-05-13,PRD018,Drenching Gun Dewormer,Veterinary,Agrovet,Bottle,49.0,6.0,1,0,42,480,650.0,Interchemie Kenya,nairobi,4,8,0,0
2025-07-04,PRD009,Paracetamol 500mg x10,Analgesics,Pharmacy,Strips,29.0,24.0,1,0,4,18,,Shelys Pharmaceuticals,Nairobi ,2,60,0,0
2024-10-11,PRD003,Brookside Milk 500ml,Dairy,Mini Supermarket,Pcs,57.0,7.0,0,0,50,55,70.0,Brookside Dairy Ltd,Kiambu ,2,40,0,0
2024-09-14,PRD005,  Elianto Cooking Oil 1L  ,Oils & Fats,Mini Supermarket,btl,43.0,27.0,2,51,65,230,280.0,Kapa Oil Refineries,Nairobi,4,20,0,1
2024-01-02,PRD001,Unga Jogoo 2kg,Flour & Grains,Mini Supermarket,bag,5.0,1.0,3,0,1,145,175.0,Unga Ltd Nairobi,Nairobi ,3,30,0,0
2025-11-05,PRD020,Earphones Generic,Accessories,Electronics,PCS,86.0,12.0,0,0,88,150,300.0,,NAIROBI,2,12,0,0
2025-09-03,PRD011,ORS Sachets x6,Rehydration,Pharmacy,Pack,-26.0,12.0,3,0,11,35,60.0,Dawa Ltd,nairobi,2,50,0,0
04/10/2025,PRD004,KCC Butter 250g,Dairy,Mini Supermarket,piece,39.0,35.0,2,24,26,210,260.0,Brookside Dairy Ltd,kiambu,2,15,0,0
2024-01-03,PRD004,KCC Butter 250g,Dairy,Mini Supermarket,piece,108.0,20.0,3,0,85,210,260.0,,kiambu,2,15,0,0
2024-10-29,PRD019,Infinix Charger 33W,Accessories,Electronics,pcs,,-13.0,2,0,33,380,650.0,Luthuli Ave Wholesale,NAIROBI,2,10,0,0
2025-02-23,PRD018,Drenching Gun Dewormer,VETERINARY,Agrovet,Bottle,51.0,30.0,1,0,20,480,650.0,Interchemie Kenya,nairobi,4,8,0,1
2024-12-11,PRD009,Paracetamol 500mg x10,Analgesics,Pharmacy,Strips,77.0,25.0,1,0,51,18,30.0,Shelys Pharmaceuticals,Nairobi ,2,60,0,0
2024-04-30,PRD001,Unga Jogoo 2kg,Flour & Grains,MINI SUPERMARKET,bag,77.0,3.0,1,0,73,145,175.0,Unga Ltd Nairobi,Nairobi ,3,30,0,0
2024-07-19,PRD018,Drenching Gun Dewormer,Veterinary,Agrovet,bottle,27.0,24.0,0,0,3,480,650.0,Interchemie Kenya,nairobi,4,8,0,0
2026-01-01,PRD007,Omo Washing Powder 1kg,Detergents,Mini Supermarket,pack,66.0,13.0,2,20,71,295,11889.619387045108,Bidco Africa Mombasa Rd,Nairob,3,12,0,0
2024-02-09,PRD011,ORS Sachets x6,Rehydration,Pharmacy,Pack,-52.0,34.0,3,0,9,35,60.0,Dawa Ltd,nairobi,2,50,0,0
2024-10-03,PRD001,Unga Jogoo 2kg,Flour & Grains,Mini Supermarket,Bag,65.0,22.0,3,28,68,145,175.0,Unga Ltd Nairobi,Nairobi ,3,30,0,0
2024-08-28,PRD011,ORS Sachets x6,Rehydration,Pharmcy,Pack,59.0,23.0,3,0,33,35,60.0,   ,nairobi,2,50,0,0
2025-10-27,PRD020,Earphones Generic,Accessories,Electronics,PCS,18.0,7.0,2,0,9,150,300.0,,NAIROBI,2,12,0,0
14-Jan-2025,PRD013,Malaria RDT Kit,Diagnostics,Pharmacy,PCS,112.0,13.0,3,2,98,120,200.0,Medipharm Ltd,Nairobi ,4,25,0,0
2024-09-24,PRD020,Earphones Generic,Accessories,Electronics,PCS,25.0,22.0,3,0,0,150,300.0,,NAIROBI,2,12,0,0
2024-09-06,PRD016,Maize Seed 2kg,Seeds,Agrovet,PACK,20.0,4.0,3,0,13,380,520.0,Kenya Seed Company,Nakurru,5,15,0,0
2024-09-20,PRD015,CAN Fertiliser 50kg,Fertilisers,Agrovet,BAG,52.0,11.0,3,0,38,3200,3900.0,MEA Fertilisers,NAIROBI,7,5,0,0
2024-03-22,PRD001,  Unga Jogoo 2kg  ,Flour & Grains,Mini Supermarkt,bag,101.0,1.0,2,0,98,145,175.0,Unga Ltd Nairobi,Nairobi ,3,30,0,0
2025-09-02,PRD012,Dettol Antiseptic 100ml,Antiseptics,Pharmacy,Bottle,90.0,35.0,1,0,54,145,200.0,Reckitt Kenya,NAIROBI,3,20,0,0
2025-06-21,PRD019,Infinix Charger 33W,Accessories,Electronics,PCS,46.0,23.0,3,0,20,380,650.0,Luthuli Ave Wholesale,NAIROBI,2,10,0,1
2024-09-11,PRD017,Newcastle Vaccine 100dos,Veterinary,Agrovet,VIAL,94.0,30.0,0,0,63,250,400.0,Interchemie Kenya,Nairob,4,10,0,0
2025-06-19,PRD016,Maize Seed 2kg,Seeds,Agrovet,PACK,57.0,23.0,3,32,63,380,520.0,Kenya Seed Company,Nakurru,5,15,0,0
2025-01-17,PRD015,CAN Fertiliser 50kg,FERTILISERS,Agrovet,BAG,19.0,5.0,2,0,12,3200,3900.0,MEA Fertilisers,NAIROBI,7,5,0,0
2025-09-04,PRD008,Royco Mchuzi Mix 75g,Seasonings,Mini Supermarket,Pack,118.0,19.0,1,0,98,42,,Unilever Kenya,nairobi,3,35,0,0
2025-09-02,PRD009,Paracetamol 500mg x10,Analgesics,Pharmacy,Strips,10.0,1.0,1,0,8,18,30.0,Shelys Pharmaceuticals,Nairobi ,2,60,0,0
2025-07-16,PRD006,Salit Sugar 1kg,Sugar & Spices,mini supermarket,Bag ,37.0,13.0,0,0,24,135,160.0,Mumias Sugar Distributor,,5,30,0,0
2024-04-23,PRD009,Paracetamol 500mg x10,Analgesics,Pharmacy,Strips,8.0,4.0,0,0,4,18,30.0,Shelys Pharmaceuticals,Nairobi ,2,60,0,0
2026-01-01,PRD015,  CAN Fertiliser 50kg  ,Fertilisers,Agrovet,BAG,21.0,1.0,1,38,57,3200,3900.0,MEA Fertilisers,,7,5,0,0
2025-11-03,PRD017,Newcastle Vaccine 100dos,Veterinary,Agrovet,VIAL,73.0,3.0,3,0,67,250,400.0,Interchemie Kenya,Nairob,4,10,0,0
2025-11-19,PRD012,Dettol Antiseptic 100ml,Antiseptics,Pharmacy,Bottle,5.0,4.0,1,0,0,145,200.0,Reckitt Kenya,NAIROBI,3,20,0,0
2024-06-16,PRD007,Omo Washing Powder 1kg,Detergents,Mini Sup.,pack,115.0,1.0,3,8,119,295,11889.619387045108,Bidco Africa Mombasa Rd,Nairob,3,12,0,1
2025-07-12,PRD016,Maize Seed 2kg,Seeds,Agrovet,PACK,103.0,17.0,0,0,86,380,520.0,Kenya Seed Company,Nakurru,5,15,0,1
2024-06-17,PRD015,CAN Fertiliser 50kg,Fertilisers,Agrovet,BAG,102.0,34.0,0,0,68,3200,3900.0,MEA Fertilisers,NAIROBI,7,5,0,0
03/21/2026,PRD018,Drenching Gun Dewormer,Veterinary,Agrovet,Bottle,87.0,14.0,3,0,70,480,650.0,Interchemie Kenya,nairobi,4,8,0,1
2025-12-11,PRD003,Brookside Milk 500ml,Dairy,Mini Supermarket,piece,55.0,12.0,2,0,41,55,70.0,,Kiambu ,2,40,0,0
2024-05-27,PRD020,Earphones Generic,Accessories,Electronics,PCS,93.0,18.0,1,0,74,150,8956.398784968067,,NAIROBI,2,12,0,0
2024-03-26,PRD017,  Newcastle Vaccine 100dos  ,Veterinary,Agrovet,VIAL,6.0,1.0,3,0,2,250,400.0,Interchemie Kenya,Nairob,4,10,0,0
2024-08-21,PRD011,ORS Sachets x6,Rehydration,Pharmacy,Pack,21.0,11.0,2,11,19,35,60.0,Dawa Ltd,nairobi,2,50,0,0
2024-05-05,PRD001,Unga Jogoo 2kg,Flour & Grains,Mini Supermarket,bag,78.0,13.0,1,0,66,145,175.0,Unga Ltd Nairobi,Nairobi ,3,30,0,1
2025-01-19,PRD010,Amoxicillin 250mg x6,Antibiotics,Pharmacy,Strips,20.0,-14.0,1,0,5,55,90.0,Cosmos Pharmaceuticals,NAIROBI,3,40,0,1
2024-02-25,PRD006,Salit Sugar 1kg,Sugar & Spices,Mini Supermarket,Bag ,41.0,30.0,1,0,17,135,160.0,Mumias Sugar Distributor,Kisumu,5,30,0,1
2025-08-28,PRD015,CAN Fertiliser 50kg,Fertilisers,Agrovet,BAG,105.0,7.0,0,0,98,3200,3900.0,MEA Fertilisers,,7,5,0,0
2024-10-25,PRD004,KCC Butter 250g,Dairy,Mini Supermarket,piece,13.0,9.0,1,0,3,210,260.0,Brookside Dairy Ltd,kiambu,2,15,0,0
2025-10-08,PRD018,Drenching Gun Dewormer,Veterinary,Agrovet,Bottle,97.0,24.0,0,0,73,480,650.0,Interchemie Kenya,nairobi,4,8,0,0
28/08/2024,PRD019,Infinix Charger 33W,Accessories,Electronics,PCS,62.0,35.0,0,56,83,380,650.0,Luthuli Ave Wholesale,NAIROBI,2,10,0,0
2024-04-30,PRD018,Drenching Gun Dewormer,Veterinary,Agrovet,Bottle,54.0,11.0,2,0,41,480,650.0,Interchemie Kenya,nairobi,4,8,0,0
2025-05-13,PRD010,Amoxicillin 250mg x6,Antibiotics,Pharmacy,Strips,61.0,1.0,0,0,60,55,90.0,Cosmos Pharmaceuticals,NAIROBI,3,40,0,0
2025-09-04,PRD019,Infinix Charger 33W,Accessories,Electroncis,PCS,86.0,36.0,1,72,121,380,650.0,Luthuli Ave Wholesale,,2,10,0,0
2024-01-02,PRD005,Elianto Cooking Oil 1L,Oils & Fats,Mini Supermarket,btl,10.0,10.0,1,0,0,230,280.0,Kapa Oil Refineries,Nairobi,4,20,0,0
2024-11-07,PRD016,  Maize Seed 2kg  ,Seeds,Agrovet,PACK,117.0,31.0,3,0,83,380,520.0,Kenya Seed Company,Nakurru,5,15,0,0
2026-02-15,PRD018,Drenching Gun Dewormer,Veterinary,agrovet,Bottle,28.0,17.0,1,0,10,480,650.0,Interchemie Kenya,nairobi,4,8,0,1
2024-01-28,PRD018,Drenching Gun Dewormer,Veterinary,Agrovet,Bottle,81.0,39.0,1,0,41,480,650.0,Interchemie Kenya,nairobi,4,8,0,1
2026-03-02,PRD015,CAN Fertiliser 50kg,Fertilisers,Agrovet,BAG,118.0,6.0,1,0,111,3200,3900.0,MEA Fertilisers,NAIROBI,7,5,0,0
2025-01-20,PRD009,Paracetamol 500mg x10,Analgesics,Pharmacy,Strips,7.0,1.0,3,53,56,18,30.0,Shelys Pharmaceuticals,Nairobi ,2,60,0,0
2025-08-26,PRD015,CAN Fertiliser 50kg,Fertilisers,Agrovet,BAG,97.0,23.0,2,0,72,3200,3900.0,MEA Fertilisers,NAIROBI,7,5,0,0
2025-02-02,PRD018,Drenching Gun Dewormer,Veterinary,Agrovet,Bottle,60.0,6.0,1,0,53,480,650.0,Interchemie Kenya,nairobi,4,8,0,1
2025-06-28,PRD015,CAN Fertiliser 50kg,Fertilisers,Agrovet,BAG,90.0,12.0,3,0,75,3200,3900.0,MEA Fertilisers,NAIROBI,7,5,0,1
2025-08-02,PRD015,CAN Fertiliser 50kg,Fertilisers,Agrovet,BAG,56.0,34.0,0,0,22,3200,116433.18420458488,MEA Fertilisers,NAIROBI,7,5,0,1
2026-04-09,PRD006,Salit Sugar 1kg,Sugar & Spices,Mini Supermarket,Bag ,5.0,2.0,2,0,1,135,160.0,,Kisumu,5,30,0,0
2025-05-22,PRD018,Drenching Gun Dewormer,VETERINARY,Agrovet,Bottle,41.0,35.0,1,40,45,480,650.0,Interchemie Kenya,nairobi,4,8,0,0
2024-09-13,PRD015,  CAN Fertiliser 50kg  ,Fertilisers,Agrovet,BAG,112.0,34.0,1,0,77,3200,3900.0,   ,NAIROBI,7,5,0,0
2024-12-05,PRD009,Paracetamol 500mg x10,Analgesics,Pharmacy,Strips,89.0,34.0,3,62,114,18,30.0,Shelys Pharmaceuticals,Nairobi ,2,60,0,0
2024-12-03,PRD015,CAN Fertiliser 50kg,Fertilisers,Agrovet,BAG,73.0,7.0,1,0,65,3200,3900.0,MEA Fertilisers,NAIROBI,7,5,0,0
2025-06-03,PRD017,Newcastle Vaccine 100dos,Veterinary,Agrovet,VIAL,103.0,23.0,0,0,80,250,400.0,Interchemie Kenya,Nairob,4,10,0,0
2025-02-15,PRD009,Paracetamol 500mg x10,Analgesics,Pharmacy,Strips,95.0,39.0,3,0,34,18,30.0,Shelys Pharmaceuticals,Nairobi ,2,60,0,1
2025-10-23,PRD013,Malaria RDT Kit,Diagnostics,Pharmacy,pcs,79.0,25.0,1,0,53,120,200.0,Medipharm Ltd,Nairobi ,4,25,0,0
2025-07-07,PRD007,Omo Washing Powder 1kg,Detergents,Mini Supermarket,pack,34.0,-6.0,0,0,28,295,398.25,,Nairob,3,12,0,0
2024-11-10,PRD008,Royco Mchuzi Mix 75g,Seasonings,Mini Supermarket,Pack,50.0,11.0,1,0,38,42,55.0,Unilever Kenya,nairobi,3,35,0,1
2025-02-10,PRD006,Salit Sugar 1kg,Sugar & Spices,Mini Supermarket,Bag ,120.0,35.0,1,0,84,135,160.0,   ,Kisumu,5,30,0,0
2025-06-09,PRD010,Amoxicillin 250mg x6,Antibiotics,Pharmacy,Strips,104.0,9.0,3,0,92,55,90.0,Cosmos Pharmaceuticals,NAIROBI,3,40,0,0
2024-07-02,PRD007,Omo Washing Powder 1kg,Detergents,Mini Supermarket,pack,74.0,22.0,2,0,50,295,398.25,Bidco Africa Mombasa Rd,Nairob,3,12,0,0
2024-06-04,PRD015,CAN Fertiliser 50kg,Fertilisers,Agrovet,BAG,24.0,18.0,2,0,4,3200,3900.0,MEA Fertilisers,NAIROBI,7,5,0,0
2025-07-06,PRD009,Paracetamol 500mg x10,Analgesics,Pharmacy,Strips,97.0,17.0,2,0,78,18,30.0,,Nairobi ,2,60,0,1
2025-07-30,PRD011,ORS Sachets x6,Rehydration,Pharmacy,pck,,4.0,2,47,59,35,60.0,Dawa Ltd,nairobi,2,50,0,0
2025-12-27,PRD008,  Royco Mchuzi Mix 75g  ,Seasonings,Mini Supermarket,Packs,60.0,,0,63,113,42,55.0,Unilever Kenya,nairobi,3,35,0,1
2026-02-14,PRD015,CAN Fertiliser 50kg,Fertilisers,Agrovet,BAG,101.0,24.0,2,0,75,3200,3900.0,MEA Fertilisers,nairobi,7,5,0,1
2026-04-18,PRD014,DAP Fertiliser 50kg,Fertilisers,Agrovet,bag,59.0,37.0,1,50,71,3800,4500.0,MEA Fertilisers,Nairob,7,5,0,1
2024-11-11,PRD014,DAP Fertiliser 50kg,Fertilisers,Agrovet,bag,11.0,6.0,1,0,-10,3800,4500.0,   ,Nairob,7,5,0,0
2025-09-14,PRD007,  Omo Washing Powder 1kg  ,Detergents,Mini Supermarket,pack,74.0,40.0,3,0,31,295,398.25,Bidco Africa Mombasa Rd,Nairob,3,12,0,1
2024-02-10,PRD020,Earphones Generic,Accessories,Electronics,PCS,31.0,13.0,1,0,17,150,,,NAIROBI,2,12,0,1
2024-11-01,PRD007,Omo Washing Powder 1kg,Detergents,MINI SUPERMARKET,pack,14.0,5.0,0,0,9,295,398.25,Bidco Africa Mombasa Rd,Nairob,3,12,0,0
2024-02-10,PRD017,Newcastle Vaccine 100dos,Veterinary,Agrovet,VIAL,52.0,34.0,2,35,51,250,400.0,Interchemie Kenya,Nairob,4,10,0,1
2024-05-19,PRD002,Pembe Unga 1kg,Flour & Grains,Mini Supermarket,BAG,28.0,,3,0,6,78,95.0,Unga Ltd Nairobi,NAIROBI,3,25,0,1
2024-12-18,PRD007,Omo Washing Powder 1kg,Detergents,Mini Supermarkt,pack,,32.0,0,35,66,295,398.25,Bidco Africa Mombasa Rd,Nairob,3,12,0,0
2024-12-11,PRD003,Brookside Milk 500ml,Dairy,Mini Supermarket,piece,42.0,16.0,1,80,105,55,70.0,Brookside Dairy Ltd,KIAMBU ,2,40,0,0
14/02/2024,PRD007,Omo Washing Powder 1kg,Detergents,Mini Supermarket,pack,76.0,3.0,2,0,71,295,398.25,Bidco Africa Mombasa Rd,Nairob,3,12,0,0
2025-03-24,PRD020,Earphones Generic,Accessories,Electronics,PCS,19.0,19.0,3,0,0,150,300.0,,NAIROBI,2,12,0,0
2026-02-09,PRD013,Malaria RDT Kit,DIAGNOSTICS,Pharmacy,PCS,46.0,34.0,0,0,12,120,200.0,,Nairobi ,4,25,0,0
2024-11-18,PRD017,Newcastle Vaccine 100dos,Veterinary,Agrovet,VIAL,57.0,2.0,0,0,69,250,400.0,Interchemie Kenya,Nairob,4,10,0,0
2025-12-13,PRD003,Brookside Milk 500ml,Dairy,Mini Supermarket,piece,28.0,28.0,2,0,0,55,70.0,Brookside Dairy Ltd,Kiambu ,2,40,0,1
2024-09-09,PRD020,Earphones Generic,Accessories,Electronics,pcs,79.0,1.0,2,0,76,150,300.0,,NAIROBI,2,12,0,0
2025-10-03,PRD012,Dettol Antiseptic 100ml,Antiseptics,Pharmacy,Bottle,43.0,15.0,3,0,25,145,200.0,Reckitt Kenya,NAIROBI,3,20,0,0
2025-10-24,PRD004,KCC Butter 250g,Dairy,Mini Supermarket,piece,76.0,21.0,0,0,55,210,260.0,Brookside Dairy Ltd,kiambu,2,15,0,0
2025-04-14,PRD008,Royco Mchuzi Mix 75g,Seasonings,Mini Supermarket,Pack,50.0,8.0,3,0,39,42,55.0,Unilever Kenya,nairobi,3,35,0,0
2025-02-18,PRD007,Omo Washing Powder 1kg,Detergents,Mini Supermarket,pack,51.0,17.0,2,0,32,295,,Bidco Africa Mombasa Rd,Nairob,3,12,0,0
13-02-2024,PRD016,Maize Seed 2kg,Seeds,Agrovet,PACK,52.0,9.0,3,10,50,380,,Kenya Seed Company,,5,15,0,0
2025-04-24,PRD014,DAP Fertiliser 50kg,Fertilisers,Agrovet,bag,49.0,14.0,0,0,35,3800,4500.0,MEA Fertilisers,Nairob,7,5,0,0
2025-06-09,PRD001,Unga Jogoo 2kg,Flour & Grains,Mini Supermarket,Bags,8.0,6.0,0,0,2,145,175.0,Unga Ltd Nairobi,NAIROBI ,3,30,0,0
2024-03-29,PRD012,Dettol Antiseptic 100ml,Antiseptics,Pharmacy,Bottle,77.0,2.0,1,0,74,145,200.0,Reckitt Kenya,NAIROBI,3,20,0,0
2024-05-05,PRD013,Malaria RDT Kit,Diagnostics,Pharmacy,PCS,81.0,0.0,1,0,80,120,200.0,Medipharm Ltd,,4,25,0,1
2025-08-26,PRD011,ORS Sachets x6,Rehydration,Pharmacy,Pack,85.0,24.0,1,0,60,35,,Dawa Ltd,nairobi,2,50,0,0
14/02/2026,PRD013,  Malaria RDT Kit  ,Diagnostics,Pharmacy,PCS,103.0,2.0,1,0,92,120,200.0,Medipharm Ltd,Nairobi ,4,25,0,1
2026-04-09,PRD018,Drenching Gun Dewormer,Veterinary,Agrovet,Bottle,111.0,28.0,0,51,134,480,19405.530700764146,Interchemie Kenya,nairobi,4,8,0,0
2024-09-21,PRD015,CAN Fertiliser 50kg,Fertilisers,Agrovet,BAG,60.0,29.0,3,26,54,3200,3900.0,MEA Fertilisers,NAIROBI,7,5,0,1
2026-02-18,PRD019,Infinix Charger 33W,Accessories,Electronics,PCS,53.0,33.0,3,48,65,380,650.0,Luthuli Ave Wholesale,NAIROBI,2,10,0,0
"Sep 04, 2025",PRD015,CAN Fertiliser 50kg,Fertilisers,Agrovet,BAG,118.0,12.0,0,28,134,3200,3900.0,MEA Fertilisers,NAIROBI,7,5,0,0
2024-06-17,PRD004,KCC Butter 250g,Dairy,mini supermarket,piece,20.0,2.0,3,0,15,210,260.0,Brookside Dairy Ltd,kiambu,2,15,0,0
2024-07-06,PRD006,Salit Sugar 1kg,Sugar & Spices,Mini Supermarket,Bag ,118.0,6.0,1,0,111,135,160.0,Mumias Sugar Distributor,Kisumu,5,30,0,1
2024-10-08,PRD018,Drenching Gun Dewormer,Veterinary,Agrovet,Bottle,74.0,37.0,2,38,59,480,650.0,Interchemie Kenya,nairobi,4,8,0,0
2024-10-09,PRD009,Paracetamol 500mg x10,Analgesics,Pharmacy,Strips,35.0,34.0,1,0,0,18,30.0,Shelys Pharmaceuticals,Nairobi ,2,60,0,0
2025-01-26,PRD013,Malaria RDT Kit,Diagnostics,Pharmacy,PCS,35.0,4.0,0,0,31,120,200.0,Medipharm Ltd,Nairobi ,4,25,0,1
04-Sep-2025,PRD001,Unga Jogoo 2kg,Flour & Grains,Mini Supermarket,bag,18.0,9.0,0,0,9,145,175.0,Unga Ltd Nairobi,Nairobi ,3,30,0,0
2024-09-17,PRD010,Amoxicillin 250mg x6,Antibiotics,Pharmacy,Strips,23.0,11.0,3,0,9,55,90.0,Cosmos Pharmaceuticals,NAIROBI,3,40,0,0
2025-10-11,PRD014,DAP Fertiliser 50kg,Fertilisers,Agrovet,bag,120.0,25.0,3,0,92,3800,4500.0,MEA Fertilisers,Nairob,7,5,0,1
2025-12-12,PRD018,Drenching Gun Dewormer,Veterinary,Agrovet,Bottle,24.0,3.0,0,0,11,480,650.0,Interchemie Kenya,nairobi,4,8,0,0
2025-09-06,PRD001,Unga Jogoo 2kg,Flour & Grains,Mini Supermarket,bag,77.0,39.0,3,0,35,145,175.0,Unga Ltd Nairobi,Nairobi ,3,30,0,1
2024-02-05,PRD012,Dettol Antiseptic 100ml,Antiseptics,Pharmacy,Bottle,79.0,9.0,1,0,69,145,200.0,Reckitt Kenya,NAIROBI,3,20,0,0
2025-05-29,PRD009,  Paracetamol 500mg x10  ,Analgesics,Pharmacy,Strips,86.0,20.0,2,0,64,18,30.0,Shelys Pharmaceuticals,Nairobi ,2,60,0,0
"Feb 13, 2025",PRD006,  Salit Sugar 1kg  ,Sugar & Spices,Mini Supermarket,BAG,119.0,39.0,2,0,78,135,160.0,Mumias Sugar Distributor,Kisumu,5,30,0,0
2025-09-18,PRD018,Drenching Gun Dewormer,Veterinary,Agrovet,Bottle,106.0,15.0,2,34,123,480,,Interchemie Kenya,nairobi,4,8,0,0
2024-09-19,PRD005,Elianto Cooking Oil 1L,Oils & Fats,Mini Supermarket,btl,19.0,,1,0,13,230,280.0,Kapa Oil Refineries,Nairobi,4,20,0,0
2024-01-29,PRD015,CAN Fertiliser 50kg,Fertilisers,Agrovet,BAG,63.0,4.0,1,0,58,3200,3900.0,MEA Fertilisers,NAIROBI,7,5,0,0
2026-03-01,PRD001,Unga Jogoo 2kg,Flour & Grains,Mini Supermarket,bag,110.0,15.0,1,0,94,145,,   ,Nairobi ,3,30,0,1
2026-03-03,PRD018,Drenching Gun Dewormer,Veterinary,Agrovet,Bottle,13.0,5.0,1,0,7,480,650.0,Interchemie Kenya,Nairobi,4,8,0,0
2026-04-26,PRD002,Pembe Unga 1kg,Flour & Grains,Mini Supermarket,BAG,77.0,11.0,3,0,63,78,95.0,Unga Ltd Nairobi,NAIROBI,3,25,1,1
2024-08-13,PRD015,CAN Fertiliser 50kg,FERTILISERS,Agrovet,BAG,118.0,40.0,3,0,75,3200,3900.0,MEA Fertilisers,NAIROBI,7,5,0,0
2024-01-08,PRD018,Drenching Gun Dewormer,Veterinary,Agrovet,Bottle,,8.0,3,59,110,480,,Interchemie Kenya,nairobi,4,8,0,0
2026-01-30,PRD018,Drenching Gun Dewormer,Veterinary,Agrovet,Bottle,37.0,8.0,0,0,29,480,650.0,Interchemie Kenya,nairobi,4,8,0,0
2026-04-10,PRD019,Infinix Charger 33W,Accessories,Electronics,PCS,83.0,4.0,0,0,79,380,650.0,Luthuli Ave Wholesale,NAIROBI,2,10,0,0
2025-12-14,PRD018,Drenching Gun Dewormer,Veterinary,Agrovet,Bottle,31.0,17.0,1,43,56,480,650.0,Interchemie Kenya,nairobi,4,8,0,1
2025-05-23,PRD015,CAN Fertiliser 50kg,FERTILISERS,Agrovet,BAG,102.0,40.0,0,0,62,3200,3900.0,MEA Fertilisers,NAIROBI,7,5,0,0
2024-01-19,PRD005,Elianto Cooking Oil 1L,Oils & Fats,Mini Supermarket,btl,86.0,39.0,2,30,75,230,280.0,Kapa Oil Refineries,Nairobi,4,20,0,0
2024-03-09,PRD012,Dettol Antiseptic 100ml,Antiseptics,Pharmacy,Bottle,6.0,6.0,0,0,0,145,200.0,Reckitt Kenya,NAIROBI,3,20,0,1
2024-10-27,PRD018,Drenching Gun Dewormer,Veterinary,Agrovet,Btl,42.0,23.0,0,0,19,480,650.0,Interchemie Kenya,nairobi,4,8,0,1
2026-01-06,PRD006,Salit Sugar 1kg,Sugar & Spices,Mini Supermarket,Bag ,117.0,23.0,0,0,94,135,160.0,Mumias Sugar Distributor,Kisumu,5,30,0,0
2024-04-17,PRD002,Pembe Unga 1kg,Flour & Grains,Mini Supermarket,BAG,8.0,3.0,2,0,3,78,95.0,Unga Ltd Nairobi,NAIROBI,3,25,0,0
2024-12-11,PRD001,Unga Jogoo 2kg,flour & grains,Mini Supermarket,bag,67.0,12.0,0,0,55,145,175.0,Unga Ltd Nairobi,Nairobi ,3,30,0,0
2024-12-27,PRD019,Infinix Charger 33W,Accessories,Electronics,PCS,54.0,28.0,3,0,23,380,650.0,Luthuli Ave Wholesale,NAIROBI,2,10,0,0
2025-09-30,PRD014,DAP Fertiliser 50kg,Fertilisers,Agrovet,bag,99.0,31.0,1,50,117,3800,4500.0,MEA Fertilisers,Nairob,7,5,0,0
2024-01-27,PRD020,Earphones Generic,Accessories,Electronics,PCS,75.0,18.0,1,0,56,150,,,NAIROBI,2,12,0,1
2024-06-03,PRD016,Maize Seed 2kg,Seeds,Agrovet,PACK,14.0,,0,0,10,380,520.0,Kenya Seed Company,nakurru,5,15,0,0
2025-05-17,PRD019,Infinix Charger 33W,Accessories,Electronics,PCS,11.0,10.0,3,0,0,380,650.0,Luthuli Ave Wholesale,NAIROBI,2,10,0,1
2024-11-28,PRD005,Elianto Cooking Oil 1L,Oils & Fats,Mini Supermarket,btl,59.0,20.0,2,0,37,230,280.0,Kapa Oil Refineries,Nairobi,4,20,0,0
2024-01-31,PRD015,CAN Fertiliser 50kg,Fertilisers,Agrovet,BAG,93.0,31.0,2,0,60,3200,3900.0,MEA Fertilisers,NAIROBI,7,5,0,0
2025-12-16,PRD012,Dettol Antiseptic 100ml,Antiseptics,Pharmacy,Bottle,88.0,34.0,1,20,88,145,200.0,Reckitt Kenya,NAIROBI,3,20,0,0
2025-08-09,PRD014,  DAP Fertiliser 50kg  ,Fertilisers,Agrovet,bag,71.0,16.0,0,0,55,3800,4500.0,MEA Fertilisers,Nairob,7,5,0,1
2024-04-07,PRD020,Earphones Generic,Accessories,Electronics,PCS,,32.0,0,0,43,150,300.0,,NAIROBI,2,12,0,1
2025-04-13,PRD003,Brookside Milk 500ml,Dairy,Mini Supermarket,piece,,38.0,3,0,24,55,70.0,Brookside Dairy Ltd,Kiambu ,2,40,0,1
03-10-2025,PRD020,Earphones Generic,Accessories,Electronics,PCS,55.0,,0,35,87,150,300.0,,NAIROBI,2,12,0,0
2025-07-30,PRD003,Brookside Milk 500ml,Dairy,Mini Supermarket,piece,66.0,37.0,0,0,29,55,70.0,Brookside Dairy Ltd,,2,40,0,0
2025-03-02,PRD012,Dettol Antiseptic 100ml,Antiseptics,Pharmacy,Bottle,117.0,19.0,1,0,97,145,200.0,Reckitt Kenya,Nairobi,3,20,0,1
2024-02-26,PRD018,Drenching Gun Dewormer,Veterinary,Agrovet,Bottle,,4.0,2,53,52,480,650.0,Interchemie Kenya,nairobi,4,8,0,0
11-Jan-2026,PRD016,Maize Seed 2kg,Seeds,Agrovet,Packs,29.0,25.0,3,0,1,380,520.0,,Nakurru,5,15,0,1
2024-03-28,PRD005,Elianto Cooking Oil 1L,Oils & Fats,Mini Supermarket,btl,,29.0,1,0,26,230,280.0,Kapa Oil Refineries,Nairobi,4,20,0,0
2025-07-27,PRD016,Maize Seed 2kg,Seeds,Agrovet,PACK,102.0,18.0,2,0,82,380,520.0,Kenya Seed Company,Nakurru,5,15,0,1
2025-03-23,PRD003,Brookside Milk 500ml,Dairy,Mini Supermarket,piece,94.0,13.0,3,0,78,55,70.0,Brookside Dairy Ltd,Kiambu ,2,40,0,1
2025-12-11,PRD012,Dettol Antiseptic 100ml,Antiseptics,Pharmacy,Bottle,43.0,2.0,3,0,38,145,200.0,Reckitt Kenya,NAIROBI,3,20,0,0
2025-06-21,PRD005,Elianto Cooking Oil 1L,Oils & Fats,Mini Supermarket,btl,24.0,22.0,1,0,1,230,280.0,Kapa Oil Refineries,Nairobi,4,20,0,1
2024-06-27,PRD012,Dettol Antiseptic 100ml,ANTISEPTICS,Pharmacy,btl,100.0,-34.0,2,0,64,145,200.0,,NAIROBI,3,20,0,0
2025-10-02,PRD003,Brookside Milk 500ml,Dairy,Mini Supermarket,piece,22.0,11.0,3,0,8,55,70.0,Brookside Dairy Ltd,Kiambu ,2,40,0,0
2024-05-30,PRD006,Salit Sugar 1kg,Sugar & Spices,Mini Supermarket,Bag ,25.0,13.0,3,28,37,135,160.0,Mumias Sugar Distributor,Kisumu,5,30,0,0
2025-05-23,PRD005,Elianto Cooking Oil 1L,Oils & Fats,Mini Supermarket,Btl,109.0,24.0,0,0,85,230,280.0,Kapa Oil Refineries,Nairobi,4,20,0,0
2025-07-14,PRD007,Omo Washing Powder 1kg,Detergents,Mini Supermarket,pack,11.0,5.0,3,0,3,295,398.25,Bidco Africa Mombasa Rd,Nairob,3,12,0,0
2025-07-16,PRD004,KCC Butter 250g,Dairy,Mini Supermarket,piece,75.0,36.0,0,0,39,210,260.0,Brookside Dairy Ltd,kiambu,2,15,0,0
2024-10-07,PRD020,Earphones Generic,Accessories,Electronics,PCS,45.0,22.0,0,0,23,150,,,NAIROBI,2,12,0,0
2024-12-23,PRD018,Drenching Gun Dewormer,Veterinary,Agrovet,Bottle,22.0,,0,0,22,480,650.0,Interchemie Kenya,nairobi,4,8,0,0
2024-10-08,PRD007,Omo Washing Powder 1kg,Detergents,Mini Supermarket,pck,97.0,,2,65,152,295,398.25,,Nairob,3,12,0,0
2026-02-04,PRD001,Unga Jogoo 2kg,Flour & Grains,Mini Supermarket,bag,27.0,15.0,3,36,45,145,175.0,Unga Ltd Nairobi,Nairobi ,3,30,0,0
2024-11-10,PRD010,  Amoxicillin 250mg x6  ,Antibiotics,Pharmacy,Strips,27.0,9.0,0,0,18,55,90.0,Cosmos Pharmaceuticals,NAIROBI,3,40,0,1
2025-11-16,PRD002,Pembe Unga 1kg,Flour & Grains,Mini Supermarket,bag,20.0,,3,0,3,78,95.0,Unga Ltd Nairobi,NAIROBI,3,25,0,1
2025-11-11,PRD007,Omo Washing Powder 1kg,Detergents,Mini Supermarket,pack,-70.0,40.0,3,0,27,295,398.25,Bidco Africa Mombasa Rd,Nairob,3,12,0,0
2026-01-05,PRD018,Drenching Gun Dewormer,Veterinary,Agrovet,BOTTLE,20.0,13.0,3,0,4,480,650.0,Interchemie Kenya,nairobi,4,8,0,0
2026-01-07,PRD008,Royco Mchuzi Mix 75g,Seasonings,Mini Supermarket,Pack,13.0,2.0,1,0,10,42,55.0,   ,,3,35,0,0
2026-01-03,PRD011,ORS Sachets x6,Rehydration,pharmacy,Pack,38.0,26.0,1,0,11,35,60.0,Dawa Ltd,nairobi,2,50,0,1
2024-05-04,PRD020,Earphones Generic,Accessories,Electronics,PCS,81.0,28.0,1,0,52,150,300.0,,NAIROBI,2,12,0,1
2025-11-28,PRD016,Maize Seed 2kg,Seeds,Agrovet ,Pack,119.0,15.0,3,0,101,380,520.0,Kenya Seed Company,Nakurru,5,15,0,0
2024-11-29,PRD014,DAP Fertiliser 50kg,Fertilisers,Agrovet,bag,32.0,31.0,2,0,0,3800,4500.0,MEA Fertilisers,Nairob,7,5,0,0
2024-02-23,PRD004,KCC Butter 250g,Dairy,Mini Supermarket,Pcs,24.0,5.0,1,0,18,210,260.0,Brookside Dairy Ltd,kiambu,2,15,0,0
2024-04-25,PRD005,Elianto Cooking Oil 1L,Oils & Fats,Mini Supermarket,btl,103.0,36.0,0,40,107,230,280.0,Kapa Oil Refineries,Nairobi,4,20,0,0
2024-01-08,PRD008,Royco Mchuzi Mix 75g,SEASONINGS,Mini Supermarket,Pack,87.0,6.0,0,0,94,42,55.0,Unilever Kenya,nairobi,3,35,0,0
2025-07-18,PRD011,ORS Sachets x6,Rehydration,Pharmacy,Pack,72.0,9.0,2,0,61,35,60.0,Dawa Ltd,nairobi,2,50,0,0
2025-11-30,PRD006,Salit Sugar 1kg,Sugar & Spices,Mini Supermarket,Bag ,104.0,9.0,1,0,94,135,160.0,Mumias Sugar Distributor,Kisumu,5,30,0,1
2025-09-15,PRD004,KCC Butter 250g,Dairy,Mini Supermarket,piece,74.0,28.0,0,0,46,210,260.0,Brookside Dairy Ltd,kiambu,2,15,0,0
19-Mar-2026,PRD020,Earphones Generic,Accessories,Electronics,PCS,108.0,4.0,0,0,104,150,300.0,,NAIROBI,2,12,0,0
2026-03-25,PRD019,Infinix Charger 33W,Accessories,Electronics,PCS,38.0,9.0,1,0,28,380,650.0,Luthuli Ave Wholesale,NAIROBI,2,10,0,0
2024-08-10,PRD020,Earphones Generic,Accessories,Electronics,PCS,20.0,2.0,1,0,17,150,300.0,,,2,12,0,1
2026-03-01,PRD013,Malaria RDT Kit,Diagnostics,Pharmacy,PCS,63.0,,3,0,28,120,200.0,Medipharm Ltd,Nairobi ,4,25,0,1
11-Oct-2024,PRD017,Newcastle Vaccine 100dos,Veterinary,Agrovet,VIAL,106.0,9.0,1,0,96,250,400.0,Interchemie Kenya,Nairob,4,10,0,0
18-Apr-2026,PRD012,Dettol Antiseptic 100ml,Antiseptics,Pharmacy,Bottle,9.0,3.0,1,0,5,145,200.0,Reckitt Kenya,NAIROBI,3,20,0,1
2025-05-07,PRD013,Malaria RDT Kit,Diagnostics,Pharmacy,PCS,7.0,7.0,3,0,0,120,200.0,Medipharm Ltd,Nairobi ,4,25,0,0
2024-01-05,PRD003,Brookside Milk 500ml,Dairy,Mini Supermarket,piece,67.0,1.0,0,0,66,55,70.0,Brookside Dairy Ltd,Kiambu ,2,40,0,0
2024-04-26,PRD017,Newcastle Vaccine 100dos,Veterinary,Agrovet,VIAL,26.0,-20.0,0,0,6,250,400.0,Interchemie Kenya,Nairob,4,10,0,0
2026-03-11,PRD016,Maize Seed 2kg,Seeds,Agrovet,PACK,86.0,,2,52,123,380,520.0,Kenya Seed Company,Nakurru,5,15,0,0
2025-12-14,PRD001,Unga Jogoo 2kg,Flour & Grains,Mini Supermarket,bag,54.0,36.0,2,0,16,145,175.0,Unga Ltd Nairobi,Nairobi ,3,30,0,1
2026-04-08,PRD003,Brookside Milk 500ml,Dairy,Mini Supermarket,piece,7.0,4.0,3,0,0,55,70.0,Brookside Dairy Ltd,Kiambu ,2,40,0,0
2025-02-11,PRD006,Salit Sugar 1kg,Sugar & Spices,Mini Supermarket,Bag ,43.0,6.0,0,0,37,135,160.0,Mumias Sugar Distributor,Kisumu,5,30,0,0
2024-05-22,PRD008,Royco Mchuzi Mix 75g,Seasonings,Mini Supermarket,Pack,63.0,21.0,2,0,40,42,55.0,   ,nairobi,3,35,0,0
2025-01-07,PRD003,Brookside Milk 500ml,Dairy,Mini Supermarket,piece,72.0,13.0,2,6,63,55,70.0,Brookside Dairy Ltd,Kiambu ,2,40,0,0
2024-09-16,PRD012,Dettol Antiseptic 100ml,Antiseptics,Pharmacy,Bottle,35.0,7.0,0,0,28,145,200.0,Reckitt Kenya,NAIROBI,3,20,0,0
2024-07-12,PRD015,CAN Fertiliser 50kg,Fertilisers,Agrovet,BAG,12.0,4.0,1,0,7,3200,3900.0,MEA Fertilisers,NAIROBI,7,5,0,0
2026-01-24,PRD013,  Malaria RDT Kit  ,DIAGNOSTICS,Pharmacy,PCS,75.0,38.0,3,0,34,120,200.0,Medipharm Ltd,Nairobi ,4,25,0,1
2024-01-15,PRD015,CAN Fertiliser 50kg,Fertilisers,Agrovet,bag,38.0,2.0,0,0,36,3200,3900.0,MEA Fertilisers,NAIROBI,7,5,0,0
2026-03-28,PRD014,  DAP Fertiliser 50kg  ,Fertilisers,Agrovet,bag,115.0,28.0,1,0,86,3800,4500.0,MEA Fertilisers,Nairob,7,5,0,1
2025-08-08,PRD011,ORS Sachets x6,Rehydration,Pharmacy,Pack,66.0,14.0,3,0,49,35,60.0,Dawa Ltd,NAIROBI,2,50,0,0
2026-04-23,PRD001,Unga Jogoo 2kg,Flour & Grains,Mini Supermarket,bag,36.0,3.0,1,0,32,145,175.0,Unga Ltd Nairobi,Nairobi ,3,30,0,0
2025-03-16,PRD019,Infinix Charger 33W,Accessories,Electronics,PCS,114.0,34.0,2,0,78,380,650.0,Luthuli Ave Wholesale,NAIROBI,2,10,0,1
2025-03-08,PRD005,Elianto Cooking Oil 1L,Oils & Fats,Mini Supermarket,btl,96.0,6.0,3,3,90,230,280.0,Kapa Oil Refineries,Nairobi,4,20,0,1
2024-04-23,PRD007,Omo Washing Powder 1kg,Detergents,Mini Supermarket,pack,65.0,33.0,2,0,30,295,398.25,Bidco Africa Mombasa Rd,Nairob,3,12,0,0
06/04/2025,PRD016,Maize Seed 2kg,Seeds,Agrovet,pck,36.0,16.0,2,0,18,380,520.0,Kenya Seed Company,Nakurru,5,15,0,1
2026-04-28,PRD003,Brookside Milk 500ml,Dairy,Mini Supermarket,piece,37.0,32.0,0,0,5,55,70.0,Brookside Dairy Ltd,Kiambu ,2,40,0,0
2025-01-13,PRD004,KCC Butter 250g,Dairy,Mini Supermarket,piece,43.0,12.0,1,0,42,210,260.0,Brookside Dairy Ltd,kiambu,2,15,0,0
2024-09-22,PRD003,Brookside Milk 500ml,Dairy,Mini Supermarket,pcs,93.0,25.0,1,0,67,55,70.0,Brookside Dairy Ltd,Kiambu ,2,40,0,1
2024-02-09,PRD018,Drenching Gun Dewormer,Veterinary,Agrovet,Bottle,64.0,19.0,3,5,47,480,650.0,Interchemie Kenya,nairobi,4,8,0,0
2026-02-19,PRD009,  Paracetamol 500mg x10  ,Analgesics,Pharmacy,Strips,31.0,24.0,0,0,7,18,30.0,Shelys Pharmaceuticals,NAIROBI ,2,60,0,0
2024-07-07,PRD013,  Malaria RDT Kit  ,Diagnostics,Pharmacy,PCS,37.0,19.0,0,0,18,120,200.0,Medipharm Ltd,Nairobi ,4,25,0,1
2024-06-28,PRD018,Drenching Gun Dewormer,Veterinary,Agrovet,Bottle,34.0,5.0,1,27,55,480,650.0,Interchemie Kenya,nairobi,4,8,0,0
2024-04-24,PRD005,Elianto Cooking Oil 1L,Oils & Fats,Mini Supermarket,btl,16.0,1.0,1,0,14,230,280.0,Kapa Oil Refineries,Nairobi,4,20,0,0
2024-02-17,PRD005,Elianto Cooking Oil 1L,Oils & Fats,Mini Supermarket,btl,111.0,22.0,0,0,89,230,280.0,Kapa Oil Refineries,Nairobi,4,20,0,1
2025-11-13,PRD012,Dettol Antiseptic 100ml,Antiseptics,Pharmacy,Bottle,14.0,0.0,3,0,11,145,,Reckitt Kenya,NAIROBI,3,20,0,0
2025-09-17,PRD005,Elianto Cooking Oil 1L,Oils & Fats,Mini Supermarket,btl,35.0,34.0,3,0,0,230,280.0,Kapa Oil Refineries,Nairobi,4,20,0,0
2026-01-25,PRD015,CAN Fertiliser 50kg,Fertilisers,Agrovet,BAG,112.0,29.0,2,74,155,3200,3900.0,MEA Fertilisers,NAIROBI,7,5,0,1
2025-04-07,PRD018,Drenching Gun Dewormer,Veterinary,Agrovet,Bottle,8.0,3.0,2,1,4,480,650.0,Interchemie Kenya,nairobi,4,8,0,0
2025-10-27,PRD009,Paracetamol 500mg x10,Analgesics,Pharmacy,Strips,61.0,17.0,3,0,41,18,30.0,Shelys Pharmaceuticals,Nairobi ,2,60,0,0
2024-06-30,PRD009,  Paracetamol 500mg x10  ,ANALGESICS,Pharmacy,Strips,55.0,15.0,0,0,40,18,30.0,Shelys Pharmaceuticals,Nairobi ,2,60,0,1
28-Aug-2025,PRD004,KCC Butter 250g,Dairy,Mini Supermarket,piece,102.0,22.0,1,0,79,210,,Brookside Dairy Ltd,,2,15,0,0
27-07-2024,PRD011,ORS Sachets x6,Rehydration,Pharmacy,Pack,92.0,38.0,0,0,54,35,60.0,Dawa Ltd,nairobi,2,50,0,1
2025-08-05,PRD002,Pembe Unga 1kg,Flour & Grains,Mini Supermarket,BAG,22.0,6.0,2,0,14,78,95.0,Unga Ltd Nairobi,NAIROBI,3,25,0,0
2025-04-25,PRD007,Omo Washing Powder 1kg,Detergents,Mini Supermarket,pack,83.0,6.0,1,23,80,295,398.25,Bidco Africa Mombasa Rd,,3,12,0,0
2025-06-26,PRD013,Malaria RDT Kit,Diagnostics,Pharmcy,PCS,119.0,23.0,0,0,96,120,200.0,,Nairobi ,4,25,0,0
2024-12-21,PRD013,Malaria RDT Kit,Diagnostics,Pharmacy,PCS,93.0,24.0,2,0,67,120,200.0,Medipharm Ltd,Nairobi ,4,25,0,1
2025-03-19,PRD016,Maize Seed 2kg,Seeds,Agrovet,PACK,75.0,17.0,0,0,58,380,520.0,,Nakurru,5,15,0,0
2026-03-18,PRD009,Paracetamol 500mg x10,ANALGESICS,pharmacy,Strips,99.0,7.0,3,0,89,18,30.0,,Nairobi ,2,60,0,0
2024-02-29,PRD015,CAN Fertiliser 50kg,Fertilisers,Agrovet,BAG,15.0,13.0,1,0,1,3200,3900.0,MEA Fertilisers,NAIROBI,7,5,0,0
2024-08-12,PRD004,KCC Butter 250g,Dairy,Mini Supermarket,piece,43.0,25.0,0,0,18,210,260.0,Brookside Dairy Ltd,kiambu,2,15,0,0
2024-06-16,PRD012,Dettol Antiseptic 100ml,Antiseptics,Pharmacy,bottle,105.0,14.0,1,0,90,145,200.0,Reckitt Kenya,NAIROBI,3,20,0,1
2025-05-15,PRD006,Salit Sugar 1kg,Sugar & Spices,Mini Supermarket,Bag ,67.0,12.0,3,7,59,135,,Mumias Sugar Distributor,,5,30,0,0
02/14/2026,PRD017,Newcastle Vaccine 100dos,Veterinary,Agrovet,VIAL,27.0,16.0,2,0,9,250,,Interchemie Kenya,Nairob,4,10,0,1
2025-03-06,PRD006,Salit Sugar 1kg,Sugar & Spices,Mini Supermarket,Bag ,36.0,0.0,0,0,36,135,160.0,Mumias Sugar Distributor,Kisumu,5,30,0,0
2025-11-23,PRD007,  Omo Washing Powder 1kg  ,Detergents,Mini Supermarket,pack,86.0,1.0,3,0,82,295,398.25,   ,Nairob,3,12,0,1
2025-11-21,PRD018,Drenching Gun Dewormer,Veterinary,Agrovet,Bottle,15.0,-6.0,0,42,51,480,650.0,Interchemie Kenya,nairobi,4,8,0,0
2025-07-18,PRD016,Maize Seed 2kg,Seeds,Agrovet,PACK,37.0,6.0,1,0,30,380,520.0,Kenya Seed Company,Nakurru,5,15,0,0
2025-02-04,PRD004,  KCC Butter 250g  ,Dairy,Mini Supermarket,piece,86.0,9.0,2,0,75,210,260.0,Brookside Dairy Ltd,kiambu,2,15,0,0
2025-05-18,PRD016,Maize Seed 2kg,Seeds,Agrovet,PACK,93.0,7.0,2,30,114,380,520.0,Kenya Seed Company,Nakurru,5,15,0,1
2024-07-31,PRD008,Royco Mchuzi Mix 75g,Seasonings,Mini Supermarket,Pack,56.0,37.0,3,31,47,42,55.0,Unilever Kenya,nairobi,3,35,0,0
2024-05-20,PRD018,Drenching Gun Dewormer,Veterinary,Agrovet,BOTTLE,98.0,15.0,3,0,80,480,650.0,Interchemie Kenya,nairobi,4,8,0,0
2025-11-01,PRD013,Malaria RDT Kit,Diagnostics,Pharmacy,PCS,11.0,1.0,3,0,7,120,200.0,Medipharm Ltd,Nairobi ,4,25,0,1
2025-01-30,PRD019,Infinix Charger 33W,Accessories,Electronics,PCS,94.0,21.0,0,0,73,380,650.0,Luthuli Ave Wholesale,NAIROBI,2,10,0,0
2024-03-24,PRD006,Salit Sugar 1kg,Sugar & Spices,Mini Supermarket,Bag ,35.0,14.0,2,0,19,135,160.0,Mumias Sugar Distributor,Kisumu,5,30,0,1
2024-07-07,PRD009,Paracetamol 500mg x10,Analgesics,Pharmacy,Strips,32.0,4.0,2,0,33,18,30.0,Shelys Pharmaceuticals,Nairobi ,2,60,0,1
2025-10-26,PRD013,Malaria RDT Kit,Diagnostics,Pharmacy,PCS,56.0,21.0,0,0,35,120,200.0,Medipharm Ltd,Nairobi ,4,25,0,1
